family,category_id,baseline_rank,rank_p025,rank_median,rank_p975,top20_fraction
core,N0001,452.0,442.0,453.0,461.0,0.0
core,N0002,490.0,490.0,491.0,492.0,0.0
core,N0003,309.0,295.0,310.0,322.0,0.0
core,N0004,382.0,369.0,383.0,395.52499999999986,0.0
core,N0005,398.0,381.0,398.0,410.0,0.0
core,N0006,195.0,180.0,195.0,214.52499999999986,0.0
core,N0007,6.0,4.0,6.0,6.0,1.0
core,N0008,37.0,32.0,37.0,40.0,0.0
core,N0009,215.0,199.0,214.0,239.0,0.0
core,N0010,454.0,444.0,455.0,463.0,0.0
core,N0011,319.0,307.0,318.0,326.0,0.0
core,N0012,496.0,495.0,496.0,496.0,0.0
core,N0013,13.0,12.0,13.0,14.0,1.0
core,N0014,493.0,491.0,493.0,494.0,0.0
core,N0015,239.0,229.0,239.0,254.0,0.0
core,N0016,157.0,146.0,157.0,171.0,0.0
core,N0017,198.0,191.0,198.0,208.0,0.0
core,N0018,387.0,380.0,387.0,391.0,0.0
core,N0019,17.0,15.0,17.0,19.0,1.0
core,N0020,354.0,342.0,354.0,362.0,0.0
core,N0021,7.0,7.0,7.0,8.0,1.0
core,N0022,333.0,322.0,333.0,345.0,0.0
core,N0023,362.0,360.0,362.0,363.0,0.0
core,N0024,383.0,365.0,384.0,400.0,0.0
core,N0025,126.0,118.0,126.0,137.0,0.0
core,N0026,322.0,311.0,322.0,332.0,0.0
core,N0027,200.0,193.0,200.0,215.0,0.0
core,N0028,212.0,201.0,213.0,224.0,0.0
core,N0029,389.0,374.0,387.0,398.0,0.0
core,N0030,169.0,157.0,169.0,178.0,0.0
core,N0031,245.0,237.0,245.0,252.0,0.0
core,N0032,162.0,148.0,164.0,173.0,0.0
core,N0033,11.0,10.0,11.0,11.0,1.0
core,N0034,114.0,108.0,114.0,122.0,0.0
core,N0035,326.0,314.0,326.0,334.0,0.0
core,N0036,330.0,324.0,329.0,334.0,0.0
core,N0037,39.0,35.0,39.0,41.0,0.0
core,N0038,62.0,47.0,62.0,77.0,0.0
core,N0039,172.0,159.0,172.0,181.52499999999986,0.0
core,N0040,283.0,278.0,282.0,287.0,0.0
core,N0041,58.0,53.0,58.0,64.0,0.0
core,N0042,431.0,415.0,431.0,449.0,0.0
core,N0043,80.0,72.0,78.0,82.0,0.0
core,N0044,271.0,266.0,272.0,279.0,0.0
core,N0045,470.0,467.0,470.0,472.0,0.0
core,N0046,218.0,213.0,218.0,224.0,0.0
core,N0047,123.0,107.0,122.0,133.0,0.0
core,N0048,366.0,364.0,366.0,371.0,0.0
core,N0049,433.0,412.0,433.0,452.0,0.0
core,N0050,31.0,29.0,31.0,37.0,0.0
core,N0051,406.0,404.0,406.0,408.0,0.0
core,N0052,492.0,490.0,491.0,492.0,0.0
core,N0053,151.0,140.0,150.0,164.0,0.0
core,N0054,243.0,237.0,244.0,253.0,0.0
core,N0055,486.0,483.0,486.0,486.0,0.0
core,N0056,450.0,434.0,450.0,464.0,0.0
core,N0057,429.0,425.0,429.0,431.0,0.0
core,N0058,251.0,243.0,249.0,254.0,0.0
core,N0059,415.0,411.0,415.0,420.0,0.0
core,N0060,52.0,49.0,53.0,61.0,0.0
core,N0061,42.0,41.0,43.0,44.0,0.0
core,N0062,119.0,108.0,119.0,126.0,0.0
core,N0063,54.0,49.0,55.0,61.0,0.0
core,N0064,21.0,20.0,22.0,24.0,0.06933333333333333
core,N0065,183.0,182.0,185.0,189.0,0.0
core,N0066,320.0,314.0,320.0,326.0,0.0
core,N0067,307.0,296.0,308.0,321.0,0.0
core,N0068,140.0,128.0,139.0,150.0,0.0
core,N0069,499.0,499.0,499.0,499.0,0.0
core,N0070,27.0,21.0,27.0,31.0,0.004666666666666667
core,N0071,288.0,269.0,289.0,304.0,0.0
core,N0072,487.0,486.0,487.0,487.0,0.0
core,N0073,483.0,481.0,483.0,485.0,0.0
core,N0074,419.0,408.0,419.0,432.52499999999986,0.0
core,N0075,439.0,436.0,440.0,444.0,0.0
core,N0076,247.0,243.0,247.0,251.0,0.0
core,N0077,46.0,41.0,46.0,53.0,0.0
core,N0078,117.0,103.0,117.0,131.0,0.0
core,N0079,363.0,356.0,364.0,369.0,0.0
core,N0080,460.0,449.0,460.0,462.0,0.0
core,N0081,92.0,82.0,93.0,106.0,0.0
core,N0082,161.0,146.0,161.0,171.0,0.0
core,N0083,84.0,71.0,84.0,92.0,0.0
core,N0084,85.0,68.0,84.0,94.0,0.0
core,N0085,400.0,383.0,400.0,411.0,0.0
core,N0086,137.0,125.0,136.0,150.0,0.0
core,N0087,276.0,265.0,275.0,286.0,0.0
core,N0088,213.0,204.0,213.0,220.0,0.0
core,N0089,407.0,407.0,409.0,414.0,0.0
core,N0090,357.0,340.0,356.0,365.0,0.0
core,N0091,497.0,497.0,497.0,497.0,0.0
core,N0092,49.0,46.0,49.0,52.0,0.0
core,N0093,456.0,444.0,456.0,461.0,0.0
core,N0094,106.0,104.0,106.0,120.52499999999986,0.0
core,N0095,300.0,291.0,300.0,310.0,0.0
core,N0096,378.0,368.0,379.0,390.0,0.0
core,N0097,176.0,172.0,175.0,178.0,0.0
core,N0098,423.0,413.0,422.0,428.0,0.0
core,N0099,455.0,447.0,454.0,459.0,0.0
core,N0100,457.0,447.0,455.0,462.0,0.0
core,N0101,318.0,302.0,318.0,333.0,0.0
core,N0102,61.0,52.0,61.0,69.0,0.0
core,N0103,381.0,371.0,382.0,390.0,0.0
core,N0104,451.0,446.0,451.0,456.0,0.0
core,N0105,396.0,394.0,398.0,403.0,0.0
core,N0106,367.0,365.0,367.0,374.0,0.0
core,N0107,131.0,126.0,132.0,139.0,0.0
core,N0108,447.0,442.0,447.0,450.0,0.0
core,N0109,224.0,216.0,222.0,229.0,0.0
core,N0110,134.0,127.0,134.0,143.0,0.0
core,N0111,150.0,138.0,151.0,171.0,0.0
core,N0112,173.0,166.0,172.0,177.0,0.0
core,N0113,120.0,102.0,119.0,133.0,0.0
core,N0114,278.0,261.0,276.0,290.0,0.0
core,N0115,78.0,70.0,77.0,83.0,0.0
core,N0116,428.0,417.0,428.0,437.0,0.0
core,N0117,179.0,175.475,181.0,186.0,0.0
core,N0118,77.0,72.0,76.0,79.0,0.0
core,N0119,65.0,62.0,65.0,68.52499999999986,0.0
core,N0120,133.0,114.0,133.0,153.0,0.0
core,N0121,40.0,40.0,41.0,43.0,0.0
core,N0122,325.0,317.0,325.0,328.0,0.0
core,N0123,51.0,49.0,51.0,55.0,0.0
core,N0124,120.0,111.0,119.0,124.0,0.0
core,N0125,205.0,196.0,206.0,216.0,0.0
core,N0126,34.0,34.0,35.0,36.0,0.0
core,N0127,336.0,325.0,337.0,353.0,0.0
core,N0128,93.0,88.0,93.0,103.0,0.0
core,N0129,303.0,298.0,303.0,309.52499999999986,0.0
core,N0130,424.0,415.0,424.0,433.0,0.0
core,N0131,203.0,195.0,203.0,221.0,0.0
core,N0132,448.0,441.0,448.0,454.0,0.0
core,N0133,265.0,256.0,264.0,272.0,0.0
core,N0134,294.0,283.475,294.0,302.0,0.0
core,N0135,402.0,399.0,402.0,404.0,0.0
core,N0136,344.0,332.0,344.0,355.0,0.0
core,N0137,149.0,144.0,151.0,159.0,0.0
core,N0138,89.0,74.0,89.0,98.0,0.0
core,N0139,266.0,257.0,265.0,278.0,0.0
core,N0140,438.0,422.0,437.0,453.0,0.0
core,N0141,329.0,317.0,329.0,337.52499999999986,0.0
core,N0142,422.0,409.0,421.0,434.0,0.0
core,N0143,41.0,39.0,42.0,46.0,0.0
core,N0144,236.0,218.0,235.0,249.0,0.0
core,N0145,299.0,296.0,300.0,307.0,0.0
core,N0146,55.0,53.0,56.0,59.0,0.0
core,N0147,4.0,3.0,4.0,5.0,1.0
core,N0148,372.0,370.0,372.0,379.0,0.0
core,N0149,233.0,223.0,234.0,242.0,0.0
core,N0150,404.0,398.0,403.0,414.0,0.0
core,N0151,391.0,382.0,390.0,395.0,0.0
core,N0152,485.0,484.0,485.0,486.0,0.0
core,N0153,412.0,408.0,412.0,421.0,0.0
core,N0154,315.0,305.0,315.0,327.0,0.0
core,N0155,175.0,162.0,174.0,181.0,0.0
core,N0156,73.0,67.0,72.0,79.0,0.0
core,N0157,204.0,200.0,205.0,211.0,0.0
core,N0158,488.0,488.0,488.0,488.0,0.0
core,N0159,427.0,412.0,427.0,442.0,0.0
core,N0160,14.0,13.0,15.0,20.0,0.9973333333333333
core,N0161,87.0,80.0,87.0,92.0,0.0
core,N0162,128.0,120.0,128.0,137.0,0.0
core,N0163,244.0,235.0,244.0,253.0,0.0
core,N0164,207.0,192.0,206.0,220.0,0.0
core,N0165,186.0,177.0,186.0,198.0,0.0
core,N0166,20.0,15.0,20.0,26.0,0.6766666666666666
core,N0167,409.0,402.0,409.0,425.52499999999986,0.0
core,N0168,356.0,354.0,357.0,358.0,0.0
core,N0169,53.0,50.0,55.0,60.0,0.0
core,N0170,22.0,19.0,22.0,25.524999999999864,0.10933333333333334
core,N0171,122.0,105.0,122.0,135.0,0.0
core,N0172,8.0,7.0,8.0,8.0,1.0
core,N0173,340.0,328.0,340.0,354.0,0.0
core,N0174,477.0,472.0,477.0,478.0,0.0
core,N0175,48.0,45.0,48.0,55.0,0.0
core,N0176,351.0,344.0,350.0,352.0,0.0
core,N0177,258.0,254.0,257.0,260.0,0.0
core,N0178,419.0,406.0,419.0,432.0,0.0
core,N0179,160.0,155.0,160.0,164.0,0.0
core,N0180,152.0,136.0,152.0,163.0,0.0
core,N0181,268.0,258.475,268.0,282.0,0.0
core,N0182,375.0,365.0,377.0,387.0,0.0
core,N0183,10.0,9.0,10.0,11.0,1.0
core,N0184,284.0,278.0,284.0,286.0,0.0
core,N0185,238.0,233.0,238.0,243.0,0.0
core,N0186,129.0,111.0,128.0,145.0,0.0
core,N0187,482.0,481.0,482.0,484.0,0.0
core,N0188,491.0,490.0,491.0,493.0,0.0
core,N0189,75.0,68.0,75.0,87.0,0.0
core,N0190,370.0,368.0,370.5,377.0,0.0
core,N0191,44.0,39.0,43.0,51.0,0.0
core,N0192,217.0,207.0,217.0,231.52499999999986,0.0
core,N0193,60.0,48.0,60.0,73.0,0.0
core,N0194,112.0,108.0,113.0,124.0,0.0
core,N0195,38.0,36.0,38.0,38.0,0.0
core,N0196,259.0,243.0,258.0,269.0,0.0
core,N0197,144.0,135.0,145.0,158.0,0.0
core,N0198,375.0,375.0,378.0,380.0,0.0
core,N0199,297.0,292.0,296.0,302.0,0.0
core,N0200,403.0,399.0,403.0,411.0,0.0
core,N0201,346.0,340.0,346.0,352.0,0.0
core,N0202,125.0,123.0,125.0,129.0,0.0
core,N0203,124.0,112.0,124.0,135.0,0.0
core,N0204,70.0,65.0,72.0,81.0,0.0
core,N0205,86.0,82.0,85.0,87.0,0.0
core,N0206,184.0,176.0,184.0,196.0,0.0
core,N0207,500.0,500.0,500.0,500.0,0.0
core,N0208,163.0,155.0,164.0,170.0,0.0
core,N0209,260.0,252.0,260.0,264.0,0.0
core,N0210,159.0,140.0,159.0,173.0,0.0
core,N0211,76.0,63.0,76.0,88.0,0.0
core,N0212,463.0,456.0,463.0,465.0,0.0
core,N0213,237.0,233.0,238.0,244.0,0.0
core,N0214,282.0,278.0,281.0,285.0,0.0
core,N0215,193.0,189.0,193.0,196.0,0.0
core,N0216,231.0,220.0,231.0,239.0,0.0
core,N0217,132.0,121.0,132.0,145.0,0.0
core,N0218,498.0,498.0,498.0,498.0,0.0
core,N0219,68.0,64.0,71.0,82.0,0.0
core,N0220,246.0,229.0,246.0,259.0,0.0
core,N0221,148.0,130.0,150.0,165.0,0.0
core,N0222,74.0,71.0,75.0,80.0,0.0
core,N0223,418.0,405.0,419.0,436.0,0.0
core,N0224,261.0,254.0,261.0,271.52499999999986,0.0
core,N0225,392.0,383.0,392.0,397.0,0.0
core,N0226,154.0,148.0,153.0,157.0,0.0
core,N0227,393.0,385.0,393.0,400.0,0.0
core,N0228,33.0,31.0,33.0,34.0,0.0
core,N0229,489.0,489.0,489.0,489.0,0.0
core,N0230,43.0,39.0,43.0,47.0,0.0
core,N0231,79.0,71.0,77.0,83.0,0.0
core,N0232,255.0,251.0,255.0,261.0,0.0
core,N0233,360.0,353.0,359.0,364.0,0.0
core,N0234,474.0,474.0,475.0,476.0,0.0
core,N0235,385.0,374.0,384.0,393.0,0.0
core,N0236,459.0,440.0,459.0,464.0,0.0
core,N0237,314.0,311.0,314.0,319.0,0.0
core,N0238,317.0,313.0,317.0,323.0,0.0
core,N0239,361.0,357.0,361.0,363.0,0.0
core,N0240,384.0,374.0,384.0,393.0,0.0
core,N0241,342.0,340.0,343.0,348.0,0.0
core,N0242,467.0,463.0,467.0,468.0,0.0
core,N0243,3.0,3.0,3.0,4.0,1.0
core,N0244,25.0,23.0,25.0,28.0,0.0
core,N0245,390.0,385.0,389.0,393.0,0.0
core,N0246,45.0,44.0,45.0,46.0,0.0
core,N0247,242.0,235.0,243.0,251.0,0.0
core,N0248,168.0,162.0,167.0,171.0,0.0
core,N0249,309.0,296.0,310.0,321.0,0.0
core,N0250,127.0,112.0,128.0,142.0,0.0
core,N0251,111.0,107.0,113.0,120.0,0.0
core,N0252,189.0,181.0,189.0,197.0,0.0
core,N0253,425.0,419.0,424.0,428.0,0.0
core,N0254,70.0,68.0,71.0,82.0,0.0
core,N0255,97.0,89.0,98.0,104.0,0.0
core,N0256,81.0,76.0,80.0,83.0,0.0
core,N0257,171.0,153.0,170.0,184.0,0.0
core,N0258,221.0,205.0,221.0,231.0,0.0
core,N0259,165.0,153.0,165.0,175.0,0.0
core,N0260,335.0,323.0,336.0,350.0,0.0
core,N0261,408.0,392.0,408.0,426.0,0.0
core,N0262,264.0,257.0,264.0,276.0,0.0
core,N0263,147.0,131.0,147.0,159.0,0.0
core,N0264,12.0,12.0,12.0,14.0,1.0
core,N0265,82.0,70.0,83.0,92.0,0.0
core,N0266,471.0,469.0,471.0,473.0,0.0
core,N0267,208.0,203.0,207.0,213.0,0.0
core,N0268,16.0,14.0,16.0,17.0,1.0
core,N0269,36.0,31.0,36.0,39.0,0.0
core,N0270,273.0,269.0,274.0,279.0,0.0
core,N0271,328.0,319.0,327.0,331.52499999999986,0.0
core,N0272,91.0,86.0,90.0,96.0,0.0
core,N0273,331.0,329.0,332.0,335.0,0.0
core,N0274,197.0,189.0,196.0,203.0,0.0
core,N0275,96.0,91.0,97.0,105.0,0.0
core,N0276,116.0,110.0,115.0,123.0,0.0
core,N0277,138.0,130.0,138.0,148.0,0.0
core,N0278,141.0,129.0,141.0,155.0,0.0
core,N0279,289.0,284.0,290.0,294.0,0.0
core,N0280,185.0,181.0,186.0,191.0,0.0
core,N0281,435.0,418.0,434.0,450.0,0.0
core,N0282,352.0,337.0,352.0,358.0,0.0
core,N0283,196.0,185.0,195.0,206.0,0.0
core,N0284,214.0,198.0,214.0,228.0,0.0
core,N0285,359.0,352.0,358.0,364.0,0.0
core,N0286,305.0,298.0,304.0,308.0,0.0
core,N0287,59.0,55.0,59.0,61.0,0.0
core,N0288,156.0,148.0,155.0,163.0,0.0
core,N0289,453.0,447.0,454.0,457.0,0.0
core,N0290,296.0,288.0,296.0,311.0,0.0
core,N0291,306.0,296.0,303.5,310.0,0.0
core,N0292,26.0,22.0,27.0,30.0,0.0
core,N0293,181.0,167.0,181.0,191.0,0.0
core,N0294,177.0,167.0,176.0,180.0,0.0
core,N0295,347.0,331.0,346.0,358.0,0.0
core,N0296,276.0,271.0,276.0,280.0,0.0
core,N0297,250.0,242.0,249.0,254.0,0.0
core,N0298,484.0,483.0,484.0,486.0,0.0
core,N0299,190.0,180.0,191.0,203.0,0.0
core,N0300,100.0,93.0,99.0,103.0,0.0
core,N0301,272.0,265.0,274.0,283.0,0.0
core,N0302,380.0,369.0,381.0,394.0,0.0
core,N0303,158.0,151.0,158.0,166.52499999999986,0.0
core,N0304,445.0,434.0,444.0,455.0,0.0
core,N0305,68.0,61.0,70.0,86.0,0.0
core,N0306,338.0,331.0,337.0,351.0,0.0
core,N0307,178.0,164.475,178.0,184.0,0.0
core,N0308,444.0,434.475,443.0,452.0,0.0
core,N0309,291.0,285.475,291.0,294.0,0.0
core,N0310,170.0,159.475,170.0,179.0,0.0
core,N0311,275.0,266.0,275.0,284.0,0.0
core,N0312,155.0,145.0,154.0,160.0,0.0
core,N0313,235.0,217.0,235.0,253.0,0.0
core,N0314,394.0,389.0,394.0,398.0,0.0
core,N0315,1.0,1.0,1.0,1.0,1.0
core,N0316,67.0,61.0,66.0,71.0,0.0
core,N0317,281.0,264.475,281.0,292.0,0.0
core,N0318,432.0,420.0,432.0,443.0,0.0
core,N0319,136.0,127.0,136.0,146.0,0.0
core,N0320,5.0,4.0,5.0,6.0,1.0
core,N0321,365.0,359.0,365.0,378.0,0.0
core,N0322,32.0,28.0,32.0,38.0,0.0
core,N0323,466.0,458.0,466.0,469.0,0.0
core,N0324,226.0,215.0,226.0,233.0,0.0
core,N0325,57.0,50.0,57.0,65.0,0.0
core,N0326,234.0,220.0,234.0,245.0,0.0
core,N0327,164.0,154.0,164.0,177.0,0.0
core,N0328,434.0,430.0,434.0,437.0,0.0
core,N0329,285.0,277.0,285.0,293.0,0.0
core,N0330,479.0,477.0,479.0,480.0,0.0
core,N0331,18.0,13.0,18.0,21.0,0.962
core,N0332,103.0,88.0,103.0,123.0,0.0
core,N0333,401.0,387.0,400.0,408.0,0.0
core,N0334,139.0,132.0,138.0,142.0,0.0
core,N0335,28.0,21.0,27.0,31.0,0.004666666666666667
core,N0336,494.0,493.0,494.0,494.0,0.0
core,N0337,146.0,139.0,145.0,153.0,0.0
core,N0338,440.0,437.0,440.0,444.0,0.0
core,N0339,192.0,183.0,193.0,200.0,0.0
core,N0340,368.0,366.0,368.0,372.0,0.0
core,N0341,474.0,474.0,475.0,476.0,0.0
core,N0342,395.0,393.0,396.0,400.0,0.0
core,N0343,105.0,95.0,104.0,122.0,0.0
core,N0344,153.0,132.0,152.0,169.0,0.0
core,N0345,341.0,338.0,342.0,347.0,0.0
core,N0346,145.0,135.0,145.0,150.0,0.0
core,N0347,364.0,361.0,364.0,365.0,0.0
core,N0348,180.0,171.0,180.0,192.0,0.0
core,N0349,232.0,217.0,231.0,243.0,0.0
core,N0350,201.0,194.0,202.0,211.0,0.0
core,N0351,344.0,339.0,344.0,349.0,0.0
core,N0352,166.0,160.0,165.0,170.0,0.0
core,N0353,323.0,304.475,324.0,337.0,0.0
core,N0354,118.0,108.0,117.0,124.0,0.0
core,N0355,468.0,466.0,468.0,471.0,0.0
core,N0356,339.0,334.0,338.0,346.0,0.0
core,N0357,416.0,413.0,416.0,421.0,0.0
core,N0358,321.0,315.0,320.0,327.0,0.0
core,N0359,469.0,465.0,469.0,472.0,0.0
core,N0360,473.0,468.0,472.0,476.0,0.0
core,N0361,270.0,269.0,273.0,276.0,0.0
core,N0362,23.0,18.0,23.0,30.0,0.21066666666666667
core,N0363,350.0,338.0,350.0,356.0,0.0
core,N0364,88.0,81.0,88.0,96.0,0.0
core,N0365,63.0,55.0,63.0,68.52499999999986,0.0
core,N0366,98.0,94.0,98.0,100.0,0.0
core,N0367,349.0,336.0,349.0,356.0,0.0
core,N0368,290.0,286.0,290.0,294.0,0.0
core,N0369,263.0,248.0,263.0,276.0,0.0
core,N0370,223.0,212.475,223.0,230.0,0.0
core,N0371,220.0,214.0,219.0,226.0,0.0
core,N0372,187.0,182.0,187.0,192.0,0.0
core,N0373,228.0,223.0,229.0,234.0,0.0
core,N0374,227.0,221.0,228.0,234.0,0.0
core,N0375,182.0,173.0,181.0,189.0,0.0
core,N0376,99.0,93.0,98.0,103.0,0.0
core,N0377,426.0,422.0,427.0,430.0,0.0
core,N0378,371.0,364.0,370.0,379.0,0.0
core,N0379,478.0,477.0,479.0,480.0,0.0
core,N0380,83.0,79.0,84.0,87.52499999999986,0.0
core,N0381,142.0,137.0,142.0,148.0,0.0
core,N0382,15.0,14.0,15.0,20.0,0.998
core,N0383,373.0,370.0,374.0,378.0,0.0
core,N0384,222.0,212.0,221.0,231.0,0.0
core,N0385,240.0,234.0,240.0,248.0,0.0
core,N0386,374.0,367.0,374.0,389.0,0.0
core,N0387,247.0,233.0,247.0,259.52499999999986,0.0
core,N0388,256.0,248.0,256.0,266.0,0.0
core,N0389,101.0,92.0,101.0,108.0,0.0
core,N0390,436.0,429.0,435.0,439.0,0.0
core,N0391,110.0,106.0,112.0,122.0,0.0
core,N0392,414.0,404.0,414.0,425.0,0.0
core,N0393,472.0,470.0,472.0,473.0,0.0
core,N0394,481.0,479.0,481.0,483.0,0.0
core,N0395,298.0,290.0,298.0,314.0,0.0
core,N0396,257.0,242.0,257.0,267.0,0.0
core,N0397,279.0,266.0,278.0,286.0,0.0
core,N0398,397.0,394.0,398.0,404.0,0.0
core,N0399,95.0,91.0,95.0,98.0,0.0
core,N0400,437.0,423.0,438.0,451.0,0.0
core,N0401,274.0,263.475,274.0,283.0,0.0
core,N0402,90.0,86.0,91.0,98.0,0.0
core,N0403,47.0,46.0,47.0,50.0,0.0
core,N0404,267.0,264.0,268.0,275.0,0.0
core,N0405,337.0,334.0,337.0,344.0,0.0
core,N0406,252.0,245.0,253.0,259.0,0.0
core,N0407,191.0,185.0,192.0,199.0,0.0
core,N0408,293.0,282.0,292.0,308.0,0.0
core,N0409,304.0,295.0,303.0,312.0,0.0
core,N0410,353.0,346.0,353.0,355.0,0.0
core,N0411,130.0,117.0,131.0,144.0,0.0
core,N0412,358.0,347.0,358.0,371.0,0.0
core,N0413,410.0,402.0,411.0,431.0,0.0
core,N0414,443.0,428.0,443.0,455.0,0.0
core,N0415,464.0,455.0,464.0,469.0,0.0
core,N0416,379.0,378.0,380.0,383.0,0.0
core,N0417,2.0,2.0,2.0,2.0,1.0
core,N0418,312.0,298.0,311.0,323.0,0.0
core,N0419,230.0,218.0,230.0,237.0,0.0
core,N0420,465.0,465.0,465.0,467.52499999999986,0.0
core,N0421,476.0,474.0,476.0,479.0,0.0
core,N0422,253.0,242.0,253.0,264.0,0.0
core,N0423,262.0,258.0,262.0,266.0,0.0
core,N0424,29.0,25.0,27.0,29.0,0.0
core,N0425,287.0,284.0,288.0,295.0,0.0
core,N0426,421.0,412.0,420.0,425.0,0.0
core,N0427,495.0,495.0,495.0,496.0,0.0
core,N0428,292.0,271.0,292.0,309.0,0.0
core,N0429,462.0,457.0,462.0,464.0,0.0
core,N0430,113.0,99.0,114.0,133.0,0.0
core,N0431,324.0,315.0,324.0,329.0,0.0
core,N0432,94.0,85.0,94.0,100.0,0.0
core,N0433,355.0,349.0,356.0,365.0,0.0
core,N0434,327.0,317.0,327.0,333.0,0.0
core,N0435,458.0,449.475,456.0,458.0,0.0
core,N0436,241.0,232.0,241.0,251.0,0.0
core,N0437,449.0,438.0,449.0,460.0,0.0
core,N0438,209.0,208.0,211.0,218.0,0.0
core,N0439,199.0,193.0,198.0,203.0,0.0
core,N0440,102.0,100.0,102.0,105.0,0.0
core,N0441,332.0,325.0,333.0,340.0,0.0
core,N0442,188.0,184.0,187.0,189.0,0.0
core,N0443,107.0,102.0,108.0,126.0,0.0
core,N0444,369.0,358.0,369.0,385.0,0.0
core,N0445,308.0,307.0,309.0,312.0,0.0
core,N0446,135.0,121.0,136.0,152.0,0.0
core,N0447,24.0,22.0,25.0,28.0,0.0026666666666666666
core,N0448,301.0,291.0,302.0,315.0,0.0
core,N0449,269.0,262.0,271.0,284.0,0.0
core,N0450,442.0,438.0,442.0,447.0,0.0
core,N0451,210.0,202.0,211.0,226.0,0.0
core,N0452,254.0,242.0,255.0,268.0,0.0
core,N0453,66.0,61.0,66.0,71.0,0.0
core,N0454,480.0,477.0,480.0,482.0,0.0
core,N0455,313.0,299.0,313.0,324.0,0.0
core,N0456,174.0,168.0,173.0,176.0,0.0
core,N0457,249.0,234.0,248.0,259.0,0.0
core,N0458,386.0,372.0,384.0,395.0,0.0
core,N0459,216.0,203.0,215.0,226.0,0.0
core,N0460,405.0,399.0,405.0,417.0,0.0
core,N0461,286.0,279.0,286.0,299.0,0.0
core,N0462,219.0,213.0,219.0,224.0,0.0
core,N0463,143.0,134.475,143.0,150.0,0.0
core,N0464,334.0,330.0,335.0,342.52499999999986,0.0
core,N0465,343.0,341.0,344.0,348.0,0.0
core,N0466,280.0,267.0,279.0,291.0,0.0
core,N0467,430.0,429.0,432.0,435.0,0.0
core,N0468,9.0,9.0,9.0,10.0,1.0
core,N0469,104.0,91.0,103.0,120.0,0.0
core,N0470,50.0,47.0,50.0,56.0,0.0
core,N0471,311.0,305.0,311.0,316.0,0.0
core,N0472,388.0,381.0,386.0,392.0,0.0
core,N0473,64.0,57.0,64.0,75.0,0.0
core,N0474,30.0,25.0,30.0,34.0,0.0
core,N0475,441.0,432.0,441.0,450.0,0.0
core,N0476,108.0,106.0,110.0,118.0,0.0
core,N0477,211.0,204.0,212.0,228.0,0.0
core,N0478,413.0,395.0,414.0,434.0,0.0
core,N0479,377.0,372.0,377.0,386.0,0.0
core,N0480,56.0,47.0,57.0,65.0,0.0
core,N0481,316.0,307.0,317.0,325.0,0.0
core,N0482,348.0,344.0,348.0,351.0,0.0
core,N0483,229.0,210.0,229.0,240.0,0.0
core,N0484,19.0,16.0,19.0,21.0,0.9646666666666667
core,N0485,202.0,199.0,202.0,207.0,0.0
core,N0486,205.0,199.0,206.0,211.0,0.0
core,N0487,411.0,403.0,410.0,421.0,0.0
core,N0488,72.0,66.0,72.0,87.0,0.0
core,N0489,461.0,452.0,460.0,463.0,0.0
core,N0490,115.0,108.0,116.0,122.0,0.0
core,N0491,399.0,394.0,398.0,408.0,0.0
core,N0492,295.0,285.0,295.0,313.0,0.0
core,N0493,35.0,30.0,35.0,37.0,0.0
core,N0494,225.0,213.0,226.0,238.0,0.0
core,N0495,194.0,180.0,193.0,209.0,0.0
core,N0496,167.0,154.0,166.0,179.0,0.0
core,N0497,301.0,297.0,303.0,309.0,0.0
core,N0498,446.0,430.0,446.0,460.0,0.0
core,N0499,109.0,105.0,111.0,118.0,0.0
core,N0500,417.0,415.0,418.0,420.52499999999986,0.0
emerging,N0001,439.0,433.0,439.0,443.0,0.0
emerging,N0002,406.0,400.0,405.0,408.0,0.0
emerging,N0003,302.0,296.0,302.0,309.0,0.0
emerging,N0004,499.0,499.0,499.0,499.0,0.0
emerging,N0005,500.0,500.0,500.0,500.0,0.0
emerging,N0006,472.0,469.0,471.0,474.0,0.0
emerging,N0007,194.0,191.0,194.0,197.0,0.0
emerging,N0008,414.0,413.0,415.0,418.0,0.0
emerging,N0009,484.0,483.0,484.0,484.0,0.0
emerging,N0010,201.0,189.0,201.5,210.0,0.0
emerging,N0011,471.0,470.0,471.0,473.0,0.0
emerging,N0012,470.0,465.0,471.0,474.0,0.0
emerging,N0013,136.0,121.0,136.0,149.0,0.0
emerging,N0014,463.0,461.0,463.0,466.0,0.0
emerging,N0015,423.0,420.0,423.0,425.0,0.0
emerging,N0016,54.0,51.0,54.0,57.0,0.0
emerging,N0017,280.0,275.0,280.0,285.0,0.0
emerging,N0018,315.0,308.0,315.0,319.0,0.0
emerging,N0019,237.0,236.0,238.0,241.52499999999986,0.0
emerging,N0020,380.0,377.0,380.0,385.0,0.0
emerging,N0021,318.0,308.0,318.0,321.0,0.0
emerging,N0022,381.0,379.0,381.0,385.0,0.0
emerging,N0023,336.0,330.0,336.0,343.0,0.0
emerging,N0024,497.0,496.0,497.0,497.0,0.0
emerging,N0025,214.0,206.0,214.0,227.0,0.0
emerging,N0026,479.0,478.0,479.0,481.0,0.0
emerging,N0027,271.0,263.475,270.0,277.0,0.0
emerging,N0028,163.0,155.475,164.0,177.0,0.0
emerging,N0029,257.0,253.0,257.0,261.0,0.0
emerging,N0030,368.0,363.0,369.0,374.0,0.0
emerging,N0031,345.0,342.0,345.0,347.0,0.0
emerging,N0032,27.0,26.0,27.0,28.0,0.0
emerging,N0033,270.0,263.0,269.0,275.0,0.0
emerging,N0034,233.0,230.0,232.0,239.0,0.0
emerging,N0035,70.0,65.0,70.0,74.0,0.0
emerging,N0036,474.0,473.0,474.0,475.0,0.0
emerging,N0037,201.0,199.0,201.0,207.0,0.0
emerging,N0038,127.0,121.0,127.0,136.0,0.0
emerging,N0039,264.0,261.0,263.0,266.0,0.0
emerging,N0040,143.0,133.0,143.0,150.0,0.0
emerging,N0041,321.0,317.0,321.0,325.0,0.0
emerging,N0042,308.0,287.0,307.5,329.0,0.0
emerging,N0043,290.0,282.0,289.0,294.0,0.0
emerging,N0044,358.0,349.0,359.0,367.0,0.0
emerging,N0045,431.0,428.0,431.0,433.0,0.0
emerging,N0046,159.0,148.0,159.0,178.0,0.0
emerging,N0047,300.0,296.0,300.0,304.0,0.0
emerging,N0048,338.0,331.0,337.0,342.0,0.0
emerging,N0049,464.0,463.0,464.0,464.0,0.0
emerging,N0050,360.0,354.0,360.0,369.0,0.0
emerging,N0051,183.0,170.0,184.0,198.0,0.0
emerging,N0052,403.0,393.0,403.0,411.0,0.0
emerging,N0053,177.0,171.0,178.0,185.0,0.0
emerging,N0054,392.0,386.0,392.0,399.0,0.0
emerging,N0055,120.0,111.0,121.0,139.0,0.0
emerging,N0056,365.0,358.0,366.0,377.0,0.0
emerging,N0057,411.0,407.0,410.0,411.0,0.0
emerging,N0058,434.0,431.0,435.0,442.0,0.0
emerging,N0059,370.0,356.475,370.5,380.0,0.0
emerging,N0060,301.0,298.0,301.0,307.0,0.0
emerging,N0061,268.0,261.0,267.0,274.0,0.0
emerging,N0062,440.0,434.0,439.0,444.0,0.0
emerging,N0063,275.0,265.0,274.0,283.0,0.0
emerging,N0064,250.0,240.0,250.0,256.0,0.0
emerging,N0065,313.0,308.0,313.0,316.0,0.0
emerging,N0066,116.0,112.0,116.0,126.0,0.0
emerging,N0067,449.0,448.0,449.0,451.0,0.0
emerging,N0068,413.0,411.0,413.0,415.0,0.0
emerging,N0069,399.0,392.0,399.0,406.0,0.0
emerging,N0070,84.0,83.0,84.0,86.0,0.0
emerging,N0071,467.0,465.0,467.0,468.0,0.0
emerging,N0072,162.0,151.0,163.0,179.0,0.0
emerging,N0073,407.0,402.0,407.0,411.0,0.0
emerging,N0074,220.0,213.0,220.0,227.0,0.0
emerging,N0075,123.0,114.0,123.0,131.0,0.0
emerging,N0076,171.0,159.475,171.5,188.0,0.0
emerging,N0077,344.0,336.0,342.0,345.0,0.0
emerging,N0078,332.0,330.0,333.0,337.0,0.0
emerging,N0079,486.0,486.0,486.0,487.0,0.0
emerging,N0080,195.0,186.0,195.0,200.0,0.0
emerging,N0081,291.0,286.0,290.0,293.0,0.0
emerging,N0082,87.0,83.0,88.0,96.0,0.0
emerging,N0083,454.0,452.0,454.0,455.0,0.0
emerging,N0084,362.0,358.0,363.0,371.0,0.0
emerging,N0085,488.0,487.0,488.0,489.0,0.0
emerging,N0086,297.0,292.0,297.0,301.0,0.0
emerging,N0087,20.0,15.0,19.0,21.0,0.8766666666666667
emerging,N0088,109.0,101.0,110.0,124.0,0.0
emerging,N0089,114.0,108.0,113.0,117.0,0.0
emerging,N0090,111.0,103.0,111.0,124.0,0.0
emerging,N0091,17.0,15.0,18.0,21.0,0.9646666666666667
emerging,N0092,253.0,238.0,253.0,265.0,0.0
emerging,N0093,179.0,168.0,181.0,194.0,0.0
emerging,N0094,279.0,268.0,280.0,293.0,0.0
emerging,N0095,82.0,79.0,83.0,90.0,0.0
emerging,N0096,487.0,485.0,487.0,488.0,0.0
emerging,N0097,181.0,165.475,181.0,198.0,0.0
emerging,N0098,498.0,498.0,498.0,498.0,0.0
emerging,N0099,289.0,282.0,287.0,294.52499999999986,0.0
emerging,N0100,495.0,495.0,496.0,496.0,0.0
emerging,N0101,26.0,23.0,25.0,27.0,0.0
emerging,N0102,225.0,216.0,225.0,231.0,0.0
emerging,N0103,45.0,36.475,45.0,52.0,0.0
emerging,N0104,481.0,478.0,481.0,481.0,0.0
emerging,N0105,267.0,253.0,265.0,279.0,0.0
emerging,N0106,152.0,146.0,152.0,158.0,0.0
emerging,N0107,309.0,304.0,309.0,316.0,0.0
emerging,N0108,375.0,370.0,373.0,376.0,0.0
emerging,N0109,118.0,118.0,120.0,127.0,0.0
emerging,N0110,276.0,266.0,276.0,282.0,0.0
emerging,N0111,216.0,212.0,216.0,223.0,0.0
emerging,N0112,295.0,292.0,295.0,299.0,0.0
emerging,N0113,180.0,168.0,181.0,194.52499999999986,0.0
emerging,N0114,209.0,186.0,208.5,217.0,0.0
emerging,N0115,103.0,100.0,103.0,105.0,0.0
emerging,N0116,388.0,383.0,387.0,391.0,0.0
emerging,N0117,443.0,439.0,442.0,446.0,0.0
emerging,N0118,387.0,381.0,387.0,392.0,0.0
emerging,N0119,239.0,230.0,240.0,250.0,0.0
emerging,N0120,468.0,465.0,468.0,470.0,0.0
emerging,N0121,158.0,157.0,159.0,161.0,0.0
emerging,N0122,260.0,252.0,262.0,276.0,0.0
emerging,N0123,391.0,385.0,392.0,396.0,0.0
emerging,N0124,254.0,248.0,253.0,256.0,0.0
emerging,N0125,317.0,306.0,316.0,321.0,0.0
emerging,N0126,287.0,281.0,288.0,296.0,0.0
emerging,N0127,4.0,4.0,4.0,5.0,1.0
emerging,N0128,422.0,420.475,422.0,426.0,0.0
emerging,N0129,405.0,401.0,404.0,409.0,0.0
emerging,N0130,154.0,149.0,155.0,164.0,0.0
emerging,N0131,135.0,133.0,135.0,138.0,0.0
emerging,N0132,448.0,445.0,448.0,448.0,0.0
emerging,N0133,93.0,86.0,93.0,98.0,0.0
emerging,N0134,76.0,69.0,76.0,82.0,0.0
emerging,N0135,94.0,85.0,94.0,101.0,0.0
emerging,N0136,442.0,434.0,441.0,446.0,0.0
emerging,N0137,329.0,321.0,329.0,341.0,0.0
emerging,N0138,25.0,23.0,25.0,26.0,0.0
emerging,N0139,298.0,289.0,298.0,304.0,0.0
emerging,N0140,478.0,475.0,478.0,481.0,0.0
emerging,N0141,483.0,483.0,483.0,484.0,0.0
emerging,N0142,494.0,494.0,494.0,494.0,0.0
emerging,N0143,458.0,457.0,458.0,462.0,0.0
emerging,N0144,459.0,456.0,459.0,460.0,0.0
emerging,N0145,369.0,362.0,369.0,375.0,0.0
emerging,N0146,79.0,76.0,79.0,83.0,0.0
emerging,N0147,228.0,225.0,228.0,231.0,0.0
emerging,N0148,348.0,345.0,348.0,351.0,0.0
emerging,N0149,477.0,477.0,477.0,478.0,0.0
emerging,N0150,480.0,478.0,480.0,481.0,0.0
emerging,N0151,383.0,381.0,383.0,387.0,0.0
emerging,N0152,40.0,32.0,40.0,48.0,0.0
emerging,N0153,248.0,242.0,247.0,256.0,0.0
emerging,N0154,326.0,318.0,325.0,331.0,0.0
emerging,N0155,44.0,40.0,45.0,49.0,0.0
emerging,N0156,140.0,129.0,139.0,148.0,0.0
emerging,N0157,145.0,137.0,145.0,149.0,0.0
emerging,N0158,278.0,268.0,279.0,287.52499999999986,0.0
emerging,N0159,232.0,217.0,231.0,245.0,0.0
emerging,N0160,19.0,15.0,18.0,22.0,0.836
emerging,N0161,249.0,243.0,248.0,255.0,0.0
emerging,N0162,451.0,450.0,451.0,452.0,0.0
emerging,N0163,23.0,22.0,23.0,25.0,0.0
emerging,N0164,379.0,375.0,378.0,381.0,0.0
emerging,N0165,72.0,68.0,70.0,73.0,0.0
emerging,N0166,64.0,56.0,64.0,71.0,0.0
emerging,N0167,428.0,426.0,428.0,432.0,0.0
emerging,N0168,173.0,158.0,171.0,179.0,0.0
emerging,N0169,390.0,388.0,390.0,392.0,0.0
emerging,N0170,175.0,169.0,173.0,178.0,0.0
emerging,N0171,389.0,380.0,387.0,395.0,0.0
emerging,N0172,235.0,232.0,235.0,238.0,0.0
emerging,N0173,482.0,482.0,482.0,482.0,0.0
emerging,N0174,349.0,341.0,348.0,354.0,0.0
emerging,N0175,168.0,161.0,168.0,176.0,0.0
emerging,N0176,306.0,305.0,307.0,313.0,0.0
emerging,N0177,322.0,319.0,323.0,327.0,0.0
emerging,N0178,395.0,383.0,394.0,404.0,0.0
emerging,N0179,234.0,231.0,233.0,238.0,0.0
emerging,N0180,299.0,297.0,299.0,301.0,0.0
emerging,N0181,197.0,191.0,198.0,207.0,0.0
emerging,N0182,89.0,84.0,88.0,95.0,0.0
emerging,N0183,382.0,379.0,383.0,389.0,0.0
emerging,N0184,310.0,305.0,310.0,315.0,0.0
emerging,N0185,169.0,163.0,170.0,180.0,0.0
emerging,N0186,36.0,31.0,37.0,43.0,0.0
emerging,N0187,130.0,121.0,130.0,137.0,0.0
emerging,N0188,333.0,330.0,334.0,341.0,0.0
emerging,N0189,424.0,422.0,423.0,425.0,0.0
emerging,N0190,441.0,429.0,440.0,447.0,0.0
emerging,N0191,191.0,180.0,192.0,200.0,0.0
emerging,N0192,187.0,180.0,186.0,194.0,0.0
emerging,N0193,2.0,2.0,2.0,3.0,1.0
emerging,N0194,161.0,158.0,163.0,167.0,0.0
emerging,N0195,80.0,77.0,80.0,83.0,0.0
emerging,N0196,148.0,136.0,149.0,155.52499999999986,0.0
emerging,N0197,81.0,78.0,80.0,82.0,0.0
emerging,N0198,229.0,224.0,229.0,234.0,0.0
emerging,N0199,491.0,491.0,491.0,491.0,0.0
emerging,N0200,330.0,328.0,331.0,336.0,0.0
emerging,N0201,133.0,113.0,131.0,147.0,0.0
emerging,N0202,305.0,302.0,305.0,315.0,0.0
emerging,N0203,96.0,88.0,97.0,106.0,0.0
emerging,N0204,398.0,394.0,397.0,399.0,0.0
emerging,N0205,108.0,107.0,109.0,112.0,0.0
emerging,N0206,37.0,29.0,37.0,46.0,0.0
emerging,N0207,346.0,332.0,346.0,356.0,0.0
emerging,N0208,397.0,393.0,396.0,400.0,0.0
emerging,N0209,227.0,217.0,227.0,232.0,0.0
emerging,N0210,312.0,302.0,312.0,322.0,0.0
emerging,N0211,226.0,219.0,226.0,229.0,0.0
emerging,N0212,269.0,261.0,269.0,276.0,0.0
emerging,N0213,396.0,392.0,395.0,398.0,0.0
emerging,N0214,303.0,300.0,304.0,315.0,0.0
emerging,N0215,60.0,58.0,61.0,63.524999999999864,0.0
emerging,N0216,394.0,390.0,394.0,399.0,0.0
emerging,N0217,415.0,411.0,415.0,420.0,0.0
emerging,N0218,437.0,429.475,438.0,443.0,0.0
emerging,N0219,337.0,328.0,337.0,351.0,0.0
emerging,N0220,416.0,413.0,415.0,420.0,0.0
emerging,N0221,251.0,237.0,251.0,259.52499999999986,0.0
emerging,N0222,367.0,363.0,367.0,369.0,0.0
emerging,N0223,357.0,351.0,357.0,368.0,0.0
emerging,N0224,294.0,288.0,295.0,300.0,0.0
emerging,N0225,490.0,490.0,490.0,490.0,0.0
emerging,N0226,263.0,255.0,263.0,275.52499999999986,0.0
emerging,N0227,181.0,166.0,181.0,199.0,0.0
emerging,N0228,155.0,154.0,156.0,160.0,0.0
emerging,N0229,378.0,361.0,378.0,392.0,0.0
emerging,N0230,320.0,311.0,319.0,324.0,0.0
emerging,N0231,101.0,95.0,101.0,105.0,0.0
emerging,N0232,427.0,425.0,427.0,430.0,0.0
emerging,N0233,495.0,495.0,495.0,497.0,0.0
emerging,N0234,198.0,182.0,198.0,207.0,0.0
emerging,N0235,433.0,429.0,433.0,440.0,0.0
emerging,N0236,124.0,116.0,124.0,133.0,0.0
emerging,N0237,66.0,62.0,66.0,73.0,0.0
emerging,N0238,24.0,24.0,25.0,26.0,0.0
emerging,N0239,293.0,286.0,292.0,297.0,0.0
emerging,N0240,200.0,187.0,201.0,208.0,0.0
emerging,N0241,221.0,215.0,220.0,226.0,0.0
emerging,N0242,176.0,167.0,176.0,180.0,0.0
emerging,N0243,189.0,183.0,188.0,194.0,0.0
emerging,N0244,49.0,45.0,49.0,52.0,0.0
emerging,N0245,319.0,308.0,318.0,327.0,0.0
emerging,N0246,137.0,130.475,137.0,144.0,0.0
emerging,N0247,131.0,120.0,130.0,135.0,0.0
emerging,N0248,46.0,41.0,45.0,47.0,0.0
emerging,N0249,316.0,307.0,316.0,323.0,0.0
emerging,N0250,75.0,72.0,76.0,77.0,0.0
emerging,N0251,47.0,42.0,47.0,50.0,0.0
emerging,N0252,261.0,255.0,262.0,272.0,0.0
emerging,N0253,241.0,235.0,243.0,248.0,0.0
emerging,N0254,12.0,11.0,12.0,14.0,1.0
emerging,N0255,87.0,85.0,88.0,95.0,0.0
emerging,N0256,284.0,273.0,284.0,297.0,0.0
emerging,N0257,205.0,198.0,205.0,210.0,0.0
emerging,N0258,213.0,207.0,213.0,219.0,0.0
emerging,N0259,83.0,78.0,83.0,87.0,0.0
emerging,N0260,186.0,179.0,184.0,189.0,0.0
emerging,N0261,420.0,414.0,419.0,421.0,0.0
emerging,N0262,341.0,337.0,341.0,346.0,0.0
emerging,N0263,410.0,408.0,410.0,411.0,0.0
emerging,N0264,288.0,285.0,287.0,290.0,0.0
emerging,N0265,29.0,26.0,29.0,39.0,0.0
emerging,N0266,385.0,383.0,386.0,390.0,0.0
emerging,N0267,277.0,275.0,279.0,281.0,0.0
emerging,N0268,419.0,415.0,419.0,422.0,0.0
emerging,N0269,71.0,64.0,71.0,75.0,0.0
emerging,N0270,113.0,105.0,112.0,125.0,0.0
emerging,N0271,203.0,197.0,203.0,207.0,0.0
emerging,N0272,384.0,380.0,385.0,391.0,0.0
emerging,N0273,400.0,397.0,401.0,405.0,0.0
emerging,N0274,121.0,111.0,122.0,135.0,0.0
emerging,N0275,372.0,365.0,372.0,378.0,0.0
emerging,N0276,157.0,153.0,158.0,165.0,0.0
emerging,N0277,150.0,140.0,150.0,154.0,0.0
emerging,N0278,128.0,119.0,129.0,140.0,0.0
emerging,N0279,476.0,475.0,476.0,477.0,0.0
emerging,N0280,97.0,89.475,98.0,104.0,0.0
emerging,N0281,444.0,436.0,444.0,451.0,0.0
emerging,N0282,147.0,139.0,146.0,153.0,0.0
emerging,N0283,417.0,416.0,418.0,420.0,0.0
emerging,N0284,172.0,163.0,170.0,177.0,0.0
emerging,N0285,107.0,101.0,107.0,114.0,0.0
emerging,N0286,208.0,201.0,208.0,211.0,0.0
emerging,N0287,256.0,251.0,257.0,262.0,0.0
emerging,N0288,97.0,91.0,98.0,103.0,0.0
emerging,N0289,283.0,271.475,283.0,293.0,0.0
emerging,N0290,364.0,362.0,364.0,368.0,0.0
emerging,N0291,238.0,236.0,239.0,246.0,0.0
emerging,N0292,360.0,353.0,360.0,368.0,0.0
emerging,N0293,50.0,45.0,50.0,53.0,0.0
emerging,N0294,207.0,191.0,207.0,219.0,0.0
emerging,N0295,417.0,416.0,418.0,421.0,0.0
emerging,N0296,51.0,46.0,51.0,55.0,0.0
emerging,N0297,475.0,473.0,475.0,477.0,0.0
emerging,N0298,222.0,213.0,221.0,230.0,0.0
emerging,N0299,358.0,358.0,359.0,364.0,0.0
emerging,N0300,91.0,88.0,91.0,94.0,0.0
emerging,N0301,438.0,434.0,439.0,443.0,0.0
emerging,N0302,21.0,18.0,21.0,23.0,0.28933333333333333
emerging,N0303,63.0,61.0,63.0,67.0,0.0
emerging,N0304,16.0,16.0,17.0,20.0,0.9973333333333333
emerging,N0305,373.0,368.0,372.0,375.0,0.0
emerging,N0306,210.0,200.0,211.0,216.52499999999986,0.0
emerging,N0307,117.0,112.0,117.0,129.0,0.0
emerging,N0308,385.0,380.0,386.0,394.0,0.0
emerging,N0309,274.0,267.0,274.0,279.0,0.0
emerging,N0310,473.0,469.0,472.0,473.0,0.0
emerging,N0311,377.0,373.0,377.0,378.0,0.0
emerging,N0312,408.0,406.0,408.0,411.0,0.0
emerging,N0313,65.0,61.0,65.0,67.0,0.0
emerging,N0314,281.0,260.0,281.0,296.52499999999986,0.0
emerging,N0315,141.0,138.0,141.0,143.0,0.0
emerging,N0316,167.0,153.0,165.0,177.0,0.0
emerging,N0317,125.0,118.0,124.0,130.0,0.0
emerging,N0318,160.0,159.0,162.0,164.0,0.0
emerging,N0319,282.0,274.0,282.0,287.0,0.0
emerging,N0320,245.0,238.0,244.0,248.0,0.0
emerging,N0321,102.0,94.0,100.0,108.0,0.0
emerging,N0322,218.0,215.0,219.0,224.0,0.0
emerging,N0323,199.0,190.0,199.0,209.0,0.0
emerging,N0324,353.0,348.0,352.5,355.0,0.0
emerging,N0325,122.0,116.0,123.0,136.52499999999986,0.0
emerging,N0326,286.0,272.0,286.0,297.0,0.0
emerging,N0327,469.0,468.0,469.0,472.0,0.0
emerging,N0328,41.0,35.0,41.0,46.0,0.0
emerging,N0329,106.0,105.0,106.0,109.0,0.0
emerging,N0330,35.0,30.0,35.0,40.0,0.0
emerging,N0331,401.0,397.0,402.0,406.0,0.0
emerging,N0332,2.0,2.0,3.0,3.0,1.0
emerging,N0333,11.0,11.0,11.0,12.0,1.0
emerging,N0334,215.0,212.0,215.0,217.0,0.0
emerging,N0335,340.0,330.0,340.0,351.0,0.0
emerging,N0336,363.0,359.0,363.0,371.0,0.0
emerging,N0337,7.0,7.0,7.0,7.0,1.0
emerging,N0338,401.0,399.0,402.0,406.0,0.0
emerging,N0339,10.0,9.0,10.0,10.0,1.0
emerging,N0340,421.0,417.0,421.0,424.0,0.0
emerging,N0341,489.0,488.0,489.0,489.0,0.0
emerging,N0342,352.0,346.0,352.0,359.0,0.0
emerging,N0343,1.0,1.0,1.0,1.0,1.0
emerging,N0344,485.0,485.0,485.0,487.0,0.0
emerging,N0345,456.0,454.0,456.0,458.0,0.0
emerging,N0346,178.0,169.0,179.0,185.0,0.0
emerging,N0347,304.0,301.0,304.0,308.0,0.0
emerging,N0348,174.0,165.0,172.0,178.0,0.0
emerging,N0349,354.0,349.0,354.0,357.0,0.0
emerging,N0350,333.0,329.0,334.0,341.0,0.0
emerging,N0351,62.0,57.0,62.0,67.0,0.0
emerging,N0352,28.0,28.0,29.0,34.0,0.0
emerging,N0353,164.0,155.0,164.0,172.0,0.0
emerging,N0354,31.0,29.0,32.0,40.0,0.0
emerging,N0355,153.0,148.0,153.0,160.0,0.0
emerging,N0356,30.0,28.0,30.0,34.0,0.0
emerging,N0357,462.0,460.0,462.0,462.0,0.0
emerging,N0358,8.0,8.0,9.0,10.0,1.0
emerging,N0359,447.0,444.0,447.0,448.0,0.0
emerging,N0360,100.0,91.0,100.0,107.0,0.0
emerging,N0361,156.0,148.0,157.0,173.0,0.0
emerging,N0362,151.0,147.0,150.0,152.0,0.0
emerging,N0363,104.0,97.0,104.0,108.0,0.0
emerging,N0364,450.0,448.0,450.0,451.0,0.0
emerging,N0365,404.0,398.0,404.0,408.0,0.0
emerging,N0366,325.0,317.0,325.0,331.0,0.0
emerging,N0367,331.0,323.0,331.0,344.0,0.0
emerging,N0368,126.0,120.0,126.0,131.52499999999986,0.0
emerging,N0369,34.0,29.0,34.0,41.0,0.0
emerging,N0370,219.0,215.0,219.0,225.0,0.0
emerging,N0371,311.0,305.0,310.0,315.0,0.0
emerging,N0372,466.0,463.0,466.0,471.0,0.0
emerging,N0373,69.0,68.0,69.0,72.0,0.0
emerging,N0374,86.0,84.0,88.0,94.0,0.0
emerging,N0375,77.0,72.0,77.0,80.0,0.0
emerging,N0376,188.0,184.0,187.0,191.0,0.0
emerging,N0377,212.0,201.0,211.0,216.0,0.0
emerging,N0378,461.0,459.0,461.0,462.0,0.0
emerging,N0379,14.0,12.0,14.0,17.0,1.0
emerging,N0380,259.0,255.0,261.0,272.0,0.0
emerging,N0381,13.0,12.0,13.0,14.0,1.0
emerging,N0382,350.0,348.0,351.0,355.0,0.0
emerging,N0383,134.0,118.0,135.0,146.0,0.0
emerging,N0384,240.0,236.0,240.0,249.0,0.0
emerging,N0385,48.0,40.0,47.0,54.0,0.0
emerging,N0386,323.0,320.0,324.0,327.0,0.0
emerging,N0387,455.0,454.0,455.0,456.0,0.0
emerging,N0388,6.0,6.0,6.0,6.0,1.0
emerging,N0389,184.0,179.0,184.0,191.0,0.0
emerging,N0390,244.0,236.0,243.0,250.0,0.0
emerging,N0391,224.0,220.0,224.0,226.0,0.0
emerging,N0392,376.0,371.0,376.0,379.0,0.0
emerging,N0393,192.0,184.475,192.0,203.0,0.0
emerging,N0394,165.0,157.0,165.0,176.0,0.0
emerging,N0395,8.0,8.0,8.0,9.0,1.0
emerging,N0396,56.0,49.0,56.0,57.0,0.0
emerging,N0397,314.0,309.0,313.0,316.0,0.0
emerging,N0398,266.0,257.0,264.0,275.0,0.0
emerging,N0399,129.0,126.0,129.0,133.0,0.0
emerging,N0400,492.0,492.0,492.0,492.0,0.0
emerging,N0401,193.0,188.0,193.0,197.0,0.0
emerging,N0402,432.0,431.0,433.0,439.0,0.0
emerging,N0403,272.0,267.0,273.0,277.0,0.0
emerging,N0404,58.0,57.475,58.0,61.0,0.0
emerging,N0405,429.0,426.0,429.0,433.0,0.0
emerging,N0406,343.0,334.0,342.0,346.52499999999986,0.0
emerging,N0407,196.0,182.0,195.0,209.0,0.0
emerging,N0408,43.0,33.0,42.0,50.0,0.0
emerging,N0409,18.0,15.0,18.0,20.0,0.9866666666666667
emerging,N0410,59.0,58.0,60.0,63.0,0.0
emerging,N0411,324.0,318.475,324.0,328.0,0.0
emerging,N0412,99.0,91.0,98.0,104.0,0.0
emerging,N0413,374.0,365.0,372.0,376.0,0.0
emerging,N0414,292.0,285.0,290.0,294.0,0.0
emerging,N0415,243.0,231.0,243.0,261.0,0.0
emerging,N0416,223.0,219.0,222.0,224.0,0.0
emerging,N0417,296.0,292.0,296.0,300.0,0.0
emerging,N0418,190.0,175.0,190.0,205.0,0.0
emerging,N0419,426.0,422.0,426.0,432.0,0.0
emerging,N0420,246.0,235.0,247.0,255.0,0.0
emerging,N0421,457.0,456.0,457.0,459.0,0.0
emerging,N0422,355.0,350.0,355.0,357.0,0.0
emerging,N0423,307.0,300.0,309.0,318.0,0.0
emerging,N0424,105.0,91.0,105.0,115.0,0.0
emerging,N0425,436.0,433.0,437.0,440.0,0.0
emerging,N0426,408.0,399.0,408.0,414.0,0.0
emerging,N0427,95.0,85.0,96.0,104.0,0.0
emerging,N0428,68.0,65.0,69.0,77.0,0.0
emerging,N0429,339.0,333.0,338.0,342.0,0.0
emerging,N0430,452.0,449.0,452.0,453.0,0.0
emerging,N0431,435.0,434.0,435.0,437.0,0.0
emerging,N0432,22.0,20.0,22.0,22.524999999999864,0.04933333333333333
emerging,N0433,138.0,123.0,138.0,148.0,0.0
emerging,N0434,204.0,195.0,204.0,210.52499999999986,0.0
emerging,N0435,258.0,245.0,258.0,275.0,0.0
emerging,N0436,206.0,202.0,207.0,211.0,0.0
emerging,N0437,445.0,443.0,445.0,447.0,0.0
emerging,N0438,285.0,281.0,284.0,287.0,0.0
emerging,N0439,142.0,135.475,142.0,147.0,0.0
emerging,N0440,347.0,337.0,348.0,357.0,0.0
emerging,N0441,493.0,493.0,493.0,493.0,0.0
emerging,N0442,170.0,166.0,171.0,177.0,0.0
emerging,N0443,52.0,49.0,52.0,55.0,0.0
emerging,N0444,425.0,424.0,425.0,426.0,0.0
emerging,N0445,241.0,239.0,242.0,247.0,0.0
emerging,N0446,15.0,13.0,15.0,17.0,1.0
emerging,N0447,139.0,134.0,138.0,143.0,0.0
emerging,N0448,351.0,338.0,351.0,361.0,0.0
emerging,N0449,255.0,252.0,255.0,259.0,0.0
emerging,N0450,393.0,386.0,394.0,403.0,0.0
emerging,N0451,61.0,58.0,62.0,64.0,0.0
emerging,N0452,146.0,142.0,146.0,150.0,0.0
emerging,N0453,90.0,86.0,91.0,96.0,0.0
emerging,N0454,236.0,224.0,236.0,258.0,0.0
emerging,N0455,328.0,320.0,329.0,340.52499999999986,0.0
emerging,N0456,119.0,115.0,121.0,127.0,0.0
emerging,N0457,112.0,107.0,112.0,116.0,0.0
emerging,N0458,5.0,4.0,5.0,5.0,1.0
emerging,N0459,53.0,48.0,53.0,57.0,0.0
emerging,N0460,85.0,80.0,86.0,99.0,0.0
emerging,N0461,115.0,107.0,114.0,119.0,0.0
emerging,N0462,92.0,85.0,91.0,98.0,0.0
emerging,N0463,247.0,237.0,247.0,252.0,0.0
emerging,N0464,149.0,142.0,149.0,155.0,0.0
emerging,N0465,273.0,261.0,273.0,281.0,0.0
emerging,N0466,342.0,338.0,342.0,345.0,0.0
emerging,N0467,217.0,207.0,218.0,228.0,0.0
emerging,N0468,231.0,230.0,232.0,235.0,0.0
emerging,N0469,184.0,181.0,184.0,188.0,0.0
emerging,N0470,42.0,37.0,41.0,46.524999999999864,0.0
emerging,N0471,165.0,154.0,165.0,175.52499999999986,0.0
emerging,N0472,32.0,29.0,33.0,38.0,0.0
emerging,N0473,55.0,49.0,55.0,57.0,0.0
emerging,N0474,78.0,72.0,77.0,81.0,0.0
emerging,N0475,430.0,428.0,430.0,434.0,0.0
emerging,N0476,73.0,69.0,73.0,75.0,0.0
emerging,N0477,74.0,71.0,75.0,78.0,0.0
emerging,N0478,446.0,441.0,446.0,448.0,0.0
emerging,N0479,57.0,54.0,57.0,59.0,0.0
emerging,N0480,453.0,452.0,453.0,455.0,0.0
emerging,N0481,265.0,253.0,264.0,278.0,0.0
emerging,N0482,132.0,122.0,131.0,138.0,0.0
emerging,N0483,366.0,361.0,366.0,373.0,0.0
emerging,N0484,335.0,327.0,335.0,347.0,0.0
emerging,N0485,144.0,133.475,144.0,151.0,0.0
emerging,N0486,327.0,323.0,326.0,328.0,0.0
emerging,N0487,230.0,223.0,231.0,242.0,0.0
emerging,N0488,252.0,247.0,250.0,254.0,0.0
emerging,N0489,211.0,204.0,210.0,214.0,0.0
emerging,N0490,412.0,412.0,412.0,415.0,0.0
emerging,N0491,356.0,351.0,355.0,360.0,0.0
emerging,N0492,39.0,33.0,38.0,43.0,0.0
emerging,N0493,33.0,30.0,34.0,39.0,0.0
emerging,N0494,110.0,109.0,110.0,113.0,0.0
emerging,N0495,460.0,457.0,460.0,463.0,0.0
emerging,N0496,38.0,32.0,39.0,48.0,0.0
emerging,N0497,67.0,64.0,67.0,69.0,0.0
emerging,N0498,371.0,362.0,372.0,378.0,0.0
emerging,N0499,262.0,258.0,263.0,271.0,0.0
emerging,N0500,465.0,465.0,465.0,468.0,0.0
potential,N0001,103.0,88.475,103.0,120.0,0.0
potential,N0002,62.0,41.0,62.0,81.0,0.0
potential,N0003,469.0,323.0,462.0,477.0,0.0
potential,N0004,235.0,228.0,232.0,306.0,0.0
potential,N0005,183.0,156.0,183.0,209.0,0.0
potential,N0006,258.0,243.0,258.0,305.52499999999986,0.0
potential,N0007,264.0,238.0,264.0,376.0,0.0
potential,N0008,11.0,10.0,11.0,12.0,1.0
potential,N0009,496.0,331.0,492.0,496.0,0.0
potential,N0010,87.0,77.0,87.0,101.0,0.0
potential,N0011,139.0,124.0,139.0,166.5749999999996,0.0
potential,N0012,241.0,230.0,241.0,349.0,0.0
potential,N0013,268.0,241.0,268.0,419.0,0.0
potential,N0014,183.0,156.0,183.0,209.0,0.0
potential,N0015,143.0,142.0,143.0,145.0,0.0
potential,N0016,57.0,50.0,57.0,71.0,0.0
potential,N0017,26.0,23.0,26.0,31.0,0.0
potential,N0018,213.0,212.0,213.0,219.0,0.0
potential,N0019,278.0,246.0,280.5,420.0,0.0
potential,N0020,203.0,200.0,203.0,205.0,0.0
potential,N0021,260.0,236.0,260.0,377.0,0.0
potential,N0022,85.0,76.0,85.0,97.0,0.0
potential,N0023,485.0,315.0,485.0,494.0,0.0
potential,N0024,70.0,48.0,70.0,90.0,0.0
potential,N0025,83.0,76.0,83.0,92.0,0.0
potential,N0026,309.0,250.0,308.0,441.0,0.0
potential,N0027,37.0,34.0,35.0,37.0,0.0
potential,N0028,21.0,19.0,21.0,23.0,0.2793333333333333
potential,N0029,89.0,83.0,89.0,97.0,0.0
potential,N0030,97.0,94.0,97.0,104.0,0.0
potential,N0031,64.0,62.0,65.0,72.0,0.0
potential,N0032,24.0,23.0,24.0,26.0,0.0
potential,N0033,106.0,89.0,106.0,118.0,0.0
potential,N0034,4.0,3.0,4.0,5.0,1.0
potential,N0035,191.0,176.0,190.0,191.0,0.0
potential,N0036,319.0,257.0,319.0,430.0,0.0
potential,N0037,82.0,60.0,81.0,96.0,0.0
potential,N0038,197.0,163.0,197.0,223.0,0.0
potential,N0039,145.0,134.0,145.0,158.0,0.0
potential,N0040,397.0,326.0,397.0,493.0,0.0
potential,N0041,351.0,295.0,351.0,483.0,0.0
potential,N0042,241.0,230.0,241.0,349.0,0.0
potential,N0043,236.0,231.0,236.0,284.0,0.0
potential,N0044,60.0,54.0,58.0,65.0,0.0
potential,N0045,157.0,151.0,157.0,191.0,0.0
potential,N0046,170.0,159.0,170.0,179.0,0.0
potential,N0047,12.0,11.0,12.0,14.0,1.0
potential,N0048,485.0,315.0,485.0,494.0,0.0
potential,N0049,319.0,257.0,319.0,430.0,0.0
potential,N0050,319.0,287.0,328.0,443.0,0.0
potential,N0051,469.0,323.0,462.0,477.0,0.0
potential,N0052,250.0,237.0,250.0,374.0,0.0
potential,N0053,23.0,22.0,24.0,28.524999999999864,0.0013333333333333333
potential,N0054,90.0,87.0,90.0,97.0,0.0
potential,N0055,309.0,250.0,308.0,441.0,0.0
potential,N0056,229.0,225.0,229.5,317.0,0.0
potential,N0057,115.0,100.0,115.0,130.0,0.0
potential,N0058,485.0,315.0,485.0,494.0,0.0
potential,N0059,319.0,257.0,319.0,430.0,0.0
potential,N0060,123.0,116.0,122.0,126.0,0.0
potential,N0061,2.0,2.0,2.0,3.0,1.0
potential,N0062,439.0,376.0,434.0,459.0,0.0
potential,N0063,228.0,227.0,230.0,269.0,0.0
potential,N0064,269.0,248.0,271.0,401.0,0.0
potential,N0065,116.0,113.0,115.0,117.0,0.0
potential,N0066,423.0,356.0,423.0,476.0,0.0
potential,N0067,496.0,331.0,492.0,496.0,0.0
potential,N0068,412.0,336.0,397.0,428.0,0.0
potential,N0069,223.0,221.0,223.0,260.0,0.0
potential,N0070,142.0,122.0,142.0,159.0,0.0
potential,N0071,340.0,272.0,340.0,447.0,0.0
potential,N0072,319.0,257.0,319.0,430.0,0.0
potential,N0073,250.0,237.0,250.0,374.0,0.0
potential,N0074,34.0,25.0,34.0,40.0,0.0
potential,N0075,210.0,209.0,211.0,215.0,0.0
potential,N0076,22.0,22.0,22.0,27.0,0.0
potential,N0077,76.0,57.0,75.0,84.0,0.0
potential,N0078,423.0,344.0,423.0,488.0,0.0
potential,N0079,281.0,246.0,280.0,411.0,0.0
potential,N0080,370.0,290.0,370.0,470.0,0.0
potential,N0081,182.0,164.0,182.0,185.0,0.0
potential,N0082,336.0,291.0,336.0,475.0,0.0
potential,N0083,355.0,308.0,355.0,451.0,0.0
potential,N0084,370.0,331.0,383.0,452.0,0.0
potential,N0085,241.0,230.0,241.0,349.0,0.0
potential,N0086,163.0,157.0,163.5,167.0,0.0
potential,N0087,95.0,83.0,95.0,102.0,0.0
potential,N0088,189.0,183.0,189.0,195.0,0.0
potential,N0089,485.0,315.0,485.0,494.0,0.0
potential,N0090,203.0,200.0,203.0,205.0,0.0
potential,N0091,319.0,257.0,319.0,430.0,0.0
potential,N0092,159.0,146.0,159.0,165.0,0.0
potential,N0093,340.0,272.0,340.0,447.0,0.0
potential,N0094,319.0,287.0,328.0,443.0,0.0
potential,N0095,402.0,364.0,402.0,425.0,0.0
potential,N0096,220.0,195.0,220.0,221.0,0.0
potential,N0097,336.0,291.0,336.0,475.0,0.0
potential,N0098,229.0,225.0,229.5,317.0,0.0
potential,N0099,154.0,152.0,154.0,182.0,0.0
potential,N0100,229.0,225.0,229.5,317.0,0.0
potential,N0101,315.0,282.0,314.0,455.0,0.0
potential,N0102,275.0,245.0,276.0,419.0,0.0
potential,N0103,40.0,39.0,40.0,42.0,0.0
potential,N0104,250.0,237.0,250.0,374.0,0.0
potential,N0105,99.0,94.0,100.0,108.0,0.0
potential,N0106,146.0,144.0,146.0,161.0,0.0
potential,N0107,370.0,321.0,393.0,489.0,0.0
potential,N0108,340.0,272.0,340.0,447.0,0.0
potential,N0109,130.0,126.0,131.0,134.0,0.0
potential,N0110,186.0,180.0,186.0,191.0,0.0
potential,N0111,53.0,49.0,53.0,69.0,0.0
potential,N0112,370.0,331.0,383.0,452.0,0.0
potential,N0113,99.0,91.0,100.0,106.0,0.0
potential,N0114,412.0,336.0,397.0,428.0,0.0
potential,N0115,159.0,146.0,159.0,165.0,0.0
potential,N0116,120.0,111.0,120.0,133.0,0.0
potential,N0117,477.0,347.0,463.0,484.0,0.0
potential,N0118,355.0,308.0,355.0,451.0,0.0
potential,N0119,149.0,137.0,149.0,160.0,0.0
potential,N0120,412.0,336.0,397.0,428.0,0.0
potential,N0121,55.0,45.0,55.0,71.0,0.0
potential,N0122,477.0,347.0,463.0,484.0,0.0
potential,N0123,319.0,287.0,328.0,443.0,0.0
potential,N0124,77.0,69.0,74.0,79.0,0.0
potential,N0125,402.0,364.0,402.0,425.0,0.0
potential,N0126,281.0,254.0,282.0,398.52499999999986,0.0
potential,N0127,294.0,265.0,294.0,409.0,0.0
potential,N0128,452.0,366.0,446.0,455.0,0.0
potential,N0129,52.0,46.0,52.0,67.0,0.0
potential,N0130,340.0,272.0,340.0,447.0,0.0
potential,N0131,17.0,16.0,17.0,21.0,0.9466666666666667
potential,N0132,220.0,195.0,220.0,221.0,0.0
potential,N0133,173.0,164.0,171.0,173.0,0.0
potential,N0134,402.0,364.0,402.0,425.0,0.0
potential,N0135,462.0,359.0,456.0,470.0,0.0
potential,N0136,156.0,147.0,156.0,188.0,0.0
potential,N0137,133.0,128.0,132.0,135.0,0.0
potential,N0138,240.0,229.0,240.0,310.0,0.0
potential,N0139,452.0,366.0,446.0,455.0,0.0
potential,N0140,229.0,225.0,229.5,317.0,0.0
potential,N0141,217.0,197.0,217.0,218.0,0.0
potential,N0142,250.0,237.0,250.0,374.0,0.0
potential,N0143,370.0,331.0,383.0,452.0,0.0
potential,N0144,340.0,272.0,340.0,447.0,0.0
potential,N0145,200.0,198.0,200.0,207.0,0.0
potential,N0146,273.0,248.0,274.0,407.0,0.0
potential,N0147,45.0,36.475,45.0,68.0,0.0
potential,N0148,213.0,212.0,213.0,219.0,0.0
potential,N0149,370.0,290.0,370.0,470.0,0.0
potential,N0150,68.0,50.0,68.0,84.0,0.0
potential,N0151,150.0,147.0,150.0,176.0,0.0
potential,N0152,370.0,290.0,370.0,470.0,0.0
potential,N0153,370.0,290.0,370.0,470.0,0.0
potential,N0154,110.0,104.0,110.0,114.0,0.0
potential,N0155,5.0,4.0,4.0,5.0,1.0
potential,N0156,299.0,272.0,299.0,465.0,0.0
potential,N0157,7.0,7.0,7.0,9.0,1.0
potential,N0158,250.0,237.0,250.0,374.0,0.0
potential,N0159,309.0,250.0,308.0,441.0,0.0
potential,N0160,262.0,235.0,262.0,383.67499999999905,0.0
potential,N0161,364.0,301.0,364.0,483.0,0.0
potential,N0162,423.0,356.0,423.0,476.0,0.0
potential,N0163,300.0,275.0,302.0,447.0,0.0
potential,N0164,462.0,359.0,456.0,470.0,0.0
potential,N0165,355.0,308.0,355.0,451.0,0.0
potential,N0166,27.0,20.0,27.0,39.0,0.03866666666666667
potential,N0167,370.0,290.0,370.0,470.0,0.0
potential,N0168,193.0,184.0,192.0,194.0,0.0
potential,N0169,305.0,278.0,306.0,461.0,0.0
potential,N0170,269.0,252.0,271.0,382.1499999999992,0.0
potential,N0171,193.0,184.0,192.0,194.0,0.0
potential,N0172,107.0,87.0,107.0,119.0,0.0
potential,N0173,340.0,272.0,340.0,447.0,0.0
potential,N0174,215.0,179.95,215.0,219.0,0.0
potential,N0175,163.0,153.0,164.0,180.04999999999973,0.0
potential,N0176,492.0,355.0,485.0,497.0,0.0
potential,N0177,423.0,356.0,423.0,476.0,0.0
potential,N0178,281.0,246.0,280.0,411.0,0.0
potential,N0179,364.0,301.0,364.0,483.0,0.0
potential,N0180,187.0,179.0,186.0,188.0,0.0
potential,N0181,31.0,30.0,31.0,33.0,0.0
potential,N0182,101.0,98.0,102.0,106.0,0.0
potential,N0183,172.0,149.0,172.0,209.5749999999996,0.0
potential,N0184,412.0,336.0,397.0,428.0,0.0
potential,N0185,370.0,331.0,383.0,452.0,0.0
potential,N0186,190.0,163.0,190.0,220.0,0.0
potential,N0187,154.0,152.0,154.0,182.0,0.0
potential,N0188,217.0,197.0,217.0,218.0,0.0
potential,N0189,38.0,34.0,38.0,39.0,0.0
potential,N0190,319.0,257.0,319.0,430.0,0.0
potential,N0191,1.0,1.0,1.0,1.0,1.0
potential,N0192,266.0,250.0,266.0,312.0,0.0
potential,N0193,114.0,93.0,114.0,130.0,0.0
potential,N0194,163.0,157.0,163.5,167.0,0.0
potential,N0195,75.0,53.0,73.0,91.0,0.0
potential,N0196,6.0,6.0,6.0,6.0,1.0
potential,N0197,291.0,262.0,291.0,405.0,0.0
potential,N0198,203.0,200.0,203.0,205.0,0.0
potential,N0199,157.0,151.0,157.0,191.0,0.0
potential,N0200,496.0,331.0,492.0,496.0,0.0
potential,N0201,193.0,184.0,192.0,194.0,0.0
potential,N0202,355.0,308.0,355.0,451.0,0.0
potential,N0203,178.0,163.0,176.0,183.0,0.0
potential,N0204,397.0,326.0,397.0,493.0,0.0
potential,N0205,72.0,59.0,73.0,80.0,0.0
potential,N0206,300.0,275.0,302.0,447.0,0.0
potential,N0207,223.0,221.0,223.0,260.0,0.0
potential,N0208,39.0,32.0,39.0,43.0,0.0
potential,N0209,136.0,130.0,136.0,137.0,0.0
potential,N0210,423.0,356.0,423.0,476.0,0.0
potential,N0211,336.0,291.0,336.0,475.0,0.0
potential,N0212,319.0,257.0,319.0,430.0,0.0
potential,N0213,58.0,50.0,58.0,68.0,0.0
potential,N0214,452.0,366.0,446.0,455.0,0.0
potential,N0215,161.0,150.475,161.0,164.0,0.0
potential,N0216,412.0,336.0,397.0,428.0,0.0
potential,N0217,198.0,190.0,197.0,198.0,0.0
potential,N0218,241.0,230.0,241.0,349.0,0.0
potential,N0219,129.0,123.0,128.0,132.0,0.0
potential,N0220,469.0,323.0,462.0,477.0,0.0
potential,N0221,187.0,179.0,186.0,188.0,0.0
potential,N0222,51.0,49.0,52.0,65.0,0.0
potential,N0223,63.0,54.0,63.0,75.0,0.0
potential,N0224,412.0,336.0,397.0,428.0,0.0
potential,N0225,126.0,109.0,126.0,142.0,0.0
potential,N0226,370.0,321.0,393.0,489.0,0.0
potential,N0227,48.0,44.0,48.0,63.0,0.0
potential,N0228,276.0,247.0,278.0,416.0,0.0
potential,N0229,250.0,237.0,250.0,374.0,0.0
potential,N0230,173.0,164.0,171.0,173.0,0.0
potential,N0231,169.0,153.0,170.0,193.0,0.0
potential,N0232,492.0,355.0,485.0,497.0,0.0
potential,N0233,241.0,230.0,241.0,349.0,0.0
potential,N0234,370.0,290.0,370.0,470.0,0.0
potential,N0235,340.0,272.0,340.0,447.0,0.0
potential,N0236,58.0,50.0,58.0,68.0,0.0
potential,N0237,397.0,326.0,397.0,493.0,0.0
potential,N0238,355.0,308.0,355.0,451.0,0.0
potential,N0239,207.0,198.0,207.0,209.0,0.0
potential,N0240,147.0,145.0,147.0,172.0,0.0
potential,N0241,140.0,139.0,140.0,141.0,0.0
potential,N0242,117.0,108.0,117.0,127.0,0.0
potential,N0243,265.0,237.0,265.0,389.9249999999977,0.0
potential,N0244,108.0,86.0,108.0,120.0,0.0
potential,N0245,87.0,77.0,87.0,101.0,0.0
potential,N0246,289.0,259.0,288.0,413.0,0.0
potential,N0247,111.0,107.0,111.0,113.0,0.0
potential,N0248,42.0,37.0,42.0,49.0,0.0
potential,N0249,135.0,122.0,135.0,139.0,0.0
potential,N0250,13.0,10.0,13.0,17.0,1.0
potential,N0251,289.0,259.0,288.0,413.0,0.0
potential,N0252,364.0,301.0,364.0,483.0,0.0
potential,N0253,210.0,209.0,211.0,215.0,0.0
potential,N0254,69.0,51.0,69.0,84.0,0.0
potential,N0255,113.0,99.0,113.0,122.0,0.0
potential,N0256,319.0,287.0,328.0,443.0,0.0
potential,N0257,49.0,46.0,49.0,67.0,0.0
potential,N0258,193.0,184.0,192.0,194.0,0.0
potential,N0259,336.0,291.0,336.0,475.0,0.0
potential,N0260,477.0,347.0,463.0,484.0,0.0
potential,N0261,215.0,179.95,215.0,219.0,0.0
potential,N0262,462.0,359.0,456.0,470.0,0.0
potential,N0263,198.0,190.0,197.0,198.0,0.0
potential,N0264,281.0,254.0,282.0,398.52499999999986,0.0
potential,N0265,105.0,85.0,104.0,117.0,0.0
potential,N0266,219.0,215.0,217.0,221.0,0.0
potential,N0267,304.0,293.475,309.0,332.0,0.0
potential,N0268,296.0,268.0,296.0,413.0,0.0
potential,N0269,229.0,225.0,232.0,284.0,0.0
potential,N0270,259.0,243.0,263.0,303.0,0.0
potential,N0271,132.0,126.0,132.0,134.0,0.0
potential,N0272,128.0,122.0,128.0,133.0,0.0
potential,N0273,496.0,331.0,492.0,496.0,0.0
potential,N0274,315.0,282.0,314.0,455.0,0.0
potential,N0275,423.0,344.0,423.0,488.0,0.0
potential,N0276,98.0,89.0,98.0,105.0,0.0
potential,N0277,9.0,7.0,9.0,10.0,1.0
potential,N0278,296.0,268.0,296.0,413.0,0.0
potential,N0279,340.0,272.0,340.0,447.0,0.0
potential,N0280,173.0,164.0,171.0,173.0,0.0
potential,N0281,241.0,230.0,241.0,349.0,0.0
potential,N0282,209.0,202.0,208.0,213.0,0.0
potential,N0283,203.0,200.0,203.0,205.0,0.0
potential,N0284,370.0,331.0,383.0,452.0,0.0
potential,N0285,423.0,356.0,423.0,476.0,0.0
potential,N0286,452.0,366.0,446.0,455.0,0.0
potential,N0287,94.0,78.0,94.0,107.0,0.0
potential,N0288,249.0,236.0,256.0,311.0,0.0
potential,N0289,370.0,290.0,370.0,470.0,0.0
potential,N0290,60.0,54.0,58.0,65.0,0.0
potential,N0291,412.0,336.0,397.0,428.0,0.0
potential,N0292,180.0,150.0,180.0,218.0,0.0
potential,N0293,36.0,28.0,35.0,40.0,0.0
potential,N0294,351.0,295.0,351.0,483.0,0.0
potential,N0295,370.0,290.0,370.0,470.0,0.0
potential,N0296,351.0,295.0,351.0,483.0,0.0
potential,N0297,340.0,272.0,340.0,447.0,0.0
potential,N0298,319.0,257.0,319.0,430.0,0.0
potential,N0299,412.0,336.0,397.0,428.0,0.0
potential,N0300,171.0,148.0,171.0,208.5749999999996,0.0
potential,N0301,134.0,122.0,134.0,137.52499999999986,0.0
potential,N0302,462.0,359.0,456.0,470.0,0.0
potential,N0303,119.0,109.0,119.0,130.0,0.0
potential,N0304,92.0,91.0,93.0,99.0,0.0
potential,N0305,370.0,331.0,383.0,452.0,0.0
potential,N0306,140.0,139.0,140.0,141.0,0.0
potential,N0307,370.0,321.0,393.0,489.0,0.0
potential,N0308,96.0,87.0,96.0,111.0,0.0
potential,N0309,452.0,366.0,446.0,455.0,0.0
potential,N0310,144.0,137.0,144.0,162.0,0.0
potential,N0311,452.0,366.0,446.0,455.0,0.0
potential,N0312,452.0,366.0,446.0,455.0,0.0
potential,N0313,163.0,157.0,163.5,167.0,0.0
potential,N0314,485.0,315.0,485.0,494.0,0.0
potential,N0315,260.0,234.0,260.0,390.9249999999977,0.0
potential,N0316,8.0,7.0,8.0,9.0,1.0
potential,N0317,439.0,376.0,434.0,459.0,0.0
potential,N0318,492.0,355.0,485.0,497.0,0.0
potential,N0319,370.0,331.0,383.0,452.0,0.0
potential,N0320,131.0,114.0,131.0,145.0,0.0
potential,N0321,370.0,331.0,383.0,452.0,0.0
potential,N0322,93.0,79.0,93.0,103.0,0.0
potential,N0323,35.0,24.0,35.0,42.0,0.0
potential,N0324,200.0,198.0,200.0,207.0,0.0
potential,N0325,122.0,112.0,122.0,131.0,0.0
potential,N0326,412.0,336.0,397.0,428.0,0.0
potential,N0327,148.0,147.0,149.0,174.0,0.0
potential,N0328,469.0,323.0,462.0,477.0,0.0
potential,N0329,355.0,308.0,355.0,451.0,0.0
potential,N0330,492.0,355.0,485.0,497.0,0.0
potential,N0331,25.0,19.0,25.0,33.0,0.122
potential,N0332,234.0,227.0,234.0,286.0,0.0
potential,N0333,200.0,198.0,200.0,207.0,0.0
potential,N0334,30.0,28.0,30.0,31.0,0.0
potential,N0335,29.0,26.0,29.0,34.0,0.0
potential,N0336,153.0,143.0,153.0,190.0,0.0
potential,N0337,226.0,225.0,227.0,268.0,0.0
potential,N0338,340.0,272.0,340.0,447.0,0.0
potential,N0339,73.0,55.0,73.0,85.0,0.0
potential,N0340,370.0,290.0,370.0,470.0,0.0
potential,N0341,241.0,230.0,241.0,349.0,0.0
potential,N0342,104.0,95.0,104.0,115.0,0.0
potential,N0343,226.0,223.0,227.0,271.0,0.0
potential,N0344,370.0,290.0,370.0,470.0,0.0
potential,N0345,446.0,304.0,446.0,483.0,0.0
potential,N0346,334.0,285.0,334.0,473.0,0.0
potential,N0347,469.0,323.0,462.0,477.0,0.0
potential,N0348,397.0,326.0,397.0,493.0,0.0
potential,N0349,44.0,43.0,44.0,52.0,0.0
potential,N0350,452.0,366.0,446.0,455.0,0.0
potential,N0351,436.0,341.0,436.0,498.0,0.0
potential,N0352,73.0,60.0,74.0,81.0,0.0
potential,N0353,477.0,347.0,463.0,484.0,0.0
potential,N0354,294.0,265.0,294.0,409.0,0.0
potential,N0355,446.0,304.0,446.0,483.0,0.0
potential,N0356,10.0,8.0,10.0,14.0,1.0
potential,N0357,309.0,250.0,308.0,441.0,0.0
potential,N0358,287.0,266.0,284.0,322.0,0.0
potential,N0359,212.0,199.0,214.0,216.0,0.0
potential,N0360,64.0,62.0,65.0,72.0,0.0
potential,N0361,436.0,341.0,436.0,498.0,0.0
potential,N0362,291.0,261.0,292.0,415.0,0.0
potential,N0363,43.0,42.0,43.0,45.0,0.0
potential,N0364,452.0,366.0,446.0,455.0,0.0
potential,N0365,370.0,331.0,383.0,452.0,0.0
potential,N0366,370.0,321.0,393.0,489.0,0.0
potential,N0367,485.0,315.0,485.0,494.0,0.0
potential,N0368,402.0,364.0,402.0,425.0,0.0
potential,N0369,238.0,231.0,239.0,289.0,0.0
potential,N0370,138.0,135.0,138.0,139.0,0.0
potential,N0371,402.0,364.0,402.0,425.0,0.0
potential,N0372,469.0,323.0,462.0,477.0,0.0
potential,N0373,46.0,45.0,46.0,60.0,0.0
potential,N0374,364.0,301.0,364.0,483.0,0.0
potential,N0375,167.0,155.0,168.0,181.04999999999973,0.0
potential,N0376,305.0,278.0,306.0,461.0,0.0
potential,N0377,67.0,59.0,68.0,77.0,0.0
potential,N0378,248.0,241.0,252.0,328.0,0.0
potential,N0379,370.0,290.0,370.0,470.0,0.0
potential,N0380,15.0,13.0,14.0,16.0,1.0
potential,N0381,288.0,257.0,287.0,417.0,0.0
potential,N0382,305.0,278.0,306.0,461.0,0.0
potential,N0383,439.0,376.0,434.0,459.0,0.0
potential,N0384,370.0,331.0,383.0,452.0,0.0
potential,N0385,355.0,308.0,355.0,451.0,0.0
potential,N0386,370.0,290.0,370.0,470.0,0.0
potential,N0387,370.0,290.0,370.0,470.0,0.0
potential,N0388,305.0,278.0,306.0,461.0,0.0
potential,N0389,315.0,282.0,314.0,455.0,0.0
potential,N0390,121.0,110.0,122.0,135.0,0.0
potential,N0391,351.0,295.0,351.0,483.0,0.0
potential,N0392,340.0,272.0,340.0,447.0,0.0
potential,N0393,446.0,304.0,446.0,483.0,0.0
potential,N0394,56.0,46.0,56.0,74.0,0.0
potential,N0395,300.0,273.0,302.0,466.0,0.0
potential,N0396,262.0,244.0,264.0,313.0,0.0
potential,N0397,412.0,336.0,397.0,428.0,0.0
potential,N0398,477.0,347.0,463.0,484.0,0.0
potential,N0399,298.0,270.0,298.0,439.0,0.0
potential,N0400,71.0,54.0,73.0,93.0,0.0
potential,N0401,118.0,115.0,118.0,120.0,0.0
potential,N0402,192.0,188.0,191.0,194.0,0.0
potential,N0403,161.0,150.475,161.0,164.0,0.0
potential,N0404,397.0,326.0,397.0,493.0,0.0
potential,N0405,446.0,304.0,446.0,483.0,0.0
potential,N0406,439.0,376.0,434.0,459.0,0.0
potential,N0407,28.0,26.0,28.0,32.0,0.0
potential,N0408,334.0,285.0,334.0,473.0,0.0
potential,N0409,127.0,118.0,126.0,129.0,0.0
potential,N0410,439.0,376.0,434.0,459.0,0.0
potential,N0411,173.0,164.0,171.0,173.0,0.0
potential,N0412,16.0,12.0,16.0,17.0,1.0
potential,N0413,91.0,82.475,91.0,105.0,0.0
potential,N0414,124.0,116.0,124.0,132.0,0.0
potential,N0415,319.0,257.0,319.0,430.0,0.0
potential,N0416,477.0,347.0,463.0,484.0,0.0
potential,N0417,185.0,157.475,185.0,219.0,0.0
potential,N0418,423.0,356.0,423.0,476.0,0.0
potential,N0419,469.0,323.0,462.0,477.0,0.0
potential,N0420,315.0,270.0,316.0,410.0,0.0
potential,N0421,81.0,66.0,81.0,99.0,0.0
potential,N0422,462.0,359.0,456.0,470.0,0.0
potential,N0423,402.0,364.0,402.0,425.0,0.0
potential,N0424,276.0,242.0,277.0,440.52499999999986,0.0
potential,N0425,150.0,147.0,150.0,176.0,0.0
potential,N0426,319.0,257.0,319.0,430.0,0.0
potential,N0427,309.0,250.0,308.0,441.0,0.0
potential,N0428,439.0,376.0,434.0,459.0,0.0
potential,N0429,109.0,97.0,109.0,121.0,0.0
potential,N0430,477.0,347.0,463.0,484.0,0.0
potential,N0431,446.0,304.0,446.0,483.0,0.0
potential,N0432,280.0,243.0,282.5,442.0,0.0
potential,N0433,423.0,344.0,423.0,488.0,0.0
potential,N0434,50.0,49.0,52.0,58.0,0.0
potential,N0435,137.0,125.0,137.0,143.0,0.0
potential,N0436,14.0,12.0,14.0,16.0,1.0
potential,N0437,66.0,51.0,67.0,80.0,0.0
potential,N0438,54.0,53.0,55.0,62.0,0.0
potential,N0439,181.0,175.0,182.0,183.52499999999986,0.0
potential,N0440,77.0,69.0,74.0,79.0,0.0
potential,N0441,86.0,72.0,86.0,107.0,0.0
potential,N0442,18.0,17.0,18.0,19.0,1.0
potential,N0443,80.0,59.0,80.0,91.0,0.0
potential,N0444,319.0,257.0,319.0,430.0,0.0
potential,N0445,439.0,376.0,434.0,459.0,0.0
potential,N0446,102.0,82.0,102.0,113.0,0.0
potential,N0447,269.0,252.0,271.0,382.1499999999992,0.0
potential,N0448,496.0,331.0,492.0,496.0,0.0
potential,N0449,436.0,341.0,436.0,498.0,0.0
potential,N0450,309.0,250.0,308.0,441.0,0.0
potential,N0451,300.0,273.0,302.0,466.0,0.0
potential,N0452,423.0,356.0,423.0,476.0,0.0
potential,N0453,125.0,110.0,125.0,139.0,0.0
potential,N0454,250.0,237.0,250.0,374.0,0.0
potential,N0455,469.0,323.0,462.0,477.0,0.0
potential,N0456,33.0,28.0,33.0,38.0,0.0
potential,N0457,423.0,344.0,423.0,488.0,0.0
potential,N0458,46.0,45.0,46.0,60.0,0.0
potential,N0459,179.0,171.0,178.0,181.0,0.0
potential,N0460,20.0,16.0,20.0,25.0,0.6373333333333333
potential,N0461,19.0,18.0,19.0,20.524999999999864,0.9746666666666667
potential,N0462,355.0,308.0,355.0,451.0,0.0
potential,N0463,364.0,301.0,364.0,483.0,0.0
potential,N0464,77.0,66.0,74.0,81.0,0.0
potential,N0465,477.0,347.0,463.0,484.0,0.0
potential,N0466,402.0,364.0,402.0,425.0,0.0
potential,N0467,446.0,304.0,446.0,483.0,0.0
potential,N0468,278.0,244.0,281.0,430.44999999999754,0.0
potential,N0469,269.0,248.0,271.0,401.0,0.0
potential,N0470,273.0,248.0,274.0,407.0,0.0
potential,N0471,84.0,81.0,84.0,89.0,0.0
potential,N0472,402.0,364.0,402.0,425.0,0.0
potential,N0473,3.0,2.0,3.0,5.0,1.0
potential,N0474,222.0,182.0,222.0,224.0,0.0
potential,N0475,281.0,246.0,280.0,411.0,0.0
potential,N0476,237.0,229.0,237.0,288.0,0.0
potential,N0477,238.0,232.475,239.0,287.0,0.0
potential,N0478,250.0,237.0,250.0,374.0,0.0
potential,N0479,462.0,359.0,456.0,470.0,0.0
potential,N0480,32.0,28.0,33.0,37.0,0.0
potential,N0481,452.0,366.0,446.0,455.0,0.0
potential,N0482,423.0,356.0,423.0,476.0,0.0
potential,N0483,462.0,359.0,456.0,470.0,0.0
potential,N0484,267.0,239.0,267.0,395.24999999999864,0.0
potential,N0485,364.0,301.0,364.0,483.0,0.0
potential,N0486,402.0,364.0,402.0,425.0,0.0
potential,N0487,485.0,315.0,485.0,494.0,0.0
potential,N0488,291.0,262.0,291.0,405.0,0.0
potential,N0489,207.0,198.0,207.0,209.0,0.0
potential,N0490,402.0,364.0,402.0,425.0,0.0
potential,N0491,150.0,147.0,150.0,176.0,0.0
potential,N0492,173.0,164.0,171.0,173.0,0.0
potential,N0493,225.0,223.0,226.0,270.0,0.0
potential,N0494,41.0,37.0,41.0,44.0,0.0
potential,N0495,412.0,336.0,397.0,428.0,0.0
potential,N0496,167.0,145.0,168.0,201.04999999999973,0.0
potential,N0497,423.0,344.0,423.0,488.0,0.0
potential,N0498,112.0,101.0,113.0,125.0,0.0
potential,N0499,355.0,308.0,355.0,451.0,0.0
potential,N0500,281.0,246.0,280.0,411.0,0.0
