family,scenario,category_id,name,baseline_rank,rank,score,unit_id
core,remove_volume,C0004,风能开发与风电技术经济,101.0,127.0,69.60708782742682,
core,remove_volume,C0005,钙钛矿氧化物电催化,88.0,51.0,82.34463276836158,
core,remove_volume,C0009,二氧化碳电还原催化,2.0,3.0,97.6502311248074,
core,remove_volume,C0011,光催化与光生物制氢,31.0,20.0,91.17873651771956,
core,remove_volume,C0012,聚合物介电绝缘与储能,146.0,128.0,69.53004622496148,
core,remove_volume,C0017,电磁场耦合与电磁换能,190.0,195.0,52.73497688751926,
core,remove_volume,C0024,海洋资源开发与海上工程,178.0,180.0,56.98510529019004,
core,remove_volume,C0027,变压器与高压开关设备,188.0,193.0,53.33846944016436,
core,remove_volume,C0028,电动汽车充电设施及并网,83.0,106.0,74.19106317411402,
core,remove_volume,C0031,车辆驱动制动与运动控制,155.0,166.0,60.11813045711351,
core,remove_volume,C0033,石油产业与油价经济,135.0,167.0,60.00256805341552,
core,remove_volume,C0037,光催化二氧化碳转化与氧化还原,3.0,2.0,97.84283513097073,
core,remove_volume,C0044,二氧化碳及混合气体膜分离,116.0,98.0,75.44940934771444,
core,remove_volume,C0046,煤气化与燃煤清洁转化,148.0,122.0,70.58294812532101,
core,remove_volume,C0048,配电网柔性调度与协同规划,100.0,125.0,69.73549049820237,
core,remove_volume,C0050,固态及凝胶聚合物电解质,34.0,29.0,88.19979455572677,
core,remove_volume,C0056,电储能系统配置与运行,52.0,61.0,80.50847457627118,
core,remove_volume,C0059,厌氧过程微生物与生物能源,53.0,42.0,85.05392912172573,
core,remove_volume,C0060,超级电容器电极与器件,1.0,1.0,98.2794042116076,
core,remove_volume,C0063,生物质热解与炭化,32.0,39.0,85.34925526450951,
core,remove_volume,C0067,钙钛矿太阳能电池界面与器件性能,5.0,7.0,96.21212121212122,
core,remove_volume,C0069,宽禁带半导体外延与结器件,156.0,135.0,67.07755521314843,
core,remove_volume,C0072,氢能产业与制氢技术经济,20.0,31.0,87.50642013353878,
core,remove_volume,C0082,智能电网体系与通信,143.0,154.0,63.26399589111455,
core,remove_volume,C0083,配电网电压无功与电能质量,158.0,162.0,61.36363636363637,
core,remove_volume,C0086,光伏组件性能建模与故障检测,60.0,82.0,77.73497688751927,
core,remove_volume,C0088,污水厌氧处理与产能回收,114.0,118.0,71.59732922444788,
core,remove_volume,C0091,等离子体湍流与不稳定性,172.0,177.0,58.346173600410886,
core,remove_volume,C0098,建筑与工业冷却节能,120.0,129.0,69.2090395480226,
core,remove_volume,C0102,电力设备与线路故障检测、定位和诊断,70.0,112.0,72.91987673343606,
core,remove_volume,C0104,发动机燃气轮机与动力机械,184.0,190.0,54.50693374422188,
core,remove_volume,C0105,微电网能量管理与优化,69.0,89.0,76.88751926040062,
core,remove_volume,C0106,电动汽车推广与整车能耗,57.0,109.0,73.87005649717516,
core,remove_volume,C0109,水系锌电池与锌空气电池,22.0,24.0,89.94607087827427,
core,remove_volume,C0115,二氧化碳吸收溶解与水合物,82.0,74.0,79.25012840267078,
core,remove_volume,C0117,制冷循环工质与能效,122.0,147.0,65.21571648690293,
core,remove_volume,C0120,电力载波与通信传输,180.0,182.0,56.20184899845917,
core,remove_volume,C0121,波浪能装置与海洋水动力,59.0,110.0,73.70313302516693,
core,remove_volume,C0122,热电材料与热电性能优化,16.0,25.0,88.75192604006163,
core,remove_volume,C0123,磁约束等离子体运行与边界,154.0,161.0,61.47919876733437,
core,remove_volume,C0124,电力系统碳计量与低碳调度,163.0,144.0,65.69080636877247,
core,remove_volume,C0125,重整气化与合成气制氢,73.0,71.0,79.36569080636878,
core,remove_volume,C0127,质子交换及功能聚合物膜,62.0,55.0,81.89522342064716,
core,remove_volume,C0129,生物质与污泥厌氧消化产气,46.0,48.0,82.61427837699024,
core,remove_volume,C0130,能源网络安全与隐私保护,79.0,123.0,70.33898305084745,
core,remove_volume,C0132,超级电容器复合电极材料,19.0,14.0,92.87365177195689,
core,remove_volume,C0136,电力市场机制与产消者经济,119.0,152.0,63.32819722650231,
core,remove_volume,C0137,电解与其他路线制氢技术,41.0,36.0,86.38931689779147,
core,remove_volume,C0138,光伏出力预测与系统参数建模,43.0,58.0,81.06060606060606,
core,remove_volume,C0139,变压器油纸绝缘诊断,196.0,191.0,53.99332306111967,
core,remove_volume,C0140,厌氧微生物产甲烷机制,85.0,62.0,80.49563430919365,
core,remove_volume,C0143,微电网变流器协调与功率分配,63.0,102.0,74.87159732922446,
core,remove_volume,C0144,能源作物种植与生物质采收,170.0,169.0,59.8613251155624,
core,remove_volume,C0146,铁基催化剂与氧电催化,9.0,8.0,96.03235747303545,
core,remove_volume,C0150,储能技术与能量转换综述,124.0,91.0,76.43810991268619,
core,remove_volume,C0151,多孔碳吸附二氧化碳,29.0,27.0,88.44375963020032,
core,remove_volume,C0154,无线电能传输电路与系统,110.0,141.0,65.98613251155625,
core,remove_volume,C0155,电解水析氧催化,3.0,4.0,97.32922444786853,
core,remove_volume,C0156,电力交易竞价与市场优化,89.0,119.0,71.48176682074987,
core,remove_volume,C0158,有机光伏材料、器件与载流子输运,18.0,22.0,89.95891114535182,
core,remove_volume,C0159,太阳辐照预测与光伏环境建模,98.0,113.0,72.9070364663585,
core,remove_volume,C0161,车辆操稳道路与轮胎交互,164.0,172.0,59.399075500770415,
core,remove_volume,C0164,输电线路雷电接地与电磁影响,195.0,196.0,51.47663071391885,
core,remove_volume,C0165,天然气供能与燃气动力系统,187.0,184.0,55.5341551104263,
core,remove_volume,C0166,多类太阳能电池结构与性能,92.0,104.0,74.67899332306112,
core,remove_volume,C0169,电池荷电状态健康状态与建模,35.0,34.0,86.51771956856703,
core,remove_volume,C0171,最优潮流与电网优化运行,160.0,158.0,62.673343605547,
core,remove_volume,C0172,燃烧稳定与低污染排放,130.0,131.0,67.59116589625064,
core,remove_volume,C0176,光伏最大功率点跟踪,67.0,114.0,72.29070364663586,
core,remove_volume,C0181,聚变装置与粒子束工程,193.0,192.0,53.89060092449923,
core,remove_volume,C0183,通用控制器与电力控制算法,64.0,108.0,74.02413970210581,
core,remove_volume,C0185,风电场运行与功率优化,107.0,133.0,67.18027734976889,
core,remove_volume,C0186,煤热解气化与煤质特性,102.0,103.0,74.69183359013869,
core,remove_volume,C0189,风力机叶片与气动设计,44.0,78.0,78.19722650231125,
core,remove_volume,C0191,固态储氢材料与反应器,15.0,15.0,92.65536723163842,
core,remove_volume,C0195,碳捕集封存与碳移除系统,65.0,92.0,76.2326656394453,
core,remove_volume,C0196,混合动力与整车能量管理,50.0,88.0,77.29840780688238,
core,remove_volume,C0200,直流输电保护与故障限流,147.0,155.0,63.0457113507961,
core,remove_volume,C0205,电池测试表征与性能评估,86.0,101.0,75.33384694401644,
core,remove_volume,C0210,地热资源开发与换热,97.0,120.0,71.19928094504367,
core,remove_volume,C0211,直流变换器拓扑与设计,90.0,126.0,69.65844889573702,
core,remove_volume,C0212,等离子体波与高能粒子作用,149.0,163.0,61.325115562403695,
core,remove_volume,C0213,电力电缆绝缘与运行诊断,185.0,187.0,55.05906522855676,
core,remove_volume,C0216,电力可靠性与电气安全,176.0,183.0,55.855161787365184,
core,remove_volume,C0220,局部放电电晕与放电物理,192.0,188.0,54.84078068823831,
core,remove_volume,C0221,锂金属沉积与含锂电极材料,26.0,33.0,87.17257318952235,
core,remove_volume,C0222,木质纤维素预处理与生化转化,49.0,41.0,85.09244992295841,
core,remove_volume,C0223,泵水轮机与水力机械流动,105.0,139.0,66.1402157164869,
core,remove_volume,C0227,空调通风与空气处理,162.0,151.0,63.70056497175142,
core,remove_volume,C0228,能源审计与综合节能评估,145.0,168.0,59.92552645095017,
core,remove_volume,C0233,半导体光电化学水分解,25.0,19.0,91.2300975860298,
core,remove_volume,C0234,软开关谐振与交流变换器,167.0,173.0,58.89830508474576,
core,remove_volume,C0235,热电发电器件与热设计,95.0,124.0,70.2105803800719,
core,remove_volume,C0236,氢能供给加氢与系统集成,47.0,45.0,84.23215202876221,
core,remove_volume,C0237,分布式光伏部署与技术经济,45.0,93.0,76.16846430405751,
core,remove_volume,C0243,生物油热解与燃料升级,72.0,80.0,77.90190035952749,
core,remove_volume,C0245,碳基超级电容器电极,24.0,17.0,91.93631227529534,
core,remove_volume,C0246,虚拟电厂资源聚合与调度,171.0,132.0,67.21879815100155,
core,remove_volume,C0250,热力循环余热与联供系统,118.0,137.0,66.85927067283,
core,remove_volume,C0251,充电站选址与充电调度,38.0,47.0,82.90960451977402,
core,remove_volume,C0252,热泵与区域供热供冷,121.0,138.0,66.52542372881356,
core,remove_volume,C0253,二氧化碳加氢与多类催化反应,36.0,28.0,88.32819722650231,
core,remove_volume,C0254,电催化析氢与界面调控,6.0,6.0,96.391884951207,
core,remove_volume,C0258,综合能源系统协同管理与优化调度,23.0,43.0,84.77144324601952,
core,remove_volume,C0259,锂硫电池正极与多硫化物调控,30.0,30.0,87.66050333846944,
core,remove_volume,C0265,覆冰冻结与除冰传热,191.0,179.0,57.973805855161785,
core,remove_volume,C0271,沼气及多路线生物燃料,76.0,76.0,78.41551104262969,
core,remove_volume,C0275,风电发电机与并网控制,111.0,140.0,66.05033384694401,
core,remove_volume,C0276,锂离子电池负极材料,13.0,18.0,91.39702105803802,
core,remove_volume,C0278,整体电催化水分解,7.0,5.0,96.87981510015408,
core,remove_volume,C0285,热泵换热器与热管理设计,74.0,84.0,77.60657421674372,
core,remove_volume,C0286,燃料电池铂基催化剂,17.0,16.0,92.05187467899331,
core,remove_volume,C0287,核裂变聚变与核电工程,182.0,186.0,55.1617873651772,
core,remove_volume,C0293,电池系统管理与全寿命利用,42.0,60.0,80.5598356445814,
core,remove_volume,C0296,供水管网水力状态与节能调度,174.0,165.0,60.2336928608115,
core,remove_volume,C0297,废旧锂电池回收、分离与材料再生,27.0,21.0,90.96045197740114,
core,remove_volume,C0298,场效应晶体管结构与建模,161.0,142.0,65.7678479712378,
core,remove_volume,C0302,制冷循环与余热驱动制冷,84.0,68.0,79.417051874679,
core,remove_volume,C0306,电能质量谐波检测与信号分析,175.0,181.0,56.59989727786338,
core,remove_volume,C0307,对流換热与换热器热工分析,93.0,121.0,70.71135079609657,
core,remove_volume,C0316,多种燃料燃烧与排放评估,139.0,147.0,65.21571648690293,
core,remove_volume,C0319,等离子体动力学与磁约束,197.0,194.0,53.00462249614792,
core,remove_volume,C0320,二氧化碳捕集材料与工艺,51.0,50.0,82.51155624036981,
core,remove_volume,C0327,风速与风电出力预测,117.0,117.0,72.04673857216231,
core,remove_volume,C0328,太阳能集热器与光热利用,56.0,90.0,76.47663071391885,
core,remove_volume,C0330,太阳能界面蒸发与海水淡化,13.0,13.0,93.3487416538264,
core,remove_volume,C0337,光伏跟踪与太阳能装置控制,201.0,200.0,49.55059065228557,
core,remove_volume,C0338,相变储热材料与传热增强,37.0,32.0,87.3009758602979,
core,remove_volume,C0340,甲醇电氧化与贵金属催化剂,75.0,49.0,82.52439650744736,
core,remove_volume,C0342,生物质热解气化与水热转化,54.0,37.0,85.91422701592194,
core,remove_volume,C0343,锂电池热行为与安全机制,28.0,26.0,88.46944016435542,
core,remove_volume,C0348,智能电网信息安全与韧性,80.0,96.0,75.64201335387777,
core,remove_volume,C0369,多体系二次电池材料与电解液综述,10.0,11.0,94.5814072932717,
core,remove_volume,C0371,太阳辐射测量估算与大气影响,173.0,176.0,58.53877760657422,
core,remove_volume,C0372,电力节能与新能源应用泛论,194.0,197.0,51.117103235747294,
core,remove_volume,C0378,纳米流体传热性质与强化,76.0,73.0,79.34001027221368,
core,remove_volume,C0379,锅炉蒸汽系统与汽轮机运行,183.0,189.0,54.58397534668721,
core,remove_volume,C0380,天然气管网供给与市场治理,200.0,201.0,48.45916795069337,
core,remove_volume,C0381,光伏发电功率预测方法与装置,153.0,116.0,72.21366204417052,
core,remove_volume,C0383,交通运输车辆与燃料效率,87.0,115.0,72.2778633795583,
core,remove_volume,C0385,辐照材料损伤与稳定性,159.0,160.0,62.17257318952235,
core,remove_volume,C0386,感应电机运行控制与性能,150.0,175.0,58.577298407806886,
core,remove_volume,C0391,水力发电与水轮机系统,144.0,146.0,65.66512583461737,
core,remove_volume,C0394,电力负荷需求与电价预测,55.0,77.0,78.23574730354392,
core,remove_volume,C0407,水系锌电池负极及界面稳定,12.0,12.0,94.02927580893684,
core,remove_volume,C0408,配电网重构与优化运行,112.0,134.0,67.1160760143811,
core,remove_volume,C0412,质子交换膜燃料电池运行与建模,104.0,97.0,75.462249614792,
core,remove_volume,C0417,固体氧化物电解池与可逆电化学单元,91.0,86.0,77.54237288135593,
core,remove_volume,C0420,碳化硅功率半导体器件,125.0,136.0,66.98767334360555,
core,remove_volume,C0421,柴油机及多燃料内燃机性能,177.0,174.0,58.64149974319466,
core,remove_volume,C0426,太阳能光热及光伏光热系统,40.0,35.0,86.45351823317927,
core,remove_volume,C0427,通用电气工程应用与技术资料,202.0,202.0,46.6743708269132,
core,remove_volume,C0430,电力系统电磁暂态与实时仿真,199.0,199.0,50.30816640986132,
core,remove_volume,C0435,智能电表物联网与用能监测,157.0,164.0,60.41345659989727,
core,remove_volume,C0436,钠离子电池电极材料,8.0,10.0,95.15921931176167,
core,remove_volume,C0439,电气化铁路牵引与供电,198.0,198.0,50.43656908063687,
core,remove_volume,C0443,建筑能效与居民供热用能,48.0,64.0,80.18746789933232,
core,remove_volume,C0446,电力扰动孤岛及异常识别算法,39.0,52.0,82.10066769388804,
core,remove_volume,C0448,水资源调度灌溉与水能利用,152.0,149.0,64.39393939393939,
core,remove_volume,C0451,电力系统暂态电压与稳定性分析,108.0,143.0,65.75500770416025,
core,remove_volume,C0452,风光储及混合能源系统配置,61.0,79.0,78.18438623523369,
core,remove_volume,C0457,电网状态估计相量测量与系统分析,169.0,170.0,59.79712378017463,
core,remove_volume,C0461,电催化制氨与氮循环反应,11.0,9.0,95.46738572162302,
core,remove_volume,C0462,超导电力装置与故障限流,189.0,185.0,55.44427324088341,
core,remove_volume,C0463,区域供热预测与热系统建模,99.0,105.0,74.35798664612224,
core,remove_volume,C0464,潜热及热化学储热系统,71.0,59.0,80.62403697996918,
core,remove_volume,C0465,功率因数校正与变流器电流控制,137.0,157.0,62.80174627632256,
core,remove_volume,C0472,多电平逆变器拓扑与调制,133.0,159.0,62.46789933230612,
core,remove_volume,C0473,二氧化碳地质封存与驱油,33.0,46.0,83.70570107858242,
core,remove_volume,C0481,微生物燃料电池与生物产电,81.0,57.0,81.57421674370828,
core,remove_volume,C0484,配电系统供电设备与可靠性,151.0,171.0,59.758602978941965,
core,remove_volume,C0485,锂钠储能负极纳米材料,65.0,63.0,80.34155110426298,
core,remove_volume,C0487,电池冷却与散热,58.0,40.0,85.11813045711352,
core,remove_volume,C0501,钠电池电解液与界面,142.0,85.0,77.5552131484335,
core,remove_volume,C0532,钙钛矿叠层太阳能电池,126.0,66.0,79.75089881869543,
core,remove_volume,C0533,氮化镓功率与结器件,181.0,153.0,63.2768361581921,
core,remove_volume,C0534,氢能技术经济与生命周期,129.0,65.0,80.05906522855676,
core,remove_volume,C0552,微电网能量管理与经济调度,128.0,94.0,76.11710323574731,
core,remove_volume,C0555,锌空气电池,134.0,81.0,77.76065742167438,
core,remove_volume,C0556,水系锌离子电池,21.0,22.0,89.95891114535183,
core,remove_volume,C0564,波浪能转换装置,179.0,156.0,62.865947611710325,
core,remove_volume,C0576,碱性水电解制氢,131.0,72.0,79.35285053929123,
core,remove_volume,C0577,质子交换膜水电解制氢,127.0,67.0,79.62249614791988,
core,remove_volume,C0592,电池荷电状态估计,106.0,87.0,77.4653312788906,
core,remove_volume,C0593,电池健康状态与寿命预测,68.0,38.0,85.4648176682075,
core,remove_volume,C0598,锂资源提取与分离,109.0,70.0,79.37853107344634,
core,remove_volume,C0616,锂金属负极界面稳定与枝晶抑制,115.0,68.0,79.41705187467899,
core,remove_volume,C0622,谐振与软开关变换器,186.0,178.0,58.15356959424756,
core,remove_volume,C0633,区域供热供冷系统,166.0,144.0,65.69080636877247,
core,remove_volume,C0634,二氧化碳催化加氢与甲烷化,141.0,107.0,74.08834103749359,
core,remove_volume,C0671,二氧化碳固体吸附捕集,113.0,83.0,77.65793528505394,
core,remove_volume,C0672,漂浮式海上风电平台,132.0,99.0,75.35952747817156,
core,remove_volume,C0675,风电出力预测,138.0,111.0,73.54904982023626,
core,remove_volume,C0680,生物质气化制合成气,140.0,95.0,75.78325629173086,
core,remove_volume,C0684,电池热失控与传播,123.0,75.0,79.070364663585,
core,remove_volume,C0700,永磁同步电机控制,168.0,150.0,64.21417565485362,
core,remove_volume,C0712,电力负荷预测,165.0,130.0,67.77092963533642,
core,remove_volume,C0714,层状及富镍锂电正极材料,103.0,56.0,81.6769388803287,
core,remove_volume,C0723,光伏光热联合系统,136.0,99.0,75.35952747817154,
core,remove_volume,C0727,钠离子电池负极材料,94.0,53.0,81.98510529019005,
core,remove_volume,C0728,钠离子电池正极材料,78.0,44.0,84.48895737031332,
core,remove_volume,C0744,潜热储热系统,95.0,54.0,81.92090395480227,
core,remove_citation,C0004,风能开发与风电技术经济,101.0,72.0,85.79545454545455,
core,remove_citation,C0005,钙钛矿氧化物电催化,88.0,132.0,73.27619414483821,
core,remove_citation,C0009,二氧化碳电还原催化,2.0,6.0,98.9695685670262,
core,remove_citation,C0011,光催化与光生物制氢,31.0,63.0,86.71995377503852,
core,remove_citation,C0012,聚合物介电绝缘与储能,146.0,152.0,67.70993836671802,
core,remove_citation,C0017,电磁场耦合与电磁换能,190.0,167.0,64.5897534668721,
core,remove_citation,C0024,海洋资源开发与海上工程,178.0,142.0,69.74191063174113,
core,remove_citation,C0027,变压器与高压开关设备,188.0,164.0,65.3120184899846,
core,remove_citation,C0028,电动汽车充电设施及并网,83.0,68.0,86.11325115562404,
core,remove_citation,C0031,车辆驱动制动与运动控制,155.0,123.0,74.55701078582435,
core,remove_citation,C0033,石油产业与油价经济,135.0,90.0,81.21147919876734,
core,remove_citation,C0037,光催化二氧化碳转化与氧化还原,3.0,8.0,98.80585516178736,
core,remove_citation,C0044,二氧化碳及混合气体膜分离,116.0,141.0,69.91525423728812,
core,remove_citation,C0046,煤气化与燃煤清洁转化,148.0,162.0,65.95724191063174,
core,remove_citation,C0048,配电网柔性调度与协同规划,100.0,79.0,84.08127889060091,
core,remove_citation,C0050,固态及凝胶聚合物电解质,34.0,57.0,88.83859784283513,
core,remove_citation,C0056,电储能系统配置与运行,52.0,54.0,89.23343605546997,
core,remove_citation,C0059,厌氧过程微生物与生物能源,53.0,77.0,84.82280431432973,
core,remove_citation,C0060,超级电容器电极与器件,1.0,1.0,99.711093990755,
core,remove_citation,C0063,生物质热解与炭化,32.0,22.0,94.7515408320493,
core,remove_citation,C0067,钙钛矿太阳能电池界面与器件性能,5.0,3.0,99.23921417565484,
core,remove_citation,C0069,宽禁带半导体外延与结器件,156.0,147.0,68.87519260400616,
core,remove_citation,C0072,氢能产业与制氢技术经济,20.0,14.0,96.83166409861325,
core,remove_citation,C0082,智能电网体系与通信,143.0,117.0,76.26155624036979,
core,remove_citation,C0083,配电网电压无功与电能质量,158.0,127.0,73.87326656394453,
core,remove_citation,C0086,光伏组件性能建模与故障检测,60.0,47.0,90.88983050847456,
core,remove_citation,C0088,污水厌氧处理与产能回收,114.0,110.0,77.77349768875193,
core,remove_citation,C0091,等离子体湍流与不稳定性,172.0,143.0,69.64560862865947,
core,remove_citation,C0098,建筑与工业冷却节能,120.0,112.0,77.40755007704159,
core,remove_citation,C0102,电力设备与线路故障检测、定位和诊断,70.0,40.0,91.47727272727272,
core,remove_citation,C0104,发动机燃气轮机与动力机械,184.0,160.0,66.18836671802774,
core,remove_citation,C0105,微电网能量管理与优化,69.0,61.0,87.17257318952234,
core,remove_citation,C0106,电动汽车推广与整车能耗,57.0,18.0,95.54121725731896,
core,remove_citation,C0109,水系锌电池与锌空气电池,22.0,48.0,90.45647149460709,
core,remove_citation,C0115,二氧化碳吸收溶解与水合物,82.0,89.0,81.24036979969182,
core,remove_citation,C0117,制冷循环工质与能效,122.0,94.0,80.99961479198767,
core,remove_citation,C0120,电力载波与通信传输,180.0,155.0,67.15138674884437,
core,remove_citation,C0121,波浪能装置与海洋水动力,59.0,37.0,92.18027734976889,
core,remove_citation,C0122,热电材料与热电性能优化,16.0,9.0,98.69029275808936,
core,remove_citation,C0123,磁约束等离子体运行与边界,154.0,130.0,73.42064714946072,
core,remove_citation,C0124,电力系统碳计量与低碳调度,163.0,159.0,66.29429892141756,
core,remove_citation,C0125,重整气化与合成气制氢,73.0,81.0,83.44568567026194,
core,remove_citation,C0127,质子交换及功能聚合物膜,62.0,93.0,81.14406779661016,
core,remove_citation,C0129,生物质与污泥厌氧消化产气,46.0,38.0,91.92989214175654,
core,remove_citation,C0130,能源网络安全与隐私保护,79.0,31.0,93.20107858243452,
core,remove_citation,C0132,超级电容器复合电极材料,19.0,42.0,91.4580123266564,
core,remove_citation,C0136,电力市场机制与产消者经济,119.0,84.0,82.3959938366718,
core,remove_citation,C0137,电解与其他路线制氢技术,41.0,55.0,89.13713405238829,
core,remove_citation,C0138,光伏出力预测与系统参数建模,43.0,27.0,93.96186440677964,
core,remove_citation,C0139,变压器油纸绝缘诊断,196.0,194.0,59.75539291217258,
core,remove_citation,C0140,厌氧微生物产甲烷机制,85.0,90.0,81.21147919876734,
core,remove_citation,C0143,微电网变流器协调与功率分配,63.0,53.0,89.43567026194145,
core,remove_citation,C0144,能源作物种植与生物质采收,170.0,140.0,70.05007704160246,
core,remove_citation,C0146,铁基催化剂与氧电催化,9.0,15.0,96.3308936825886,
core,remove_citation,C0150,储能技术与能量转换综述,124.0,154.0,67.30546995377503,
core,remove_citation,C0151,多孔碳吸附二氧化碳,29.0,32.0,93.10477657935284,
core,remove_citation,C0154,无线电能传输电路与系统,110.0,99.0,79.76694915254238,
core,remove_citation,C0155,电解水析氧催化,3.0,2.0,99.42218798151,
core,remove_citation,C0156,电力交易竞价与市场优化,89.0,71.0,85.93027734976889,
core,remove_citation,C0158,有机光伏材料、器件与载流子输运,18.0,19.0,95.43528505392912,
core,remove_citation,C0159,太阳辐照预测与光伏环境建模,98.0,78.0,84.53389830508475,
core,remove_citation,C0161,车辆操稳道路与轮胎交互,164.0,133.0,72.5924499229584,
core,remove_citation,C0164,输电线路雷电接地与电磁影响,195.0,177.0,62.25924499229584,
core,remove_citation,C0165,天然气供能与燃气动力系统,187.0,172.0,63.37634822804314,
core,remove_citation,C0166,多类太阳能电池结构与性能,92.0,95.0,80.97072419106317,
core,remove_citation,C0169,电池荷电状态健康状态与建模,35.0,41.0,91.46764252696455,
core,remove_citation,C0171,最优潮流与电网优化运行,160.0,136.0,71.85092449922959,
core,remove_citation,C0172,燃烧稳定与低污染排放,130.0,126.0,74.22958397534669,
core,remove_citation,C0176,光伏最大功率点跟踪,67.0,36.0,92.1995377503852,
core,remove_citation,C0181,聚变装置与粒子束工程,193.0,182.0,61.373266563944526,
core,remove_citation,C0183,通用控制器与电力控制算法,64.0,45.0,91.1113251155624,
core,remove_citation,C0185,风电场运行与功率优化,107.0,97.0,80.77812018489985,
core,remove_citation,C0186,煤热解气化与煤质特性,102.0,114.0,76.93567026194144,
core,remove_citation,C0189,风力机叶片与气动设计,44.0,19.0,95.43528505392912,
core,remove_citation,C0191,固态储氢材料与反应器,15.0,23.0,94.72265023112482,
core,remove_citation,C0195,碳捕集封存与碳移除系统,65.0,43.0,91.30392912172572,
core,remove_citation,C0196,混合动力与整车能量管理,50.0,35.0,92.3728813559322,
core,remove_citation,C0200,直流输电保护与故障限流,147.0,128.0,73.51694915254237,
core,remove_citation,C0205,电池测试表征与性能评估,86.0,82.0,82.88713405238828,
core,remove_citation,C0210,地热资源开发与换热,97.0,76.0,85.14060092449922,
core,remove_citation,C0211,直流变换器拓扑与设计,90.0,73.0,85.67989214175655,
core,remove_citation,C0212,等离子体波与高能粒子作用,149.0,121.0,75.38520801232666,
core,remove_citation,C0213,电力电缆绝缘与运行诊断,185.0,168.0,63.90600924499229,
core,remove_citation,C0216,电力可靠性与电气安全,176.0,139.0,70.2426810477658,
core,remove_citation,C0220,局部放电电晕与放电物理,192.0,184.0,61.35400616332819,
core,remove_citation,C0221,锂金属沉积与含锂电极材料,26.0,27.0,93.96186440677968,
core,remove_citation,C0222,木质纤维素预处理与生化转化,49.0,75.0,85.42950693374422,
core,remove_citation,C0223,泵水轮机与水力机械流动,105.0,88.0,81.50038520801233,
core,remove_citation,C0227,空调通风与空气处理,162.0,135.0,72.08204930662556,
core,remove_citation,C0228,能源审计与综合节能评估,145.0,104.0,78.9580123266564,
core,remove_citation,C0233,半导体光电化学水分解,25.0,49.0,90.41795069337442,
core,remove_citation,C0234,软开关谐振与交流变换器,167.0,146.0,69.28929121725731,
core,remove_citation,C0235,热电发电器件与热设计,95.0,69.0,86.01694915254238,
core,remove_citation,C0236,氢能供给加氢与系统集成,47.0,64.0,86.63328197226502,
core,remove_citation,C0237,分布式光伏部署与技术经济,45.0,5.0,99.03697996918336,
core,remove_citation,C0243,生物油热解与燃料升级,72.0,67.0,86.27696456086287,
core,remove_citation,C0245,碳基超级电容器电极,24.0,51.0,89.52234206471495,
core,remove_citation,C0246,虚拟电厂资源聚合与调度,171.0,201.0,58.7731124807396,
core,remove_citation,C0250,热力循环余热与联供系统,118.0,100.0,79.34322033898304,
core,remove_citation,C0251,充电站选址与充电调度,38.0,24.0,94.53967642526965,
core,remove_citation,C0252,热泵与区域供热供冷,121.0,101.0,79.20839753466872,
core,remove_citation,C0253,二氧化碳加氢与多类催化反应,36.0,56.0,89.0504622496148,
core,remove_citation,C0254,电催化析氢与界面调控,6.0,7.0,98.87326656394454,
core,remove_citation,C0258,综合能源系统协同管理与优化调度,23.0,4.0,99.21032357473034,
core,remove_citation,C0259,锂硫电池正极与多硫化物调控,30.0,58.0,88.81933744221881,
core,remove_citation,C0265,覆冰冻结与除冰传热,191.0,196.0,59.38944530046224,
core,remove_citation,C0271,沼气及多路线生物燃料,76.0,65.0,86.39252696456086,
core,remove_citation,C0275,风电发电机与并网控制,111.0,102.0,79.16024653312789,
core,remove_citation,C0276,锂离子电池负极材料,13.0,13.0,97.05315870570108,
core,remove_citation,C0278,整体电催化水分解,7.0,12.0,97.12057010785824,
core,remove_citation,C0285,热泵换热器与热管理设计,74.0,80.0,83.89830508474576,
core,remove_citation,C0286,燃料电池铂基催化剂,17.0,29.0,93.34553158705702,
core,remove_citation,C0287,核裂变聚变与核电工程,182.0,156.0,66.83359013867488,
core,remove_citation,C0293,电池系统管理与全寿命利用,42.0,25.0,94.39522342064714,
core,remove_citation,C0296,供水管网水力状态与节能调度,174.0,158.0,66.32318952234206,
core,remove_citation,C0297,废旧锂电池回收、分离与材料再生,27.0,50.0,89.75346687211093,
core,remove_citation,C0298,场效应晶体管结构与建模,161.0,151.0,68.08551617873651,
core,remove_citation,C0302,制冷循环与余热驱动制冷,84.0,108.0,78.20685670261942,
core,remove_citation,C0306,电能质量谐波检测与信号分析,175.0,145.0,69.37596302003081,
core,remove_citation,C0307,对流換热与换热器热工分析,93.0,62.0,87.08590138674884,
core,remove_citation,C0316,多种燃料燃烧与排放评估,139.0,118.0,76.10747303543913,
core,remove_citation,C0319,等离子体动力学与磁约束,197.0,188.0,60.97842835130971,
core,remove_citation,C0320,二氧化碳捕集材料与工艺,51.0,66.0,86.34437596302003,
core,remove_citation,C0327,风速与风电出力预测,117.0,122.0,74.83628659476118,
core,remove_citation,C0328,太阳能集热器与光热利用,56.0,33.0,92.52696456086284,
core,remove_citation,C0330,太阳能界面蒸发与海水淡化,13.0,21.0,94.97303543913712,
core,remove_citation,C0337,光伏跟踪与太阳能装置控制,201.0,202.0,58.58050847457626,
core,remove_citation,C0338,相变储热材料与传热增强,37.0,44.0,91.13058551617873,
core,remove_citation,C0340,甲醇电氧化与贵金属催化剂,75.0,98.0,80.26771956856703,
core,remove_citation,C0342,生物质热解气化与水热转化,54.0,85.0,82.23228043143297,
core,remove_citation,C0343,锂电池热行为与安全机制,28.0,46.0,91.04391371340525,
core,remove_citation,C0348,智能电网信息安全与韧性,80.0,74.0,85.58359013867488,
core,remove_citation,C0369,多体系二次电池材料与电解液综述,10.0,10.0,98.13174114021572,
core,remove_citation,C0371,太阳辐射测量估算与大气影响,173.0,144.0,69.52041602465331,
core,remove_citation,C0372,电力节能与新能源应用泛论,194.0,173.0,63.22226502311248,
core,remove_citation,C0378,纳米流体传热性质与强化,76.0,86.0,82.1937596302003,
core,remove_citation,C0379,锅炉蒸汽系统与汽轮机运行,183.0,157.0,66.43875192604006,
core,remove_citation,C0380,天然气管网供给与市场治理,200.0,192.0,60.22727272727272,
core,remove_citation,C0381,光伏发电功率预测方法与装置,153.0,174.0,63.21263482280431,
core,remove_citation,C0383,交通运输车辆与燃料效率,87.0,70.0,85.9495377503852,
core,remove_citation,C0385,辐照材料损伤与稳定性,159.0,134.0,72.13020030816641,
core,remove_citation,C0386,感应电机运行控制与性能,150.0,109.0,77.86979969183359,
core,remove_citation,C0391,水力发电与水轮机系统,144.0,129.0,73.43990755007704,
core,remove_citation,C0394,电力负荷需求与电价预测,55.0,39.0,91.76617873651772,
core,remove_citation,C0407,水系锌电池负极及界面稳定,12.0,26.0,94.17372881355932,
core,remove_citation,C0408,配电网重构与优化运行,112.0,107.0,78.38020030816641,
core,remove_citation,C0412,质子交换膜燃料电池运行与建模,104.0,131.0,73.35323574730353,
core,remove_citation,C0417,固体氧化物电解池与可逆电化学单元,91.0,106.0,78.45724191063175,
core,remove_citation,C0420,碳化硅功率半导体器件,125.0,120.0,76.04969183359015,
core,remove_citation,C0421,柴油机及多燃料内燃机性能,177.0,161.0,66.01502311248073,
core,remove_citation,C0426,太阳能光热及光伏光热系统,40.0,60.0,88.29930662557781,
core,remove_citation,C0427,通用电气工程应用与技术资料,202.0,198.0,59.15832049306625,
core,remove_citation,C0430,电力系统电磁暂态与实时仿真,199.0,193.0,59.996147919876734,
core,remove_citation,C0435,智能电表物联网与用能监测,157.0,119.0,76.0882126348228,
core,remove_citation,C0436,钠离子电池电极材料,8.0,11.0,97.25539291217255,
core,remove_citation,C0439,电气化铁路牵引与供电,198.0,191.0,60.67026194144838,
core,remove_citation,C0443,建筑能效与居民供热用能,48.0,34.0,92.49807395993837,
core,remove_citation,C0446,电力扰动孤岛及异常识别算法,39.0,17.0,95.97457627118644,
core,remove_citation,C0448,水资源调度灌溉与水能利用,152.0,124.0,74.48959938366717,
core,remove_citation,C0451,电力系统暂态电压与稳定性分析,108.0,96.0,80.94183359013869,
core,remove_citation,C0452,风光储及混合能源系统配置,61.0,52.0,89.49345146379044,
core,remove_citation,C0457,电网状态估计相量测量与系统分析,169.0,148.0,68.69221879815099,
core,remove_citation,C0461,电催化制氨与氮循环反应,11.0,16.0,96.13828967642527,
core,remove_citation,C0462,超导电力装置与故障限流,189.0,181.0,61.72958397534668,
core,remove_citation,C0463,区域供热预测与热系统建模,99.0,82.0,82.88713405238828,
core,remove_citation,C0464,潜热及热化学储热系统,71.0,87.0,81.80855161787365,
core,remove_citation,C0465,功率因数校正与变流器电流控制,137.0,116.0,76.64676425269644,
core,remove_citation,C0472,多电平逆变器拓扑与调制,133.0,113.0,77.05123266563945,
core,remove_citation,C0473,二氧化碳地质封存与驱油,33.0,30.0,93.32627118644066,
core,remove_citation,C0481,微生物燃料电池与生物产电,81.0,103.0,79.09283513097071,
core,remove_citation,C0484,配电系统供电设备与可靠性,151.0,111.0,77.60015408320493,
core,remove_citation,C0485,锂钠储能负极纳米材料,65.0,90.0,81.21147919876734,
core,remove_citation,C0487,电池冷却与散热,58.0,105.0,78.66910631741139,
core,remove_citation,C0501,钠电池电解液与界面,142.0,195.0,59.70724191063174,
core,remove_citation,C0532,钙钛矿叠层太阳能电池,126.0,184.0,61.35400616332819,
core,remove_citation,C0533,氮化镓功率与结器件,181.0,199.0,58.89830508474576,
core,remove_citation,C0534,氢能技术经济与生命周期,129.0,187.0,61.16140215716487,
core,remove_citation,C0552,微电网能量管理与经济调度,128.0,165.0,65.06163328197225,
core,remove_citation,C0555,锌空气电池,134.0,189.0,60.74730354391371,
core,remove_citation,C0556,水系锌离子电池,21.0,59.0,88.69414483821262,
core,remove_citation,C0564,波浪能转换装置,179.0,200.0,58.85978428351309,
core,remove_citation,C0576,碱性水电解制氢,131.0,190.0,60.708782742681045,
core,remove_citation,C0577,质子交换膜水电解制氢,127.0,182.0,61.373266563944526,
core,remove_citation,C0592,电池荷电状态估计,106.0,150.0,68.30701078582435,
core,remove_citation,C0593,电池健康状态与寿命预测,68.0,115.0,76.73343605546995,
core,remove_citation,C0598,锂资源提取与分离,109.0,163.0,65.65870570107857,
core,remove_citation,C0616,锂金属负极界面稳定与枝晶抑制,115.0,170.0,63.80007704160246,
core,remove_citation,C0622,谐振与软开关变换器,186.0,197.0,59.29314329738058,
core,remove_citation,C0633,区域供热供冷系统,166.0,186.0,61.32511556240369,
core,remove_citation,C0634,二氧化碳催化加氢与甲烷化,141.0,169.0,63.848228043143294,
core,remove_citation,C0671,二氧化碳固体吸附捕集,113.0,153.0,67.68104776579354,
core,remove_citation,C0672,漂浮式海上风电平台,132.0,171.0,63.60747303543914,
core,remove_citation,C0675,风电出力预测,138.0,166.0,64.83050847457626,
core,remove_citation,C0680,生物质气化制合成气,140.0,178.0,62.230354391371336,
core,remove_citation,C0684,电池热失控与传播,123.0,180.0,62.037750385208,
core,remove_citation,C0700,永磁同步电机控制,168.0,176.0,62.76001540832049,
core,remove_citation,C0712,电力负荷预测,165.0,178.0,62.23035439137134,
core,remove_citation,C0714,层状及富镍锂电正极材料,103.0,149.0,68.49961479198767,
core,remove_citation,C0723,光伏光热联合系统,136.0,175.0,62.91409861325115,
core,remove_citation,C0727,钠离子电池负极材料,94.0,137.0,71.2731124807396,
core,remove_citation,C0728,钠离子电池正极材料,78.0,125.0,74.34514637904468,
core,remove_citation,C0744,潜热储热系统,95.0,138.0,70.91679506933744,
core,remove_institutions,C0004,风能开发与风电技术经济,101.0,108.0,72.28315054835494,
core,remove_institutions,C0005,钙钛矿氧化物电催化,88.0,83.0,77.46759720837488,
core,remove_institutions,C0009,二氧化碳电还原催化,2.0,2.0,98.49542282244175,
core,remove_institutions,C0011,光催化与光生物制氢,31.0,27.0,90.1024200126892,
core,remove_institutions,C0012,聚合物介电绝缘与储能,146.0,145.0,66.264841838122,
core,remove_institutions,C0017,电磁场耦合与电磁换能,190.0,191.0,54.51826339164325,
core,remove_institutions,C0024,海洋资源开发与海上工程,178.0,183.0,56.92921236291127,
core,remove_institutions,C0027,变压器与高压开关设备,188.0,189.0,55.5515272364724,
core,remove_institutions,C0028,电动汽车充电设施及并网,83.0,84.0,77.35883259312969,
core,remove_institutions,C0031,车辆驱动制动与运动控制,155.0,152.0,64.88715671168313,
core,remove_institutions,C0033,石油产业与油价经济,135.0,144.0,66.46424363273815,
core,remove_institutions,C0037,光催化二氧化碳转化与氧化还原,3.0,3.0,98.22351128432884,
core,remove_institutions,C0044,二氧化碳及混合气体膜分离,116.0,113.0,71.75745490800325,
core,remove_institutions,C0046,煤气化与燃煤清洁转化,148.0,140.0,67.38874286232213,
core,remove_institutions,C0048,配电网柔性调度与协同规划,100.0,97.0,74.78473669899392,
core,remove_institutions,C0050,固态及凝胶聚合物电解质,34.0,33.0,88.65222514275355,
core,remove_institutions,C0056,电储能系统配置与运行,52.0,54.0,82.68829874014321,
core,remove_institutions,C0059,厌氧过程微生物与生物能源,53.0,60.0,81.76379951055922,
core,remove_institutions,C0060,超级电容器电极与器件,1.0,1.0,98.87609897579986,
core,remove_institutions,C0063,生物质热解与炭化,32.0,39.0,86.91199129883078,
core,remove_institutions,C0067,钙钛矿太阳能电池界面与器件性能,5.0,8.0,97.33526692649323,
core,remove_institutions,C0069,宽禁带半导体外延与结器件,156.0,156.0,64.30707876370889,
core,remove_institutions,C0072,氢能产业与制氢技术经济,20.0,29.0,89.48608719296654,
core,remove_institutions,C0082,智能电网体系与通信,143.0,148.0,65.75727363364452,
core,remove_institutions,C0083,配电网电压无功与电能质量,158.0,158.0,63.96265748209915,
core,remove_institutions,C0086,光伏组件性能建模与故障检测,60.0,71.0,79.67914438502673,
core,remove_institutions,C0088,污水厌氧处理与产能回收,114.0,135.0,68.38575183540289,
core,remove_institutions,C0091,等离子体湍流与不稳定性,172.0,171.0,60.31904287138584,
core,remove_institutions,C0098,建筑与工业冷却节能,120.0,129.0,69.18335901386749,
core,remove_institutions,C0102,电力设备与线路故障检测、定位和诊断,70.0,74.0,79.37097797516542,
core,remove_institutions,C0104,发动机燃气轮机与动力机械,184.0,186.0,55.87782108220792,
core,remove_institutions,C0105,微电网能量管理与优化,69.0,70.0,79.78790900027192,
core,remove_institutions,C0106,电动汽车推广与整车能耗,57.0,72.0,79.58850720565577,
core,remove_institutions,C0109,水系锌电池与锌空气电池,22.0,18.0,92.5677512915798,
core,remove_institutions,C0115,二氧化碳吸收溶解与水合物,82.0,79.0,77.97516541285235,
core,remove_institutions,C0117,制冷循环工质与能效,122.0,137.0,68.18635004078672,
core,remove_institutions,C0120,电力载波与通信传输,180.0,182.0,57.03797697815644,
core,remove_institutions,C0121,波浪能装置与海洋水动力,59.0,58.0,82.18073053566575,
core,remove_institutions,C0122,热电材料与热电性能优化,16.0,21.0,91.7882715489894,
core,remove_institutions,C0123,磁约束等离子体运行与边界,154.0,146.0,66.17420465875101,
core,remove_institutions,C0124,电力系统碳计量与低碳调度,163.0,163.0,63.328197226502304,
core,remove_institutions,C0125,重整气化与合成气制氢,73.0,75.0,79.26221335992022,
core,remove_institutions,C0127,质子交换及功能聚合物膜,62.0,53.0,82.76080848363998,
core,remove_institutions,C0129,生物质与污泥厌氧消化产气,46.0,49.0,83.26837668811746,
core,remove_institutions,C0130,能源网络安全与隐私保护,79.0,88.0,76.63373515816188,
core,remove_institutions,C0132,超级电容器复合电极材料,19.0,25.0,90.84564488353124,
core,remove_institutions,C0136,电力市场机制与产消者经济,119.0,131.0,68.91144747575456,
core,remove_institutions,C0137,电解与其他路线制氢技术,41.0,40.0,85.93310976162421,
core,remove_institutions,C0138,光伏出力预测与系统参数建模,43.0,46.0,83.59467053385299,
core,remove_institutions,C0139,变压器油纸绝缘诊断,196.0,194.0,53.46687211093991,
core,remove_institutions,C0140,厌氧微生物产甲烷机制,85.0,93.0,75.52796156983594,
core,remove_institutions,C0143,微电网变流器协调与功率分配,63.0,61.0,81.20184899845918,
core,remove_institutions,C0144,能源作物种植与生物质采收,170.0,177.0,58.488171848092094,
core,remove_institutions,C0146,铁基催化剂与氧电催化,9.0,10.0,96.44702256865769,
core,remove_institutions,C0150,储能技术与能量转换综述,124.0,126.0,69.87220157708691,
core,remove_institutions,C0151,多孔碳吸附二氧化碳,29.0,34.0,88.36218616876641,
core,remove_institutions,C0154,无线电能传输电路与系统,110.0,114.0,71.57618054926131,
core,remove_institutions,C0155,电解水析氧催化,3.0,4.0,98.16912897670623,
core,remove_institutions,C0156,电力交易竞价与市场优化,89.0,94.0,75.20166772410043,
core,remove_institutions,C0158,有机光伏材料、器件与载流子输运,18.0,20.0,91.91516360010876,
core,remove_institutions,C0159,太阳辐照预测与光伏环境建模,98.0,107.0,72.37378772772591,
core,remove_institutions,C0161,车辆操稳道路与轮胎交互,164.0,168.0,61.98676697181183,
core,remove_institutions,C0164,输电线路雷电接地与电磁影响,195.0,195.0,53.303725188072136,
core,remove_institutions,C0165,天然气供能与燃气动力系统,187.0,187.0,55.76905646696275,
core,remove_institutions,C0166,多类太阳能电池结构与性能,92.0,95.0,74.8935013142391,
core,remove_institutions,C0169,电池荷电状态健康状态与建模,35.0,35.0,88.32593129701804,
core,remove_institutions,C0171,最优潮流与电网优化运行,160.0,159.0,63.94453004622496,
core,remove_institutions,C0172,燃烧稳定与低污染排放,130.0,136.0,68.25885978428352,
core,remove_institutions,C0176,光伏最大功率点跟踪,67.0,72.0,79.58850720565576,
core,remove_institutions,C0181,聚变装置与粒子束工程,193.0,193.0,54.17384211003353,
core,remove_institutions,C0183,通用控制器与电力控制算法,64.0,65.0,80.18671258950421,
core,remove_institutions,C0185,风电场运行与功率优化,107.0,118.0,70.90546542191606,
core,remove_institutions,C0186,煤热解气化与煤质特性,102.0,89.0,76.36182362004892,
core,remove_institutions,C0189,风力机叶片与气动设计,44.0,44.0,84.48291489168855,
core,remove_institutions,C0191,固态储氢材料与反应器,15.0,16.0,93.67352487990571,
core,remove_institutions,C0195,碳捕集封存与碳移除系统,65.0,82.0,77.55823438774586,
core,remove_institutions,C0196,混合动力与整车能量管理,50.0,47.0,83.504033354482,
core,remove_institutions,C0200,直流输电保护与故障限流,147.0,143.0,66.6999002991027,
core,remove_institutions,C0205,电池测试表征与性能评估,86.0,80.0,77.90265566935557,
core,remove_institutions,C0210,地热资源开发与换热,97.0,98.0,74.02338439227772,
core,remove_institutions,C0211,直流变换器拓扑与设计,90.0,91.0,75.98114746669083,
core,remove_institutions,C0212,等离子体波与高能粒子作用,149.0,147.0,65.8660382488897,
core,remove_institutions,C0213,电力电缆绝缘与运行诊断,185.0,185.0,56.131605184446656,
core,remove_institutions,C0216,电力可靠性与电气安全,176.0,177.0,58.48817184809209,
core,remove_institutions,C0220,局部放电电晕与放电物理,192.0,192.0,54.31886159702709,
core,remove_institutions,C0221,锂金属沉积与含锂电极材料,26.0,28.0,89.7217438593311,
core,remove_institutions,C0222,木质纤维素预处理与生化转化,49.0,48.0,83.44965104685943,
core,remove_institutions,C0223,泵水轮机与水力机械流动,105.0,110.0,71.90247439499683,
core,remove_institutions,C0227,空调通风与空气处理,162.0,162.0,63.41883440587328,
core,remove_institutions,C0228,能源审计与综合节能评估,145.0,150.0,65.06843107042509,
core,remove_institutions,C0233,半导体光电化学水分解,25.0,23.0,90.9544094987764,
core,remove_institutions,C0234,软开关谐振与交流变换器,167.0,169.0,61.13477748572465,
core,remove_institutions,C0235,热电发电器件与热设计,95.0,100.0,73.60645336717121,
core,remove_institutions,C0236,氢能供给加氢与系统集成,47.0,42.0,84.7548264298015,
core,remove_institutions,C0237,分布式光伏部署与技术经济,45.0,55.0,82.45264207377865,
core,remove_institutions,C0243,生物油热解与燃料升级,72.0,76.0,78.6096256684492,
core,remove_institutions,C0245,碳基超级电容器电极,24.0,22.0,91.11755642164415,
core,remove_institutions,C0246,虚拟电厂资源聚合与调度,171.0,166.0,62.5668449197861,
core,remove_institutions,C0250,热力循环余热与联供系统,118.0,134.0,68.58515363001902,
core,remove_institutions,C0251,充电站选址与充电调度,38.0,36.0,87.41955950330825,
core,remove_institutions,C0252,热泵与区域供热供冷,121.0,133.0,68.83893773225778,
core,remove_institutions,C0253,二氧化碳加氢与多类催化反应,36.0,32.0,88.72473488625033,
core,remove_institutions,C0254,电催化析氢与界面调控,6.0,7.0,97.4802864134868,
core,remove_institutions,C0258,综合能源系统协同管理与优化调度,23.0,31.0,88.96039155261487,
core,remove_institutions,C0259,锂硫电池正极与多硫化物调控,30.0,19.0,92.45898667633465,
core,remove_institutions,C0265,覆冰冻结与除冰传热,191.0,190.0,54.6995377503852,
core,remove_institutions,C0271,沼气及多路线生物燃料,76.0,87.0,77.01441131151998,
core,remove_institutions,C0275,风电发电机与并网控制,111.0,117.0,71.21363183177739,
core,remove_institutions,C0276,锂离子电池负极材料,13.0,15.0,94.27173026375418,
core,remove_institutions,C0278,整体电催化水分解,7.0,5.0,97.98785461796427,
core,remove_institutions,C0285,热泵换热器与热管理设计,74.0,64.0,80.34985951237198,
core,remove_institutions,C0286,燃料电池铂基催化剂,17.0,17.0,92.89404513731532,
core,remove_institutions,C0287,核裂变聚变与核电工程,182.0,181.0,57.05610441403063,
core,remove_institutions,C0293,电池系统管理与全寿命利用,42.0,45.0,83.75781745672073,
core,remove_institutions,C0296,供水管网水力状态与节能调度,174.0,174.0,59.10450466781474,
core,remove_institutions,C0297,废旧锂电池回收、分离与材料再生,27.0,26.0,90.1205474485634,
core,remove_institutions,C0298,场效应晶体管结构与建模,161.0,154.0,64.37958850720565,
core,remove_institutions,C0302,制冷循环与余热驱动制冷,84.0,68.0,79.87854617964287,
core,remove_institutions,C0306,电能质量谐波检测与信号分析,175.0,175.0,58.97761261669536,
core,remove_institutions,C0307,对流換热与换热器热工分析,93.0,103.0,73.44330644430346,
core,remove_institutions,C0316,多种燃料燃烧与排放评估,139.0,149.0,65.55787183902837,
core,remove_institutions,C0319,等离子体动力学与磁约束,197.0,197.0,52.52424544548173,
core,remove_institutions,C0320,二氧化碳捕集材料与工艺,51.0,52.0,82.7789359195142,
core,remove_institutions,C0327,风速与风电出力预测,117.0,124.0,70.03534849995468,
core,remove_institutions,C0328,太阳能集热器与光热利用,56.0,63.0,80.40424181999455,
core,remove_institutions,C0330,太阳能界面蒸发与海水淡化,13.0,14.0,94.65240641711227,
core,remove_institutions,C0337,光伏跟踪与太阳能装置控制,201.0,201.0,49.859512371974986,
core,remove_institutions,C0338,相变储热材料与传热增强,37.0,38.0,86.98450104232755,
core,remove_institutions,C0340,甲醇电氧化与贵金属催化剂,75.0,77.0,78.19269464334269,
core,remove_institutions,C0342,生物质热解气化与水热转化,54.0,56.0,82.39825976615607,
core,remove_institutions,C0343,锂电池热行为与安全机制,28.0,24.0,90.918154627028,
core,remove_institutions,C0348,智能电网信息安全与韧性,80.0,78.0,78.10205746397172,
core,remove_institutions,C0369,多体系二次电池材料与电解液综述,10.0,12.0,95.9031994924318,
core,remove_institutions,C0371,太阳辐射测量估算与大气影响,173.0,179.0,58.27064261760173,
core,remove_institutions,C0372,电力节能与新能源应用泛论,194.0,196.0,53.24934288044956,
core,remove_institutions,C0378,纳米流体传热性质与强化,76.0,69.0,79.8422913078945,
core,remove_institutions,C0379,锅炉蒸汽系统与汽轮机运行,183.0,184.0,56.53040877367896,
core,remove_institutions,C0380,天然气管网供给与市场治理,200.0,200.0,50.13142391008791,
core,remove_institutions,C0381,光伏发电功率预测方法与装置,153.0,142.0,66.75428260672528,
core,remove_institutions,C0383,交通运输车辆与燃料效率,87.0,96.0,74.83911900661651,
core,remove_institutions,C0385,辐照材料损伤与稳定性,159.0,155.0,64.36146107133146,
core,remove_institutions,C0386,感应电机运行控制与性能,150.0,153.0,64.66962748119279,
core,remove_institutions,C0391,水力发电与水轮机系统,144.0,151.0,65.0503036345509,
core,remove_institutions,C0394,电力负荷需求与电价预测,55.0,67.0,80.02356566663644,
core,remove_institutions,C0407,水系锌电池负极及界面稳定,12.0,6.0,97.589051028732,
core,remove_institutions,C0408,配电网重构与优化运行,112.0,115.0,71.52179824163872,
core,remove_institutions,C0412,质子交换膜燃料电池运行与建模,104.0,104.0,73.40705157255506,
core,remove_institutions,C0417,固体氧化物电解池与可逆电化学单元,91.0,92.0,75.6729810568295,
core,remove_institutions,C0420,碳化硅功率半导体器件,125.0,123.0,70.18036798694823,
core,remove_institutions,C0421,柴油机及多燃料内燃机性能,177.0,176.0,58.59693646333726,
core,remove_institutions,C0426,太阳能光热及光伏光热系统,40.0,36.0,87.41955950330824,
core,remove_institutions,C0427,通用电气工程应用与技术资料,202.0,202.0,49.18879724462975,
core,remove_institutions,C0430,电力系统电磁暂态与实时仿真,199.0,199.0,50.87464878092993,
core,remove_institutions,C0435,智能电表物联网与用能监测,157.0,160.0,63.92640261035076,
core,remove_institutions,C0436,钠离子电池电极材料,8.0,9.0,97.13586513187708,
core,remove_institutions,C0439,电气化铁路牵引与供电,198.0,198.0,51.87165775401069,
core,remove_institutions,C0443,建筑能效与居民供热用能,48.0,51.0,82.88770053475936,
core,remove_institutions,C0446,电力扰动孤岛及异常识别算法,39.0,41.0,85.75183540288225,
core,remove_institutions,C0448,水资源调度灌溉与水能利用,152.0,165.0,62.838756457899024,
core,remove_institutions,C0451,电力系统暂态电压与稳定性分析,108.0,112.0,71.79370977975165,
core,remove_institutions,C0452,风光储及混合能源系统配置,61.0,66.0,80.13233028188162,
core,remove_institutions,C0457,电网状态估计相量测量与系统分析,169.0,170.0,60.44593492250521,
core,remove_institutions,C0461,电催化制氨与氮循环反应,11.0,11.0,96.13885615879634,
core,remove_institutions,C0462,超导电力装置与故障限流,189.0,188.0,55.58778210822079,
core,remove_institutions,C0463,区域供热预测与热系统建模,99.0,106.0,72.88135593220339,
core,remove_institutions,C0464,潜热及热化学储热系统,71.0,62.0,81.002447203843,
core,remove_institutions,C0465,功率因数校正与变流器电流控制,137.0,141.0,67.11683132420919,
core,remove_institutions,C0472,多电平逆变器拓扑与调制,133.0,139.0,68.11384029728995,
core,remove_institutions,C0473,二氧化碳地质封存与驱油,33.0,30.0,88.99664642436328,
core,remove_institutions,C0481,微生物燃料电池与生物产电,81.0,81.0,77.66699900299103,
core,remove_institutions,C0484,配电系统供电设备与可靠性,151.0,157.0,64.19831414846368,
core,remove_institutions,C0485,锂钠储能负极纳米材料,65.0,56.0,82.39825976615607,
core,remove_institutions,C0487,电池冷却与散热,58.0,43.0,84.57355207105955,
core,remove_institutions,C0501,钠电池电解液与界面,142.0,130.0,68.92957491162875,
core,remove_institutions,C0532,钙钛矿叠层太阳能电池,126.0,115.0,71.52179824163872,
core,remove_institutions,C0533,氮化镓功率与结器件,181.0,173.0,59.37641620592766,
core,remove_institutions,C0534,氢能技术经济与生命周期,129.0,122.0,70.32538747394182,
core,remove_institutions,C0552,微电网能量管理与经济调度,128.0,125.0,69.9265838847095,
core,remove_institutions,C0555,锌空气电池,134.0,121.0,70.45227952506119,
core,remove_institutions,C0556,水系锌离子电池,21.0,13.0,94.88806308347684,
core,remove_institutions,C0564,波浪能转换装置,179.0,172.0,60.1015136408955,
core,remove_institutions,C0576,碱性水电解制氢,131.0,120.0,70.61542644792894,
core,remove_institutions,C0577,质子交换膜水电解制氢,127.0,111.0,71.82996465150005,
core,remove_institutions,C0592,电池荷电状态估计,106.0,99.0,73.6608356747938,
core,remove_institutions,C0593,电池健康状态与寿命预测,68.0,50.0,83.17773950874648,
core,remove_institutions,C0598,锂资源提取与分离,109.0,102.0,73.47956131605183,
core,remove_institutions,C0616,锂金属负极界面稳定与枝晶抑制,115.0,101.0,73.57019849542282,
core,remove_institutions,C0622,谐振与软开关变换器,186.0,180.0,57.40052569564035,
core,remove_institutions,C0633,区域供热供冷系统,166.0,164.0,63.09254056013776,
core,remove_institutions,C0634,二氧化碳催化加氢与甲烷化,141.0,138.0,68.13196773316415,
core,remove_institutions,C0671,二氧化碳固体吸附捕集,113.0,109.0,72.0656213178646,
core,remove_institutions,C0672,漂浮式海上风电平台,132.0,119.0,70.88733798604187,
core,remove_institutions,C0675,风电出力预测,138.0,128.0,69.32837850086105,
core,remove_institutions,C0680,生物质气化制合成气,140.0,132.0,68.89332003988035,
core,remove_institutions,C0684,电池热失控与传播,123.0,105.0,73.15326747031632,
core,remove_institutions,C0700,永磁同步电机控制,168.0,167.0,62.45808030454092,
core,remove_institutions,C0712,电力负荷预测,165.0,161.0,63.545726456992654,
core,remove_institutions,C0714,层状及富镍锂电正极材料,103.0,90.0,76.28931387655214,
core,remove_institutions,C0723,光伏光热联合系统,136.0,127.0,69.74530952596754,
core,remove_institutions,C0727,钠离子电池负极材料,94.0,85.0,77.32257772138131,
core,remove_institutions,C0728,钠离子电池正极材料,78.0,59.0,82.05383848454635,
core,remove_institutions,C0744,潜热储热系统,95.0,86.0,77.03253874739417,
core,remove_persistence,C0004,风能开发与风电技术经济,101.0,101.0,69.69999093628206,
core,remove_persistence,C0005,钙钛矿氧化物电催化,88.0,88.0,71.94779298468232,
core,remove_persistence,C0009,二氧化碳电还原催化,2.0,2.0,97.9787909000272,
core,remove_persistence,C0011,光催化与光生物制氢,31.0,31.0,86.59476117103236,
core,remove_persistence,C0012,聚合物介电绝缘与储能,146.0,146.0,59.7117737696003,
core,remove_persistence,C0017,电磁场耦合与电磁换能,190.0,190.0,46.55125532493428,
core,remove_persistence,C0024,海洋资源开发与海上工程,178.0,178.0,51.00154083204931,
core,remove_persistence,C0027,变压器与高压开关设备,188.0,188.0,47.55732801595214,
core,remove_persistence,C0028,电动汽车充电设施及并网,83.0,83.0,73.87836490528414,
core,remove_persistence,C0031,车辆驱动制动与运动控制,155.0,155.0,58.36127979697272,
core,remove_persistence,C0033,石油产业与油价经济,135.0,135.0,61.54264479289404,
core,remove_persistence,C0037,光催化二氧化碳转化与氧化还原,3.0,3.0,97.89721743859332,
core,remove_persistence,C0044,二氧化碳及混合气体膜分离,116.0,116.0,65.12281337804767,
core,remove_persistence,C0046,煤气化与燃煤清洁转化,148.0,148.0,59.58488171848092,
core,remove_persistence,C0048,配电网柔性调度与协同规划,100.0,100.0,69.86313785914983,
core,remove_persistence,C0050,固态及凝胶聚合物电解质,34.0,34.0,85.79715399256773,
core,remove_persistence,C0056,电储能系统配置与运行,52.0,52.0,79.8604187437687,
core,remove_persistence,C0059,厌氧过程微生物与生物能源,53.0,53.0,79.58850720565576,
core,remove_persistence,C0060,超级电容器电极与器件,1.0,1.0,98.7129520529321,
core,remove_persistence,C0063,生物质热解与炭化,32.0,32.0,86.17783014592587,
core,remove_persistence,C0067,钙钛矿太阳能电池界面与器件性能,5.0,5.0,97.036164234569,
core,remove_persistence,C0069,宽禁带半导体外延与结器件,156.0,156.0,58.0531133871114,
core,remove_persistence,C0072,氢能产业与制氢技术经济,20.0,20.0,89.07821988579714,
core,remove_persistence,C0082,智能电网体系与通信,143.0,143.0,60.29185171757454,
core,remove_persistence,C0083,配电网电压无功与电能质量,158.0,158.0,57.79026556693556,
core,remove_persistence,C0086,光伏组件性能建模与故障检测,60.0,60.0,78.26520438683947,
core,remove_persistence,C0088,污水厌氧处理与产能回收,114.0,114.0,65.23157799329285,
core,remove_persistence,C0091,等离子体湍流与不稳定性,172.0,172.0,52.97743134233662,
core,remove_persistence,C0098,建筑与工业冷却节能,120.0,120.0,64.34333363545727,
core,remove_persistence,C0102,电力设备与线路故障检测、定位和诊断,70.0,70.0,76.46152451735702,
core,remove_persistence,C0104,发动机燃气轮机与动力机械,184.0,184.0,48.45463609172483,
core,remove_persistence,C0105,微电网能量管理与优化,69.0,69.0,76.5793528505393,
core,remove_persistence,C0106,电动汽车推广与整车能耗,57.0,57.0,78.79996374512825,
core,remove_persistence,C0109,水系锌电池与锌空气电池,22.0,22.0,88.8425632194326,
core,remove_persistence,C0115,二氧化碳吸收溶解与水合物,82.0,82.0,73.89649234115835,
core,remove_persistence,C0117,制冷循环工质与能效,122.0,122.0,63.91733889241367,
core,remove_persistence,C0120,电力载波与通信传输,180.0,180.0,50.15861506389921,
core,remove_persistence,C0121,波浪能装置与海洋水动力,59.0,59.0,78.31958669446209,
core,remove_persistence,C0122,热电材料与热电性能优化,16.0,16.0,91.40759539563128,
core,remove_persistence,C0123,磁约束等离子体运行与边界,154.0,154.0,58.45191697634369,
core,remove_persistence,C0124,电力系统碳计量与低碳调度,163.0,163.0,55.76905646696274,
core,remove_persistence,C0125,重整气化与合成气制氢,73.0,73.0,75.64578990301821,
core,remove_persistence,C0127,质子交换及功能聚合物膜,62.0,62.0,77.64887156711684,
core,remove_persistence,C0129,生物质与污泥厌氧消化产气,46.0,46.0,82.2894951509109,
core,remove_persistence,C0130,能源网络安全与隐私保护,79.0,79.0,74.78473669899392,
core,remove_persistence,C0132,超级电容器复合电极材料,19.0,19.0,89.6764252696456,
core,remove_persistence,C0136,电力市场机制与产消者经济,119.0,119.0,64.39771594307983,
core,remove_persistence,C0137,电解与其他路线制氢技术,41.0,41.0,83.86658207196591,
core,remove_persistence,C0138,光伏出力预测与系统参数建模,43.0,43.0,82.64298015045772,
core,remove_persistence,C0139,变压器油纸绝缘诊断,196.0,196.0,44.4666001994018,
core,remove_persistence,C0140,厌氧微生物产甲烷机制,85.0,85.0,73.32547811112119,
core,remove_persistence,C0143,微电网变流器协调与功率分配,63.0,63.0,77.25913169582164,
core,remove_persistence,C0144,能源作物种植与生物质采收,170.0,170.0,53.104323393456,
core,remove_persistence,C0146,铁基催化剂与氧电催化,9.0,9.0,95.38656757001722,
core,remove_persistence,C0150,储能技术与能量转换综述,124.0,124.0,63.64542735430072,
core,remove_persistence,C0151,多孔碳吸附二氧化碳,29.0,29.0,87.49206924680503,
core,remove_persistence,C0154,无线电能传输电路与系统,110.0,110.0,65.62131786458805,
core,remove_persistence,C0155,电解水析氧催化,3.0,3.0,97.8972174385933,
core,remove_persistence,C0156,电力交易竞价与市场优化,89.0,89.0,71.74839119006616,
core,remove_persistence,C0158,有机光伏材料、器件与载流子输运,18.0,18.0,90.66437052478926,
core,remove_persistence,C0159,太阳辐照预测与光伏环境建模,98.0,98.0,70.3616423456902,
core,remove_persistence,C0161,车辆操稳道路与轮胎交互,164.0,164.0,55.67841928759177,
core,remove_persistence,C0164,输电线路雷电接地与电磁影响,195.0,195.0,44.57536481464696,
core,remove_persistence,C0165,天然气供能与燃气动力系统,187.0,187.0,47.58451916976344,
core,remove_persistence,C0166,多类太阳能电池结构与性能,92.0,92.0,71.24988670352579,
core,remove_persistence,C0169,电池荷电状态健康状态与建模,35.0,35.0,85.76996283875647,
core,remove_persistence,C0171,最优潮流与电网优化运行,160.0,160.0,57.55460890057101,
core,remove_persistence,C0172,燃烧稳定与低污染排放,130.0,130.0,62.54871748391191,
core,remove_persistence,C0176,光伏最大功率点跟踪,67.0,67.0,76.81500951690383,
core,remove_persistence,C0181,聚变装置与粒子束工程,193.0,193.0,45.33671712136318,
core,remove_persistence,C0183,通用控制器与电力控制算法,64.0,64.0,77.16849451645065,
core,remove_persistence,C0185,风电场运行与功率优化,107.0,107.0,66.17420465875101,
core,remove_persistence,C0186,煤热解气化与煤质特性,102.0,102.0,69.37369709054653,
core,remove_persistence,C0189,风力机叶片与气动设计,44.0,44.0,82.57953412489802,
core,remove_persistence,C0191,固态储氢材料与反应器,15.0,15.0,91.98767334360556,
core,remove_persistence,C0195,碳捕集封存与碳移除系统,65.0,65.0,76.98722015770869,
core,remove_persistence,C0196,混合动力与整车能量管理,50.0,50.0,80.56738874286232,
core,remove_persistence,C0200,直流输电保护与故障限流,147.0,147.0,59.6302003081664,
core,remove_persistence,C0205,电池测试表征与性能评估,86.0,86.0,73.30735067524698,
core,remove_persistence,C0210,地热资源开发与换热,97.0,97.0,70.46134324299828,
core,remove_persistence,C0211,直流变换器拓扑与设计,90.0,90.0,71.54898939545001,
core,remove_persistence,C0212,等离子体波与高能粒子作用,149.0,149.0,59.28577902655668,
core,remove_persistence,C0213,电力电缆绝缘与运行诊断,185.0,185.0,47.75672981056829,
core,remove_persistence,C0216,电力可靠性与电气安全,176.0,176.0,51.36408954953322,
core,remove_persistence,C0220,局部放电电晕与放电物理,192.0,192.0,45.86241276171486,
core,remove_persistence,C0221,锂金属沉积与含锂电极材料,26.0,26.0,87.89993655397444,
core,remove_persistence,C0222,木质纤维素预处理与生化转化,49.0,49.0,80.92087374240914,
core,remove_persistence,C0223,泵水轮机与水力机械流动,105.0,105.0,66.60019940179461,
core,remove_persistence,C0227,空调通风与空气处理,162.0,162.0,57.40958941357744,
core,remove_persistence,C0228,能源审计与综合节能评估,145.0,145.0,59.82053838484547,
core,remove_persistence,C0233,半导体光电化学水分解,25.0,25.0,88.58877911719387,
core,remove_persistence,C0234,软开关谐振与交流变换器,167.0,167.0,53.87473941810931,
core,remove_persistence,C0235,热电发电器件与热设计,95.0,95.0,70.56104414030635,
core,remove_persistence,C0236,氢能供给加氢与系统集成,47.0,47.0,81.32874104957854,
core,remove_persistence,C0237,分布式光伏部署与技术经济,45.0,45.0,82.45264207377865,
core,remove_persistence,C0243,生物油热解与燃料升级,72.0,72.0,76.1352306716215,
core,remove_persistence,C0245,碳基超级电容器电极,24.0,24.0,88.72473488625035,
core,remove_persistence,C0246,虚拟电厂资源聚合与调度,171.0,171.0,53.0771322396447,
core,remove_persistence,C0250,热力循环余热与联供系统,118.0,118.0,64.42490709689113,
core,remove_persistence,C0251,充电站选址与充电调度,38.0,38.0,85.32584065983868,
core,remove_persistence,C0252,热泵与区域供热供冷,121.0,121.0,63.97172120003626,
core,remove_persistence,C0253,二氧化碳加氢与多类催化反应,36.0,36.0,85.5977521979516,
core,remove_persistence,C0254,电催化析氢与界面调控,6.0,6.0,97.01803679869482,
core,remove_persistence,C0258,综合能源系统协同管理与优化调度,23.0,23.0,88.74286232212452,
core,remove_persistence,C0259,锂硫电池正极与多硫化物调控,30.0,30.0,87.37424091362277,
core,remove_persistence,C0265,覆冰冻结与除冰传热,191.0,191.0,46.18870660745038,
core,remove_persistence,C0271,沼气及多路线生物燃料,76.0,76.0,75.41013323665368,
core,remove_persistence,C0275,风电发电机与并网控制,111.0,111.0,65.44910722378319,
core,remove_persistence,C0276,锂离子电池负极材料,13.0,13.0,92.91217257318952,
core,remove_persistence,C0278,整体电催化水分解,7.0,7.0,96.7098703888335,
core,remove_persistence,C0285,热泵换热器与热管理设计,74.0,74.0,75.56421644158434,
core,remove_persistence,C0286,燃料电池铂基催化剂,17.0,17.0,91.12662013958123,
core,remove_persistence,C0287,核裂变聚变与核电工程,182.0,182.0,49.279434424000726,
core,remove_persistence,C0293,电池系统管理与全寿命利用,42.0,42.0,82.72455361189158,
core,remove_persistence,C0296,供水管网水力状态与节能调度,174.0,174.0,52.06199583068975,
core,remove_persistence,C0297,废旧锂电池回收、分离与材料再生,27.0,27.0,87.67334360554699,
core,remove_persistence,C0298,场效应晶体管结构与建模,161.0,161.0,57.41865313151454,
core,remove_persistence,C0302,制冷循环与余热驱动制冷,84.0,84.0,73.86930118734703,
core,remove_persistence,C0306,电能质量谐波检测与信号分析,175.0,175.0,51.96229493338167,
core,remove_persistence,C0307,对流換热与换热器热工分析,93.0,93.0,71.13205837034351,
core,remove_persistence,C0316,多种燃料燃烧与排放评估,139.0,139.0,61.01694915254237,
core,remove_persistence,C0319,等离子体动力学与磁约束,197.0,197.0,43.98622314873561,
core,remove_persistence,C0320,二氧化碳捕集材料与工艺,51.0,51.0,79.89667361551709,
core,remove_persistence,C0327,风速与风电出力预测,117.0,117.0,64.89622042962023,
core,remove_persistence,C0328,太阳能集热器与光热利用,56.0,56.0,78.82715489893954,
core,remove_persistence,C0330,太阳能界面蒸发与海水淡化,13.0,13.0,92.91217257318952,
core,remove_persistence,C0337,光伏跟踪与太阳能装置控制,201.0,201.0,40.53294661470135,
core,remove_persistence,C0338,相变储热材料与传热增强,37.0,37.0,85.38022296746125,
core,remove_persistence,C0340,甲醇电氧化与贵金属催化剂,75.0,75.0,75.55515272364724,
core,remove_persistence,C0342,生物质热解气化与水热转化,54.0,54.0,79.32565938547992,
core,remove_persistence,C0343,锂电池热行为与安全机制,28.0,28.0,87.65521616967278,
core,remove_persistence,C0348,智能电网信息安全与韧性,80.0,80.0,74.32248708420194,
core,remove_persistence,C0369,多体系二次电池材料与电解液综述,10.0,10.0,95.30499410858334,
core,remove_persistence,C0371,太阳辐射测量估算与大气影响,173.0,173.0,52.53330916341884,
core,remove_persistence,C0372,电力节能与新能源应用泛论,194.0,194.0,44.68412942989214,
core,remove_persistence,C0378,纳米流体传热性质与强化,76.0,76.0,75.41013323665368,
core,remove_persistence,C0379,锅炉蒸汽系统与汽轮机运行,183.0,183.0,48.9440768603281,
core,remove_persistence,C0380,天然气管网供给与市场治理,200.0,200.0,40.99519622949334,
core,remove_persistence,C0381,光伏发电功率预测方法与装置,153.0,153.0,58.70570107858244,
core,remove_persistence,C0383,交通运输车辆与燃料效率,87.0,87.0,72.09281247167588,
core,remove_persistence,C0385,辐照材料损伤与稳定性,159.0,159.0,57.56367261850811,
core,remove_persistence,C0386,感应电机运行控制与性能,150.0,150.0,59.01386748844376,
core,remove_persistence,C0391,水力发电与水轮机系统,144.0,144.0,59.88398441040515,
core,remove_persistence,C0394,电力负荷需求与电价预测,55.0,55.0,78.90872836037343,
core,remove_persistence,C0407,水系锌电池负极及界面稳定,12.0,12.0,94.19015680232032,
core,remove_persistence,C0408,配电网重构与优化运行,112.0,112.0,65.40378863409771,
core,remove_persistence,C0412,质子交换膜燃料电池运行与建模,104.0,104.0,67.4521888878818,
core,remove_persistence,C0417,固体氧化物电解池与可逆电化学单元,91.0,91.0,71.45835221607904,
core,remove_persistence,C0420,碳化硅功率半导体器件,125.0,125.0,63.57291761080395,
core,remove_persistence,C0421,柴油机及多燃料内燃机性能,177.0,177.0,51.228133780476746,
core,remove_persistence,C0426,太阳能光热及光伏光热系统,40.0,40.0,84.12942989214174,
core,remove_persistence,C0427,通用电气工程应用与技术资料,202.0,202.0,39.37279071875283,
core,remove_persistence,C0430,电力系统电磁暂态与实时仿真,199.0,199.0,42.01033263844828,
core,remove_persistence,C0435,智能电表物联网与用能监测,157.0,157.0,57.91715761805493,
core,remove_persistence,C0436,钠离子电池电极材料,8.0,8.0,95.64035167225596,
core,remove_persistence,C0439,电气化铁路牵引与供电,198.0,198.0,42.68104776579352,
core,remove_persistence,C0443,建筑能效与居民供热用能,48.0,48.0,81.22904015227047,
core,remove_persistence,C0446,电力扰动孤岛及异常识别算法,39.0,39.0,84.82733617329828,
core,remove_persistence,C0448,水资源调度灌溉与水能利用,152.0,152.0,58.84165684763889,
core,remove_persistence,C0451,电力系统暂态电压与稳定性分析,108.0,108.0,65.89322940270098,
core,remove_persistence,C0452,风光储及混合能源系统配置,61.0,61.0,78.14737605365721,
core,remove_persistence,C0457,电网状态估计相量测量与系统分析,169.0,169.0,53.34904377775763,
core,remove_persistence,C0461,电催化制氨与氮循环反应,11.0,11.0,94.91525423728812,
core,remove_persistence,C0462,超导电力装置与故障限流,189.0,189.0,46.94099519622949,
core,remove_persistence,C0463,区域供热预测与热系统建模,99.0,99.0,70.08066708964017,
core,remove_persistence,C0464,潜热及热化学储热系统,71.0,71.0,76.24399528686668,
core,remove_persistence,C0465,功率因数校正与变流器电流控制,137.0,137.0,61.27073325478111,
core,remove_persistence,C0472,多电平逆变器拓扑与调制,133.0,133.0,61.83268376688117,
core,remove_persistence,C0473,二氧化碳地质封存与驱油,33.0,33.0,85.81528142844195,
core,remove_persistence,C0481,微生物燃料电池与生物产电,81.0,81.0,74.15934016133417,
core,remove_persistence,C0484,配电系统供电设备与可靠性,151.0,151.0,58.97761261669536,
core,remove_persistence,C0485,锂钠储能负极纳米材料,65.0,65.0,76.98722015770869,
core,remove_persistence,C0487,电池冷却与散热,58.0,58.0,78.40116015589594,
core,remove_persistence,C0501,钠电池电解液与界面,142.0,142.0,60.44593492250521,
core,remove_persistence,C0532,钙钛矿叠层太阳能电池,126.0,126.0,63.22849632919424,
core,remove_persistence,C0533,氮化镓功率与结器件,181.0,181.0,50.07704160246532,
core,remove_persistence,C0534,氢能技术经济与生命周期,129.0,129.0,62.5759086377232,
core,remove_persistence,C0552,微电网能量管理与经济调度,128.0,128.0,62.69373697090547,
core,remove_persistence,C0555,锌空气电池,134.0,134.0,61.7511103054473,
core,remove_persistence,C0556,水系锌离子电池,21.0,21.0,89.06915616786006,
core,remove_persistence,C0564,波浪能转换装置,179.0,179.0,50.5846098069428,
core,remove_persistence,C0576,碱性水电解制氢,131.0,131.0,62.29493338167317,
core,remove_persistence,C0577,质子交换膜水电解制氢,127.0,127.0,63.21036889332004,
core,remove_persistence,C0592,电池荷电状态估计,106.0,106.0,66.1832683766881,
core,remove_persistence,C0593,电池健康状态与寿命预测,68.0,68.0,76.76062720928125,
core,remove_persistence,C0598,锂资源提取与分离,109.0,109.0,65.64850901839935,
core,remove_persistence,C0616,锂金属负极界面稳定与枝晶抑制,115.0,115.0,65.16813196773316,
core,remove_persistence,C0622,谐振与软开关变换器,186.0,186.0,47.69328378500861,
core,remove_persistence,C0633,区域供热供冷系统,166.0,166.0,53.95631287954319,
core,remove_persistence,C0634,二氧化碳催化加氢与甲烷化,141.0,141.0,60.4640623583794,
core,remove_persistence,C0671,二氧化碳固体吸附捕集,113.0,113.0,65.37659748028642,
core,remove_persistence,C0672,漂浮式海上风电平台,132.0,132.0,61.94144838212634,
core,remove_persistence,C0675,风电出力预测,138.0,138.0,61.17103235747303,
core,remove_persistence,C0680,生物质气化制合成气,140.0,140.0,61.00788543460527,
core,remove_persistence,C0684,电池热失控与传播,123.0,123.0,63.90827517447657,
core,remove_persistence,C0700,永磁同步电机控制,168.0,168.0,53.78410223873833,
core,remove_persistence,C0712,电力负荷预测,165.0,165.0,55.27961569835946,
core,remove_persistence,C0714,层状及富镍锂电正极材料,103.0,103.0,69.0836581165594,
core,remove_persistence,C0723,光伏光热联合系统,136.0,136.0,61.50638992114565,
core,remove_persistence,C0727,钠离子电池负极材料,94.0,94.0,70.82389196048219,
core,remove_persistence,C0728,钠离子电池正极材料,78.0,78.0,75.20166772410042,
core,remove_persistence,C0744,潜热储热系统,95.0,95.0,70.56104414030635,
core,remove_current,C0004,风能开发与风电技术经济,101.0,100.0,73.2152028762198,
core,remove_current,C0005,钙钛矿氧化物电催化,88.0,82.0,77.32408834103748,
core,remove_current,C0009,二氧化碳电还原催化,2.0,3.0,98.17668207498714,
core,remove_current,C0011,光催化与光生物制氢,31.0,31.0,89.05153227187125,
core,remove_current,C0012,聚合物介电绝缘与储能,146.0,141.0,66.7265879130286,
core,remove_current,C0017,电磁场耦合与电磁换能,190.0,190.0,54.50265365519602,
core,remove_current,C0024,海洋资源开发与海上工程,178.0,180.0,57.421674370826906,
core,remove_current,C0027,变压器与高压开关设备,188.0,188.0,55.33299092621126,
core,remove_current,C0028,电动汽车充电设施及并网,83.0,85.0,76.92175997260742,
core,remove_current,C0031,车辆驱动制动与运动控制,155.0,154.0,64.38965930491354,
core,remove_current,C0033,石油产业与油价经济,135.0,144.0,66.07601438109911,
core,remove_current,C0037,光催化二氧化碳转化与氧化还原,3.0,2.0,98.21948296524567,
core,remove_current,C0044,二氧化碳及混合气体膜分离,116.0,109.0,70.9638760486218,
core,remove_current,C0046,煤气化与燃煤清洁转化,148.0,143.0,66.16161616161615,
core,remove_current,C0048,配电网柔性调度与协同规划,100.0,104.0,72.75295326142783,
core,remove_current,C0050,固态及凝胶聚合物电解质,34.0,32.0,88.26399589111452,
core,remove_current,C0056,电储能系统配置与运行,52.0,55.0,81.85242253038862,
core,remove_current,C0059,厌氧过程微生物与生物能源,53.0,52.0,82.84540318438623,
core,remove_current,C0060,超级电容器电极与器件,1.0,1.0,98.81869542886491,
core,remove_current,C0063,生物质热解与炭化,32.0,33.0,87.63054271528847,
core,remove_current,C0067,钙钛矿太阳能电池界面与器件性能,5.0,6.0,97.3206642698168,
core,remove_current,C0069,宽禁带半导体外延与结器件,156.0,153.0,64.47526108543057,
core,remove_current,C0072,氢能产业与制氢技术经济,20.0,24.0,90.13011470638588,
core,remove_current,C0082,智能电网体系与通信,143.0,147.0,65.42544084916966,
core,remove_current,C0083,配电网电压无功与电能质量,158.0,159.0,63.422359185071045,
core,remove_current,C0086,光伏组件性能建模与故障检测,60.0,62.0,80.55127546652969,
core,remove_current,C0088,污水厌氧处理与产能回收,114.0,118.0,70.03937681903783,
core,remove_current,C0091,等离子体湍流与不稳定性,172.0,174.0,58.996747132340346,
core,remove_current,C0098,建筑与工业冷却节能,120.0,128.0,68.68686868686868,
core,remove_current,C0102,电力设备与线路故障检测、定位和诊断,70.0,79.0,78.41979113165553,
core,remove_current,C0104,发动机燃气轮机与动力机械,184.0,185.0,56.00924499229584,
core,remove_current,C0105,微电网能量管理与优化,69.0,69.0,79.54117445642869,
core,remove_current,C0106,电动汽车推广与整车能耗,57.0,61.0,80.59407635678821,
core,remove_current,C0109,水系锌电池与锌空气电池,22.0,22.0,90.59236432117788,
core,remove_current,C0115,二氧化碳吸收溶解与水合物,82.0,81.0,77.3497688751926,
core,remove_current,C0117,制冷循环工质与能效,122.0,136.0,67.89077212806025,
core,remove_current,C0120,电力载波与通信传输,180.0,179.0,57.755521314843335,
core,remove_current,C0121,波浪能装置与海洋水动力,59.0,65.0,79.88358157849683,
core,remove_current,C0122,热电材料与热电性能优化,16.0,17.0,92.07327512412256,
core,remove_current,C0123,磁约束等离子体运行与边界,154.0,158.0,63.53364149974319,
core,remove_current,C0124,电力系统碳计量与低碳调度,163.0,164.0,62.14689265536721,
core,remove_current,C0125,重整气化与合成气制氢,73.0,73.0,79.05324430748159,
core,remove_current,C0127,质子交换及功能聚合物膜,62.0,56.0,81.78394110597499,
core,remove_current,C0129,生物质与污泥厌氧消化产气,46.0,43.0,84.38623523369286,
core,remove_current,C0130,能源网络安全与隐私保护,79.0,87.0,76.44239000171203,
core,remove_current,C0132,超级电容器复合电极材料,19.0,19.0,91.73942818010616,
core,remove_current,C0136,电力市场机制与产消者经济,119.0,130.0,68.58414655024824,
core,remove_current,C0137,电解与其他路线制氢技术,41.0,40.0,86.30371511727442,
core,remove_current,C0138,光伏出力预测与系统参数建模,43.0,45.0,84.30919363122752,
core,remove_current,C0139,变压器油纸绝缘诊断,196.0,194.0,53.04742338640642,
core,remove_current,C0140,厌氧微生物产甲烷机制,85.0,83.0,77.23848656052044,
core,remove_current,C0143,微电网变流器协调与功率分配,63.0,71.0,79.46413285396335,
core,remove_current,C0144,能源作物种植与生物质采收,170.0,171.0,59.71580208868343,
core,remove_current,C0146,铁基催化剂与氧电催化,9.0,8.0,96.19072076699194,
core,remove_current,C0150,储能技术与能量转换综述,124.0,116.0,70.2191405581236,
core,remove_current,C0151,多孔碳吸附二氧化碳,29.0,27.0,89.38537921588768,
core,remove_current,C0154,无线电能传输电路与系统,110.0,117.0,70.09929806539975,
core,remove_current,C0155,电解水析氧催化,3.0,4.0,98.065399760315,
core,remove_current,C0156,电力交易竞价与市场优化,89.0,95.0,74.8929977743537,
core,remove_current,C0158,有机光伏材料、器件与载流子输运,18.0,18.0,91.93631227529532,
core,remove_current,C0159,太阳辐照预测与光伏环境建模,98.0,97.0,73.9256976545112,
core,remove_current,C0161,车辆操稳道路与轮胎交互,164.0,165.0,61.75312446498887,
core,remove_current,C0164,输电线路雷电接地与电磁影响,195.0,195.0,52.96182160588939,
core,remove_current,C0165,天然气供能与燃气动力系统,187.0,186.0,55.46139359698681,
core,remove_current,C0166,多类太阳能电池结构与性能,92.0,91.0,76.04862181133367,
core,remove_current,C0169,电池荷电状态健康状态与建模,35.0,35.0,87.27957541516864,
core,remove_current,C0171,最优潮流与电网优化运行,160.0,157.0,63.69628488272557,
core,remove_current,C0172,燃烧稳定与低污染排放,130.0,132.0,68.37870227700735,
core,remove_current,C0176,光伏最大功率点跟踪,67.0,74.0,78.99332306111967,
core,remove_current,C0181,聚变装置与粒子束工程,193.0,193.0,53.47543228899161,
core,remove_current,C0183,通用控制器与电力控制算法,64.0,72.0,79.24156822461906,
core,remove_current,C0185,风电场运行与功率优化,107.0,112.0,70.60434857045026,
core,remove_current,C0186,煤热解气化与煤质特性,102.0,103.0,72.9241568224619,
core,remove_current,C0189,风力机叶片与气动设计,44.0,46.0,83.88974490669405,
core,remove_current,C0191,固态储氢材料与反应器,15.0,15.0,92.8608115048793,
core,remove_current,C0195,碳捕集封存与碳移除系统,65.0,68.0,79.56685499058379,
core,remove_current,C0196,混合动力与整车能量管理,50.0,53.0,82.43451463790446,
core,remove_current,C0200,直流输电保护与故障限流,147.0,148.0,65.24567711008388,
core,remove_current,C0205,电池测试表征与性能评估,86.0,86.0,76.89607943845232,
core,remove_current,C0210,地热资源开发与换热,97.0,99.0,73.24944358842662,
core,remove_current,C0211,直流变换器拓扑与设计,90.0,93.0,75.02996062318095,
core,remove_current,C0212,等离子体波与高能粒子作用,149.0,151.0,64.5437425098442,
core,remove_current,C0213,电力电缆绝缘与运行诊断,185.0,187.0,55.4528334189351,
core,remove_current,C0216,电力可靠性与电气安全,176.0,181.0,57.28471152199965,
core,remove_current,C0220,局部放电电晕与放电物理,192.0,192.0,54.2116076014381,
core,remove_current,C0221,锂金属沉积与含锂电极材料,26.0,29.0,89.34257832562916,
core,remove_current,C0222,木质纤维素预处理与生化转化,49.0,42.0,84.46327683615819,
core,remove_current,C0223,泵水轮机与水力机械流动,105.0,110.0,70.9210751583633,
core,remove_current,C0227,空调通风与空气处理,162.0,161.0,62.89162814586542,
core,remove_current,C0228,能源审计与综合节能评估,145.0,150.0,64.56942304399931,
core,remove_current,C0233,半导体光电化学水分解,25.0,23.0,90.57524396507446,
core,remove_current,C0234,软开关谐振与交流变换器,167.0,169.0,60.71734292073274,
core,remove_current,C0235,热电发电器件与热设计,95.0,98.0,73.80585516178736,
core,remove_current,C0236,氢能供给加氢与系统集成,47.0,46.0,83.88974490669405,
core,remove_current,C0237,分布式光伏部署与技术经济,45.0,48.0,83.59869885293612,
core,remove_current,C0243,生物油热解与燃料升级,72.0,70.0,79.51549392227358,
core,remove_current,C0245,碳基超级电容器电极,24.0,20.0,91.13165553843518,
core,remove_current,C0246,虚拟电厂资源聚合与调度,171.0,168.0,60.90566683787022,
core,remove_current,C0250,热力循环余热与联供系统,118.0,125.0,69.32888204074644,
core,remove_current,C0251,充电站选址与充电调度,38.0,38.0,86.55196028077384,
core,remove_current,C0252,热泵与区域供热供冷,121.0,134.0,68.14757746961135,
core,remove_current,C0253,二氧化碳加氢与多类催化反应,36.0,34.0,87.35661701763397,
core,remove_current,C0254,电催化析氢与界面调控,6.0,5.0,97.33778462592022,
core,remove_current,C0258,综合能源系统协同管理与优化调度,23.0,27.0,89.38537921588768,
core,remove_current,C0259,锂硫电池正极与多硫化物调控,30.0,26.0,89.51378188666324,
core,remove_current,C0265,覆冰冻结与除冰传热,191.0,191.0,54.4341722307824,
core,remove_current,C0271,沼气及多路线生物燃料,76.0,78.0,78.52251326827597,
core,remove_current,C0275,风电发电机与并网控制,111.0,114.0,70.4502653655196,
core,remove_current,C0276,锂离子电池负极材料,13.0,14.0,93.68258859784284,
core,remove_current,C0278,整体电催化水分解,7.0,7.0,97.21794213319636,
core,remove_current,C0285,热泵换热器与热管理设计,74.0,77.0,78.56531415853448,
core,remove_current,C0286,燃料电池铂基催化剂,17.0,16.0,92.78376990241397,
core,remove_current,C0287,核裂变聚变与核电工程,182.0,183.0,56.22324944358842,
core,remove_current,C0293,电池系统管理与全寿命利用,42.0,44.0,84.33487416538263,
core,remove_current,C0296,供水管网水力状态与节能调度,174.0,173.0,59.24499229583975,
core,remove_current,C0297,废旧锂电池回收、分离与材料再生,27.0,25.0,89.53946242081835,
core,remove_current,C0298,场效应晶体管结构与建模,161.0,156.0,64.18421503167264,
core,remove_current,C0302,制冷循环与余热驱动制冷,84.0,80.0,78.06026365348399,
core,remove_current,C0306,电能质量谐波检测与信号分析,175.0,176.0,58.79130285909946,
core,remove_current,C0307,对流換热与换热器热工分析,93.0,96.0,74.29378531073446,
core,remove_current,C0316,多种燃料燃烧与排放评估,139.0,142.0,66.5040232836843,
core,remove_current,C0319,等离子体动力学与磁约束,197.0,197.0,52.14860469097757,
core,remove_current,C0320,二氧化碳捕集材料与工艺,51.0,50.0,83.10220852593733,
core,remove_current,C0327,风速与风电出力预测,117.0,120.0,69.84249272384865,
core,remove_current,C0328,太阳能集热器与光热利用,56.0,59.0,80.84232152028761,
core,remove_current,C0330,太阳能界面蒸发与海水淡化,13.0,13.0,93.8709125149803,
core,remove_current,C0337,光伏跟踪与太阳能装置控制,201.0,201.0,49.31518575586371,
core,remove_current,C0338,相变储热材料与传热增强,37.0,36.0,87.2196541688067,
core,remove_current,C0340,甲醇电氧化与贵金属催化剂,75.0,63.0,80.52559493237459,
core,remove_current,C0342,生物质热解气化与水热转化,54.0,49.0,83.23061119671287,
core,remove_current,C0343,锂电池热行为与安全机制,28.0,30.0,89.24841636706043,
core,remove_current,C0348,智能电网信息安全与韧性,80.0,84.0,76.98168121896934,
core,remove_current,C0369,多体系二次电池材料与电解液综述,10.0,10.0,95.8397534668721,
core,remove_current,C0371,太阳辐射测量估算与大气影响,173.0,172.0,59.65588084232152,
core,remove_current,C0372,电力节能与新能源应用泛论,194.0,196.0,52.7050162643383,
core,remove_current,C0378,纳米流体传热性质与强化,76.0,75.0,78.96764252696455,
core,remove_current,C0379,锅炉蒸汽系统与汽轮机运行,183.0,182.0,56.50573531929464,
core,remove_current,C0380,天然气管网供给与市场治理,200.0,200.0,49.63191234377674,
core,remove_current,C0381,光伏发电功率预测方法与装置,153.0,146.0,65.62232494435885,
core,remove_current,C0383,交通运输车辆与燃料效率,87.0,92.0,75.663413799007,
core,remove_current,C0385,辐照材料损伤与稳定性,159.0,160.0,63.413799007019335,
core,remove_current,C0386,感应电机运行控制与性能,150.0,152.0,64.52662215374079,
core,remove_current,C0391,水力发电与水轮机系统,144.0,145.0,65.84488957370314,
core,remove_current,C0394,电力负荷需求与电价预测,55.0,58.0,80.93648347885636,
core,remove_current,C0407,水系锌电池负极及界面稳定,12.0,12.0,94.97517548365003,
core,remove_current,C0408,配电网重构与优化运行,112.0,119.0,70.01369628488271,
core,remove_current,C0412,质子交换膜燃料电池运行与建模,104.0,102.0,72.94127717856531,
core,remove_current,C0417,固体氧化物电解池与可逆电化学单元,91.0,89.0,76.22838555041945,
core,remove_current,C0420,碳化硅功率半导体器件,125.0,133.0,68.2502996062318,
core,remove_current,C0421,柴油机及多燃料内燃机性能,177.0,177.0,58.697140900530734,
core,remove_current,C0426,太阳能光热及光伏光热系统,40.0,39.0,86.34651600753294,
core,remove_current,C0427,通用电气工程应用与技术资料,202.0,202.0,48.06539976031501,
core,remove_current,C0430,电力系统电磁暂态与实时仿真,199.0,199.0,50.778976202705,
core,remove_current,C0435,智能电表物联网与用能监测,157.0,163.0,62.48073959938366,
core,remove_current,C0436,钠离子电池电极材料,8.0,9.0,96.01951720595788,
core,remove_current,C0439,电气化铁路牵引与供电,198.0,198.0,51.05290190035952,
core,remove_current,C0443,建筑能效与居民供热用能,48.0,51.0,82.85396336243794,
core,remove_current,C0446,电力扰动孤岛及异常识别算法,39.0,41.0,85.97842835130969,
core,remove_current,C0448,水资源调度灌溉与水能利用,152.0,149.0,64.89470980996404,
core,remove_current,C0451,电力系统暂态电压与稳定性分析,108.0,122.0,69.77401129943502,
core,remove_current,C0452,风光储及混合能源系统配置,61.0,60.0,80.73103920561546,
core,remove_current,C0457,电网状态估计相量测量与系统分析,169.0,170.0,59.80996404725217,
core,remove_current,C0461,电催化制氨与氮循环反应,11.0,11.0,95.69423043999316,
core,remove_current,C0462,超导电力装置与故障限流,189.0,188.0,55.33299092621126,
core,remove_current,C0463,区域供热预测与热系统建模,99.0,101.0,73.14672145180619,
core,remove_current,C0464,潜热及热化学储热系统,71.0,67.0,79.72093819551446,
core,remove_current,C0465,功率因数校正与变流器电流控制,137.0,140.0,66.88067111795924,
core,remove_current,C0472,多电平逆变器拓扑与调制,133.0,139.0,67.39428180106145,
core,remove_current,C0473,二氧化碳地质封存与驱油,33.0,37.0,86.99708953946241,
core,remove_current,C0481,微生物燃料电池与生物产电,81.0,76.0,78.74507789762026,
core,remove_current,C0484,配电系统供电设备与可靠性,151.0,155.0,64.3211778804999,
core,remove_current,C0485,锂钠储能负极纳米材料,65.0,57.0,81.22752953261426,
core,remove_current,C0487,电池冷却与散热,58.0,54.0,82.25475089881868,
core,remove_current,C0501,钠电池电解液与界面,142.0,135.0,68.05341551104263,
core,remove_current,C0532,钙钛矿叠层太阳能电池,126.0,113.0,70.56154768019174,
core,remove_current,C0533,氮化镓功率与结器件,181.0,178.0,57.93528505392911,
core,remove_current,C0534,氢能技术经济与生命周期,129.0,121.0,69.80825201164184,
core,remove_current,C0552,微电网能量管理与经济调度,128.0,123.0,69.67984934086628,
core,remove_current,C0555,锌空气电池,134.0,126.0,69.2518404382811,
core,remove_current,C0556,水系锌离子电池,21.0,21.0,90.60092449922958,
core,remove_current,C0564,波浪能转换装置,179.0,174.0,58.99674713234035,
core,remove_current,C0576,碱性水电解制氢,131.0,124.0,69.61136791645266,
core,remove_current,C0577,质子交换膜水电解制氢,127.0,115.0,70.28762198253723,
core,remove_current,C0592,电池荷电状态估计,106.0,105.0,72.25646293442904,
core,remove_current,C0593,电池健康状态与寿命预测,68.0,64.0,80.41431261770245,
core,remove_current,C0598,锂资源提取与分离,109.0,107.0,71.99109741482621,
core,remove_current,C0616,锂金属负极界面稳定与枝晶抑制,115.0,106.0,72.17086115391199,
core,remove_current,C0622,谐振与软开关变换器,186.0,184.0,56.11196712891628,
core,remove_current,C0633,区域供热供冷系统,166.0,166.0,61.65040232836843,
core,remove_current,C0634,二氧化碳催化加氢与甲烷化,141.0,138.0,67.48844375963019,
core,remove_current,C0671,二氧化碳固体吸附捕集,113.0,108.0,71.90549563430918,
core,remove_current,C0672,漂浮式海上风电平台,132.0,131.0,68.43862352336927,
core,remove_current,C0675,风电出力预测,138.0,137.0,67.84797123780174,
core,remove_current,C0680,生物质气化制合成气,140.0,129.0,68.61838726245504,
core,remove_current,C0684,电池热失控与传播,123.0,111.0,70.79267248758774,
core,remove_current,C0700,永磁同步电机控制,168.0,167.0,61.47063858928266,
core,remove_current,C0712,电力负荷预测,165.0,162.0,62.78034583119327,
core,remove_current,C0714,层状及富镍锂电正极材料,103.0,94.0,75.01284026707754,
core,remove_current,C0723,光伏光热联合系统,136.0,127.0,68.90087313816127,
core,remove_current,C0727,钠离子电池负极材料,94.0,88.0,76.29686697483307,
core,remove_current,C0728,钠离子电池正极材料,78.0,66.0,79.8322205101866,
core,remove_current,C0744,潜热储热系统,95.0,90.0,76.18558466016093,
emerging,remove_multiyear_growth,C0024,海洋资源开发与海上工程,24.0,30.0,83.99312551854923,
emerging,remove_multiyear_growth,C0048,配电网柔性调度与协同规划,26.0,23.0,85.85990280905536,
emerging,remove_multiyear_growth,C0091,等离子体湍流与不稳定性,21.0,19.0,86.70143415906128,
emerging,remove_multiyear_growth,C0098,建筑与工业冷却节能,27.0,26.0,84.60945833827189,
emerging,remove_multiyear_growth,C0115,二氧化碳吸收溶解与水合物,35.0,33.0,82.88491169847102,
emerging,remove_multiyear_growth,C0121,波浪能装置与海洋水动力,12.0,11.0,89.53419461894039,
emerging,remove_multiyear_growth,C0124,电力系统碳计量与低碳调度,4.0,4.0,93.61147327249022,
emerging,remove_multiyear_growth,C0130,能源网络安全与隐私保护,1.0,1.0,95.23527320137492,
emerging,remove_multiyear_growth,C0140,厌氧微生物产甲烷机制,43.0,43.0,77.00011852554226,
emerging,remove_multiyear_growth,C0159,太阳辐照预测与光伏环境建模,44.0,44.0,74.2147682825649,
emerging,remove_multiyear_growth,C0186,煤热解气化与煤质特性,19.0,12.0,88.96527201611948,
emerging,remove_multiyear_growth,C0191,固态储氢材料与反应器,38.0,37.0,80.36031764845323,
emerging,remove_multiyear_growth,C0193,多设备温控与智能散热,33.0,28.0,84.21832404883253,
emerging,remove_multiyear_growth,C0210,地热资源开发与换热,11.0,12.0,88.96527201611947,
emerging,remove_multiyear_growth,C0216,电力可靠性与电气安全,32.0,34.0,82.25080004741021,
emerging,remove_multiyear_growth,C0227,空调通风与空气处理,30.0,31.0,83.49531824108095,
emerging,remove_multiyear_growth,C0246,虚拟电厂资源聚合与调度,23.0,25.0,85.21986488088183,
emerging,remove_multiyear_growth,C0251,充电站选址与充电调度,39.0,39.0,79.51878629844732,
emerging,remove_multiyear_growth,C0252,热泵与区域供热供冷,42.0,41.0,78.97949508119,
emerging,remove_multiyear_growth,C0258,综合能源系统协同管理与优化调度,40.0,40.0,79.09209434633165,
emerging,remove_multiyear_growth,C0265,覆冰冻结与除冰传热,8.0,7.0,90.39943107739718,
emerging,remove_multiyear_growth,C0294,电池管理与均衡控制,16.0,8.0,90.04385445063411,
emerging,remove_multiyear_growth,C0308,变电站自动化与电网监控,3.0,2.0,94.58338271897594,
emerging,remove_multiyear_growth,C0327,风速与风电出力预测,31.0,27.0,84.4731539646794,
emerging,remove_multiyear_growth,C0348,智能电网信息安全与韧性,28.0,29.0,84.15313500059263,
emerging,remove_multiyear_growth,C0351,输配电线路视觉巡检与无人机检测,15.0,21.0,86.63624511082138,
emerging,remove_multiyear_growth,C0356,电力知识处理与智能决策系统,2.0,3.0,93.88408201967523,
emerging,remove_multiyear_growth,C0381,光伏发电功率预测方法与装置,7.0,9.0,89.81865592035085,
emerging,remove_multiyear_growth,C0435,智能电表物联网与用能监测,13.0,16.0,87.73260637667417,
emerging,remove_multiyear_growth,C0443,建筑能效与居民供热用能,37.0,36.0,80.4432855280313,
emerging,remove_multiyear_growth,C0446,电力扰动孤岛及异常识别算法,10.0,15.0,88.19485599146616,
emerging,remove_multiyear_growth,C0463,区域供热预测与热系统建模,9.0,14.0,88.3430129192841,
emerging,remove_multiyear_growth,C0473,二氧化碳地质封存与驱油,36.0,38.0,79.95140452767572,
emerging,remove_multiyear_growth,C0533,氮化镓功率与结器件,6.0,5.0,91.72691715064596,
emerging,remove_multiyear_growth,C0534,氢能技术经济与生命周期,34.0,42.0,78.4461301410454,
emerging,remove_multiyear_growth,C0542,光伏组件故障与缺陷检测,18.0,17.0,87.57852317174351,
emerging,remove_multiyear_growth,C0566,蒸汽重整制氢与合成气,17.0,10.0,89.56975228161669,
emerging,remove_multiyear_growth,C0600,直接空气捕碳,20.0,20.0,86.6421713879341,
emerging,remove_multiyear_growth,C0606,地热资源勘探与储层建模,5.0,6.0,90.4053573545099,
emerging,remove_multiyear_growth,C0656,动力电池梯次利用,22.0,18.0,87.0688633400498,
emerging,remove_multiyear_growth,C0665,换热器结构与传热强化,29.0,32.0,83.12788906009246,
emerging,remove_multiyear_growth,C0686,电网灾害韧性与恢复,25.0,22.0,86.19177432736754,
emerging,remove_multiyear_growth,C0713,电价预测,14.0,24.0,85.36802180869978,
emerging,remove_multiyear_growth,C0725,废塑料回收与转化,41.0,35.0,81.4092686974043,
emerging,remove_recent_growth,C0024,海洋资源开发与海上工程,24.0,24.0,86.70261941448382,
emerging,remove_recent_growth,C0048,配电网柔性调度与协同规划,26.0,28.0,86.00924499229583,
emerging,remove_recent_growth,C0091,等离子体湍流与不稳定性,21.0,21.0,87.67334360554699,
emerging,remove_recent_growth,C0098,建筑与工业冷却节能,27.0,32.0,84.70980996404724,
emerging,remove_recent_growth,C0115,二氧化碳吸收溶解与水合物,35.0,33.0,83.5130970724191,
emerging,remove_recent_growth,C0121,波浪能装置与海洋水动力,12.0,19.0,88.34103749357986,
emerging,remove_recent_growth,C0124,电力系统碳计量与低碳调度,4.0,3.0,95.59322033898306,
emerging,remove_recent_growth,C0130,能源网络安全与隐私保护,1.0,1.0,96.91833590138673,
emerging,remove_recent_growth,C0140,厌氧微生物产甲烷机制,43.0,43.0,76.43040575243964,
emerging,remove_recent_growth,C0159,太阳辐照预测与光伏环境建模,44.0,44.0,76.21468926553672,
emerging,remove_recent_growth,C0186,煤热解气化与煤质特性,19.0,26.0,86.20441705187467,
emerging,remove_recent_growth,C0191,固态储氢材料与反应器,38.0,34.0,83.22547508988185,
emerging,remove_recent_growth,C0193,多设备温控与智能散热,33.0,39.0,82.11093990755008,
emerging,remove_recent_growth,C0210,地热资源开发与换热,11.0,12.0,89.72778633795582,
emerging,remove_recent_growth,C0216,电力可靠性与电气安全,32.0,36.0,82.326656394453,
emerging,remove_recent_growth,C0227,空调通风与空气处理,30.0,35.0,83.01489470980997,
emerging,remove_recent_growth,C0246,虚拟电厂资源聚合与调度,23.0,16.0,88.66974833076527,
emerging,remove_recent_growth,C0251,充电站选址与充电调度,39.0,38.0,82.17770929635336,
emerging,remove_recent_growth,C0252,热泵与区域供热供冷,42.0,42.0,78.93682588597842,
emerging,remove_recent_growth,C0258,综合能源系统协同管理与优化调度,40.0,37.0,82.27015921931175,
emerging,remove_recent_growth,C0265,覆冰冻结与除冰传热,8.0,10.0,90.03595274781715,
emerging,remove_recent_growth,C0294,电池管理与均衡控制,16.0,23.0,87.15973292244479,
emerging,remove_recent_growth,C0308,变电站自动化与电网监控,3.0,4.0,95.27478171545968,
emerging,remove_recent_growth,C0327,风速与风电出力预测,31.0,30.0,84.98202362609142,
emerging,remove_recent_growth,C0348,智能电网信息安全与韧性,28.0,22.0,87.20082177709297,
emerging,remove_recent_growth,C0351,输配电线路视觉巡检与无人机检测,15.0,20.0,88.09964047252183,
emerging,remove_recent_growth,C0356,电力知识处理与智能决策系统,2.0,2.0,95.99383667180275,
emerging,remove_recent_growth,C0381,光伏发电功率预测方法与装置,7.0,5.0,93.0765279917822,
emerging,remove_recent_growth,C0435,智能电表物联网与用能监测,13.0,17.0,88.64920390344118,
emerging,remove_recent_growth,C0443,建筑能效与居民供热用能,37.0,40.0,82.06471494607086,
emerging,remove_recent_growth,C0446,电力扰动孤岛及异常识别算法,10.0,9.0,90.24139702105803,
emerging,remove_recent_growth,C0463,区域供热预测与热系统建模,9.0,14.0,89.06522855675398,
emerging,remove_recent_growth,C0473,二氧化碳地质封存与驱油,36.0,31.0,84.73035439137134,
emerging,remove_recent_growth,C0533,氮化镓功率与结器件,6.0,6.0,92.52182845403183,
emerging,remove_recent_growth,C0534,氢能技术经济与生命周期,34.0,25.0,86.32254750898818,
emerging,remove_recent_growth,C0542,光伏组件故障与缺陷检测,18.0,11.0,89.73805855161785,
emerging,remove_recent_growth,C0566,蒸汽重整制氢与合成气,17.0,27.0,86.08115048793013,
emerging,remove_recent_growth,C0600,直接空气捕碳,20.0,15.0,88.86492039034411,
emerging,remove_recent_growth,C0606,地热资源勘探与储层建模,5.0,7.0,91.49974319465844,
emerging,remove_recent_growth,C0656,动力电池梯次利用,22.0,8.0,90.33384694401644,
emerging,remove_recent_growth,C0665,换热器结构与传热强化,29.0,29.0,85.61376476630713,
emerging,remove_recent_growth,C0686,电网灾害韧性与恢复,25.0,18.0,88.56702619414483,
emerging,remove_recent_growth,C0713,电价预测,14.0,13.0,89.09604519774011,
emerging,remove_recent_growth,C0725,废塑料回收与转化,41.0,41.0,79.3477144324602,
emerging,remove_trend,C0024,海洋资源开发与海上工程,24.0,24.0,86.30104006163329,
emerging,remove_trend,C0048,配电网柔性调度与协同规划,26.0,22.0,86.73921417565485,
emerging,remove_trend,C0091,等离子体湍流与不稳定性,21.0,18.0,88.36671802773498,
emerging,remove_trend,C0098,建筑与工业冷却节能,27.0,25.0,85.91583204930662,
emerging,remove_trend,C0115,二氧化碳吸收溶解与水合物,35.0,34.0,82.8871340523883,
emerging,remove_trend,C0121,波浪能装置与海洋水动力,12.0,12.0,89.65716486902929,
emerging,remove_trend,C0124,电力系统碳计量与低碳调度,4.0,3.0,94.81895223420648,
emerging,remove_trend,C0130,能源网络安全与隐私保护,1.0,1.0,96.0708782742681,
emerging,remove_trend,C0140,厌氧微生物产甲烷机制,43.0,43.0,78.13463020030818,
emerging,remove_trend,C0159,太阳辐照预测与光伏环境建模,44.0,44.0,76.53601694915254,
emerging,remove_trend,C0186,煤热解气化与煤质特性,19.0,13.0,89.48382126348228,
emerging,remove_trend,C0191,固态储氢材料与反应器,38.0,36.0,81.77966101694916,
emerging,remove_trend,C0193,多设备温控与智能散热,33.0,32.0,83.39271956856703,
emerging,remove_trend,C0210,地热资源开发与换热,11.0,14.0,89.41640986132514,
emerging,remove_trend,C0216,电力可靠性与电气安全,32.0,33.0,83.26752696456086,
emerging,remove_trend,C0227,空调通风与空气处理,30.0,30.0,84.98170261941449,
emerging,remove_trend,C0246,虚拟电厂资源聚合与调度,23.0,23.0,86.71032357473035,
emerging,remove_trend,C0251,充电站选址与充电调度,39.0,40.0,80.1328967642527,
emerging,remove_trend,C0252,热泵与区域供热供冷,42.0,41.0,79.89695685670262,
emerging,remove_trend,C0258,综合能源系统协同管理与优化调度,40.0,37.0,81.31741140215716,
emerging,remove_trend,C0265,覆冰冻结与除冰传热,8.0,9.0,90.67796610169492,
emerging,remove_trend,C0294,电池管理与均衡控制,16.0,17.0,88.48228043143297,
emerging,remove_trend,C0308,变电站自动化与电网监控,3.0,2.0,95.04044684129433,
emerging,remove_trend,C0327,风速与风电出力预测,31.0,29.0,85.20801232665639,
emerging,remove_trend,C0348,智能电网信息安全与韧性,28.0,28.0,85.64137134052389,
emerging,remove_trend,C0351,输配电线路视觉巡检与无人机检测,15.0,19.0,88.1596687211094,
emerging,remove_trend,C0356,电力知识处理与智能决策系统,2.0,4.0,94.74191063174112,
emerging,remove_trend,C0381,光伏发电功率预测方法与装置,7.0,7.0,91.4580123266564,
emerging,remove_trend,C0435,智能电表物联网与用能监测,13.0,20.0,87.88520801232666,
emerging,remove_trend,C0443,建筑能效与居民供热用能,37.0,35.0,82.64637904468412,
emerging,remove_trend,C0446,电力扰动孤岛及异常识别算法,10.0,15.0,89.38751926040062,
emerging,remove_trend,C0463,区域供热预测与热系统建模,9.0,11.0,89.83532357473035,
emerging,remove_trend,C0473,二氧化碳地质封存与驱油,36.0,38.0,81.30296610169492,
emerging,remove_trend,C0533,氮化镓功率与结器件,6.0,6.0,92.10323574730354,
emerging,remove_trend,C0534,氢能技术经济与生命周期,34.0,39.0,81.22592449922959,
emerging,remove_trend,C0542,光伏组件故障与缺陷检测,18.0,16.0,88.53043143297381,
emerging,remove_trend,C0566,蒸汽重整制氢与合成气,17.0,8.0,91.2846687211094,
emerging,remove_trend,C0600,直接空气捕碳,20.0,10.0,90.12904468412944,
emerging,remove_trend,C0606,地热资源勘探与储层建模,5.0,5.0,92.59919106317412,
emerging,remove_trend,C0656,动力电池梯次利用,22.0,27.0,85.76656394453005,
emerging,remove_trend,C0665,换热器结构与传热强化,29.0,31.0,84.90466101694915,
emerging,remove_trend,C0686,电网灾害韧性与恢复,25.0,26.0,85.82434514637904,
emerging,remove_trend,C0713,电价预测,14.0,21.0,87.85150231124808,
emerging,remove_trend,C0725,废塑料回收与转化,41.0,42.0,79.75250385208012,
emerging,remove_quarter_consistency,C0024,海洋资源开发与海上工程,24.0,12.0,88.10135250813217,
emerging,remove_quarter_consistency,C0048,配电网柔性调度与协同规划,26.0,31.0,84.27495291902072,
emerging,remove_quarter_consistency,C0091,等离子体湍流与不稳定性,21.0,24.0,85.9613079952063,
emerging,remove_quarter_consistency,C0098,建筑与工业冷却节能,27.0,17.0,86.86868686868686,
emerging,remove_quarter_consistency,C0115,二氧化碳吸收溶解与水合物,35.0,37.0,80.26878959082349,
emerging,remove_quarter_consistency,C0121,波浪能装置与海洋水动力,12.0,15.0,87.58774182502995,
emerging,remove_quarter_consistency,C0124,电力系统碳计量与低碳调度,4.0,5.0,93.88803287108372,
emerging,remove_quarter_consistency,C0130,能源网络安全与隐私保护,1.0,1.0,95.71991097414826,
emerging,remove_quarter_consistency,C0140,厌氧微生物产甲烷机制,43.0,43.0,77.65793528505392,
emerging,remove_quarter_consistency,C0159,太阳辐照预测与光伏环境建模,44.0,44.0,76.0657421674371,
emerging,remove_quarter_consistency,C0186,煤热解气化与煤质特性,19.0,21.0,86.57764081492894,
emerging,remove_quarter_consistency,C0191,固态储氢材料与反应器,38.0,40.0,79.04468412942988,
emerging,remove_quarter_consistency,C0193,多设备温控与智能散热,33.0,30.0,84.4889573703133,
emerging,remove_quarter_consistency,C0210,地热资源开发与换热,11.0,14.0,87.71614449580551,
emerging,remove_quarter_consistency,C0216,电力可靠性与电气安全,32.0,28.0,84.92552645095017,
emerging,remove_quarter_consistency,C0227,空调通风与空气处理,30.0,27.0,85.28505392912172,
emerging,remove_quarter_consistency,C0246,虚拟电厂资源聚合与调度,23.0,26.0,85.55041944872454,
emerging,remove_quarter_consistency,C0251,充电站选址与充电调度,39.0,41.0,77.95754151686356,
emerging,remove_quarter_consistency,C0252,热泵与区域供热供冷,42.0,38.0,80.0462249614792,
emerging,remove_quarter_consistency,C0258,综合能源系统协同管理与优化调度,40.0,42.0,77.94898133881183,
emerging,remove_quarter_consistency,C0265,覆冰冻结与除冰传热,8.0,11.0,88.8717685327855,
emerging,remove_quarter_consistency,C0294,电池管理与均衡控制,16.0,18.0,86.81732580037664,
emerging,remove_quarter_consistency,C0308,变电站自动化与电网监控,3.0,4.0,94.05067625406608,
emerging,remove_quarter_consistency,C0327,风速与风电出力预测,31.0,35.0,82.43451463790447,
emerging,remove_quarter_consistency,C0348,智能电网信息安全与韧性,28.0,32.0,83.64149974319464,
emerging,remove_quarter_consistency,C0351,输配电线路视觉巡检与无人机检测,15.0,10.0,89.65074473549049,
emerging,remove_quarter_consistency,C0356,电力知识处理与智能决策系统,2.0,2.0,94.26468070535866,
emerging,remove_quarter_consistency,C0381,光伏发电功率预测方法与装置,7.0,8.0,90.24995719910974,
emerging,remove_quarter_consistency,C0435,智能电表物联网与用能监测,13.0,16.0,87.24533470296181,
emerging,remove_quarter_consistency,C0443,建筑能效与居民供热用能,37.0,39.0,79.40421160760144,
emerging,remove_quarter_consistency,C0446,电力扰动孤岛及异常识别算法,10.0,13.0,87.75894538606404,
emerging,remove_quarter_consistency,C0463,区域供热预测与热系统建模,9.0,6.0,91.48262283855505,
emerging,remove_quarter_consistency,C0473,二氧化碳地质封存与驱油,36.0,34.0,82.90532443074817,
emerging,remove_quarter_consistency,C0533,氮化镓功率与结器件,6.0,7.0,91.02893340181475,
emerging,remove_quarter_consistency,C0534,氢能技术经济与生命周期,34.0,33.0,83.07652799178223,
emerging,remove_quarter_consistency,C0542,光伏组件故障与缺陷检测,18.0,20.0,86.65468241739428,
emerging,remove_quarter_consistency,C0566,蒸汽重整制氢与合成气,17.0,19.0,86.77452491011813,
emerging,remove_quarter_consistency,C0600,直接空气捕碳,20.0,22.0,86.39787707584317,
emerging,remove_quarter_consistency,C0606,地热资源勘探与储层建模,5.0,3.0,94.110597500428,
emerging,remove_quarter_consistency,C0656,动力电池梯次利用,22.0,25.0,85.56753980482794,
emerging,remove_quarter_consistency,C0665,换热器结构与传热强化,29.0,23.0,86.03834959767164,
emerging,remove_quarter_consistency,C0686,电网灾害韧性与恢复,25.0,29.0,84.69440164355417,
emerging,remove_quarter_consistency,C0713,电价预测,14.0,9.0,89.75346687211095,
emerging,remove_quarter_consistency,C0725,废塑料回收与转化,41.0,36.0,80.60263653483992,
emerging,remove_institution_expansion,C0024,海洋资源开发与海上工程,24.0,19.0,88.01147063858929,
emerging,remove_institution_expansion,C0048,配电网柔性调度与协同规划,26.0,25.0,86.48347885636022,
emerging,remove_institution_expansion,C0091,等离子体湍流与不稳定性,21.0,18.0,88.10135250813217,
emerging,remove_institution_expansion,C0098,建筑与工业冷却节能,27.0,28.0,85.8714261256634,
emerging,remove_institution_expansion,C0115,二氧化碳吸收溶解与水合物,35.0,35.0,82.11778804999143,
emerging,remove_institution_expansion,C0121,波浪能装置与海洋水动力,12.0,12.0,89.23129601095702,
emerging,remove_institution_expansion,C0124,电力系统碳计量与低碳调度,4.0,3.0,94.5557267591166,
emerging,remove_institution_expansion,C0130,能源网络安全与隐私保护,1.0,1.0,96.66153055983564,
emerging,remove_institution_expansion,C0140,厌氧微生物产甲烷机制,43.0,43.0,77.55093305940764,
emerging,remove_institution_expansion,C0159,太阳辐照预测与光伏环境建模,44.0,44.0,76.38674884437597,
emerging,remove_institution_expansion,C0186,煤热解气化与煤质特性,19.0,17.0,88.54648176682075,
emerging,remove_institution_expansion,C0191,固态储氢材料与反应器,38.0,37.0,81.49289505221708,
emerging,remove_institution_expansion,C0193,多设备温控与智能散热,33.0,33.0,83.42321520287622,
emerging,remove_institution_expansion,C0210,地热资源开发与换热,11.0,13.0,89.08577298407808,
emerging,remove_institution_expansion,C0216,电力可靠性与电气安全,32.0,27.0,86.085430576956,
emerging,remove_institution_expansion,C0227,空调通风与空气处理,30.0,32.0,84.16795069337442,
emerging,remove_institution_expansion,C0246,虚拟电厂资源聚合与调度,23.0,15.0,88.58072247902757,
emerging,remove_institution_expansion,C0251,充电站选址与充电调度,39.0,39.0,81.17616846430407,
emerging,remove_institution_expansion,C0252,热泵与区域供热供冷,42.0,41.0,79.63105632597158,
emerging,remove_institution_expansion,C0258,综合能源系统协同管理与优化调度,40.0,40.0,80.32871083718541,
emerging,remove_institution_expansion,C0265,覆冰冻结与除冰传热,8.0,9.0,90.1386748844376,
emerging,remove_institution_expansion,C0294,电池管理与均衡控制,16.0,15.0,88.58072247902756,
emerging,remove_institution_expansion,C0308,变电站自动化与电网监控,3.0,4.0,94.41020373223763,
emerging,remove_institution_expansion,C0327,风速与风电出力预测,31.0,31.0,84.18079096045197,
emerging,remove_institution_expansion,C0348,智能电网信息安全与韧性,28.0,29.0,85.79866461222393,
emerging,remove_institution_expansion,C0351,输配电线路视觉巡检与无人机检测,15.0,20.0,87.93442903612394,
emerging,remove_institution_expansion,C0356,电力知识处理与智能决策系统,2.0,2.0,95.22342064714944,
emerging,remove_institution_expansion,C0381,光伏发电功率预测方法与装置,7.0,7.0,91.46550248245164,
emerging,remove_institution_expansion,C0435,智能电表物联网与用能监测,13.0,8.0,90.82348912857388,
emerging,remove_institution_expansion,C0443,建筑能效与居民供热用能,37.0,34.0,82.70844033555899,
emerging,remove_institution_expansion,C0446,电力扰动孤岛及异常识别算法,10.0,11.0,89.36825885978429,
emerging,remove_institution_expansion,C0463,区域供热预测与热系统建模,9.0,10.0,89.90326998801575,
emerging,remove_institution_expansion,C0473,二氧化碳地质封存与驱油,36.0,38.0,81.42869371682932,
emerging,remove_institution_expansion,C0533,氮化镓功率与结器件,6.0,5.0,92.31296010957028,
emerging,remove_institution_expansion,C0534,氢能技术经济与生命周期,34.0,36.0,81.77110083889745,
emerging,remove_institution_expansion,C0542,光伏组件故障与缺陷检测,18.0,21.0,87.6819037835987,
emerging,remove_institution_expansion,C0566,蒸汽重整制氢与合成气,17.0,22.0,87.20253381270331,
emerging,remove_institution_expansion,C0600,直接空气捕碳,20.0,23.0,86.89436740284198,
emerging,remove_institution_expansion,C0606,地热资源勘探与储层建模,5.0,6.0,91.81218969354562,
emerging,remove_institution_expansion,C0656,动力电池梯次利用,22.0,24.0,86.74884437596303,
emerging,remove_institution_expansion,C0665,换热器结构与传热强化,29.0,30.0,84.5959595959596,
emerging,remove_institution_expansion,C0686,电网灾害韧性与恢复,25.0,26.0,86.18387262455059,
emerging,remove_institution_expansion,C0713,电价预测,14.0,14.0,88.60212292415682,
emerging,remove_institution_expansion,C0725,废塑料回收与转化,41.0,42.0,79.33145009416197,
potential,remove_patents,U0246,虚拟电厂资源聚合、调度与市场履约,1.0,1.0,92.85714285714286,U0246
potential,remove_patents,U0650,空气源热泵设备、运行与系统应用,3.0,2.0,78.57142857142857,U0650
potential,remove_patents,U0356_KG,电力知识图谱与知识问答,2.0,4.0,55.35714285714286,U0356_KG
potential,remove_patents,U0356_LLM,电力大模型辅助决策与运维,3.0,3.0,67.85714285714286,U0356_LLM
potential,remove_applicants,U0246,虚拟电厂资源聚合、调度与市场履约,1.0,1.0,90.625,U0246
potential,remove_applicants,U0650,空气源热泵设备、运行与系统应用,3.0,2.0,71.875,U0650
potential,remove_applicants,U0356_KG,电力知识图谱与知识问答,2.0,4.0,60.9375,U0356_KG
potential,remove_applicants,U0356_LLM,电力大模型辅助决策与运维,3.0,3.0,65.625,U0356_LLM
potential,remove_policy,U0246,虚拟电厂资源聚合、调度与市场履约,1.0,2.0,75.0,U0246
potential,remove_policy,U0650,空气源热泵设备、运行与系统应用,3.0,4.0,25.0,U0650
potential,remove_policy,U0356_KG,电力知识图谱与知识问答,2.0,1.0,100.0,U0356_KG
potential,remove_policy,U0356_LLM,电力大模型辅助决策与运维,3.0,3.0,50.0,U0356_LLM
