category_id,category_index,name,domain,status,analysis_scope,documents,needs_review_documents,supported_documents
C0001,0,电池与充电设施热管理,电化学储能,宽泛待细分,能源电力直接相关,2068,2068,0
C0002,1,功能传感材料与电化学检测,其他基础与关联学科,关联基础研究,关联基础或环境研究,8079,71,0
C0003,2,电力电子控制与频率调节,电网与电力系统,混杂待重分,质量限制观察,6071,6071,0
C0004,3,风能开发与风电技术经济,风能与水能海洋能源,宽泛待细分,能源电力直接相关,16789,16789,0
C0005,4,钙钛矿氧化物电催化,能源材料与电化学基础,方向候选,能源电力直接相关,6707,1253,0
C0006,5,电网建设与供电服务政策,能源政策与治理,宽泛待细分,能源治理与政策研究,891,879,12
C0007,6,层状电池正极与离子导体,电化学储能,混杂待重分,质量限制观察,10778,10778,0
C0008,7,电极涂布与通用成形加工,制造与通用装置,混杂待重分,质量限制观察,2640,2640,0
C0009,8,二氧化碳电还原催化,碳与环境,方向候选,能源电力直接相关,18060,2416,6922
C0010,9,土壤碳过程与土壤改良,碳与环境,关联基础研究,关联基础或环境研究,8771,144,0
C0011,10,光催化与光生物制氢,氢能与燃料电池,宽泛待细分,能源电力直接相关,8403,8403,0
C0012,11,聚合物介电绝缘与储能,能源材料与电化学基础,宽泛待细分,能源电力直接相关,8560,8560,0
C0013,12,集成电路与电子封装,电力电子与电机,宽泛待细分,能源电力直接相关,6305,6305,0
C0014,13,电池单体模组及用电器件混合,电化学储能,混杂待重分,质量限制观察,2653,2653,0
C0015,14,通用机器学习与优化算法,数字技术与测量,关联基础研究,关联基础或环境研究,12972,120,0
C0016,15,生物质能源利用与可持续性,生物质与资源循环,宽泛待细分,关联基础或环境研究,14627,14627,0
C0017,16,电磁场耦合与电磁换能,电力电子与电机,宽泛待细分,能源电力直接相关,11236,11236,0
C0018,17,电力智能算法与多场景辨识,数字技术与测量,混杂待重分,质量限制观察,5803,5803,0
C0019,18,太阳能采集光学与空间应用,太阳能,混杂待重分,质量限制观察,12392,12392,0
C0020,19,纳米复合材料与多类器件,能源材料与电化学基础,混杂待重分,质量限制观察,11869,11869,0
C0021,20,金属离子吸附与材料化学,碳与环境,混杂待重分,质量限制观察,12882,12882,0
C0022,21,钠离子电池材料与电解液,电化学储能,宽泛待细分,能源电力直接相关,2536,2536,0
C0023,22,功率半导体器件与电路结构,电力电子与电机,宽泛待细分,能源电力直接相关,2786,2786,0
C0024,23,海洋资源开发与海上工程,风能与水能海洋能源,宽泛待细分,能源电力直接相关,8670,8670,0
C0025,24,通用防护支撑与安装结构混杂簇024,制造与通用装置,混杂待重分,质量限制观察,2257,2257,0
C0026,25,硫化镉等硫族薄膜制备,太阳能,方向候选,能源电力直接相关,6429,86,0
C0027,26,变压器与高压开关设备,电网与电力系统,宽泛待细分,能源电力直接相关,13474,13474,0
C0028,27,电动汽车充电设施及并网,交通与充电,宽泛待细分,能源电力直接相关,6665,6665,0
C0029,28,聚变等离子体诊断,核能与等离子体,方向候选,能源电力直接相关,12510,852,0
C0030,29,碳基电极与多孔材料制备,能源材料与电化学基础,混杂待重分,质量限制观察,2546,2546,0
C0031,30,车辆驱动制动与运动控制,交通与充电,宽泛待细分,能源电力直接相关,14154,14154,0
C0032,31,煤炭产业布局与清洁利用政策,能源政策与治理,政策类群,能源治理与政策研究,1739,16,0
C0033,32,石油产业与油价经济,化石能源,宽泛待细分,能源电力直接相关,19492,19492,0
C0034,33,污泥资源化与水处理,生物质与资源循环,宽泛待细分,关联基础或环境研究,9785,9785,0
C0035,34,太阳能集热与热利用装置,太阳能,宽泛待细分,能源电力直接相关,1814,1814,0
C0036,35,风机传动支撑与轴承部件,风能与水能海洋能源,混杂待重分,质量限制观察,2006,2006,0
C0037,36,光催化二氧化碳转化与氧化还原,碳与环境,宽泛待细分,能源电力直接相关,17096,17096,0
C0038,37,电气计量校准与测量不确定度,数字技术与测量,宽泛待细分,关联基础或环境研究,10427,10427,0
C0039,38,碳达峰与综合节能政策,能源政策与治理,政策类群,能源治理与政策研究,862,29,0
C0040,39,碳定价与减排经济机制,碳与环境,方向候选,能源电力直接相关,17615,501,0
C0041,40,电池单体与模组构件装配,电化学储能,宽泛待细分,能源电力直接相关,4989,4989,0
C0042,41,无线充电与充电器结构,交通与充电,宽泛待细分,能源电力直接相关,2024,2024,0
C0043,42,气体处理气化与天然气水合物,化石能源,混杂待重分,质量限制观察,10603,10603,0
C0044,43,二氧化碳及混合气体膜分离,碳与环境,方向候选,能源电力直接相关,6911,873,0
C0045,44,铜铟镓硒薄膜光伏,太阳能,方向候选,能源电力直接相关,16487,1182,0
C0046,45,煤气化与燃煤清洁转化,化石能源,宽泛待细分,能源电力直接相关,7769,7769,0
C0047,46,分离膜制备与膜污染控制,碳与环境,宽泛待细分,关联基础或环境研究,15227,15227,0
C0048,47,配电网柔性调度与协同规划,电网与电力系统,宽泛待细分,能源电力直接相关,10358,10358,0
C0049,48,电池隔膜、聚合物电解质与粘结剂,电化学储能,宽泛待细分,能源电力直接相关,5322,5322,0
C0050,49,固态及凝胶聚合物电解质,电化学储能,方向候选,能源电力直接相关,10596,1786,0
C0051,50,储能及通用装置温控换热,热工与能效,混杂待重分,质量限制观察,3344,3344,0
C0052,51,电气故障保护与暂态检测,电网与电力系统,宽泛待细分,能源电力直接相关,2875,2875,0
C0053,52,电能变换与驱动控制电路,电力电子与电机,宽泛待细分,能源电力直接相关,2268,2268,0
C0054,53,电价与输配电价监管政策,能源政策与治理,政策类群,能源治理与政策研究,735,50,0
C0055,54,含铜化合物结构与功能,能源材料与电化学基础,混杂待重分,质量限制观察,9722,9722,0
C0056,55,电储能系统配置与运行,电化学储能,宽泛待细分,能源电力直接相关,9423,9423,0
C0057,56,射频微波电路与功率放大,电力电子与电机,关联基础研究,关联基础或环境研究,18791,350,0
C0058,57,有价金属浸出回收,生物质与资源循环,方向候选,关联基础或环境研究,16905,261,0
C0059,58,厌氧过程微生物与生物能源,生物质与资源循环,宽泛待细分,能源电力直接相关,9884,9884,0
C0060,59,超级电容器电极与器件,电化学储能,方向候选,能源电力直接相关,28623,95,26907
C0061,60,有机合成与分子功能材料,其他基础与关联学科,关联基础研究,关联基础或环境研究,16956,877,0
C0062,61,热工设备换热与工况分析,热工与能效,混杂待重分,质量限制观察,10988,10988,0
C0063,62,生物质热解与炭化,生物质与资源循环,方向候选,能源电力直接相关,16544,1180,4885
C0064,63,锂钠电池电解液与正极配方,电化学储能,混杂待重分,质量限制观察,3043,3043,0
C0065,64,电磁兼容干扰与电缆检测,电力电子与电机,混杂待重分,质量限制观察,9067,9067,0
C0066,65,环境税费补贴与市场规制,碳与环境,宽泛待细分,关联基础或环境研究,13266,13266,0
C0067,66,钙钛矿太阳能电池界面与器件性能,太阳能,宽泛待细分,能源电力直接相关,23090,23090,0
C0068,67,水热溶剂热合成与功能材料,能源材料与电化学基础,混杂待重分,质量限制观察,8405,8405,0
C0069,68,宽禁带半导体外延与结器件,电力电子与电机,宽泛待细分,能源电力直接相关,10227,10227,0
C0070,69,气象水文预测与环境评估,数字技术与测量,宽泛待细分,关联基础或环境研究,8178,8178,0
C0071,70,功能聚合物合成与结构,能源材料与电化学基础,关联基础研究,关联基础或环境研究,17650,308,0
C0072,71,氢能产业与制氢技术经济,氢能与燃料电池,宽泛待细分,能源电力直接相关,10314,10314,0
C0073,72,电极过程与电化学沉积,能源材料与电化学基础,宽泛待细分,关联基础或环境研究,16800,16800,0
C0074,73,通用防护支撑与安装结构混杂簇073,制造与通用装置,混杂待重分,质量限制观察,2048,2048,0
C0075,74,铋基氧化物光催化材料,能源材料与电化学基础,方向候选,关联基础或环境研究,9178,1896,0
C0076,75,通用催化剂与催化反应工程,能源材料与电化学基础,宽泛待细分,关联基础或环境研究,18071,18071,0
C0077,76,机电传动与运动执行装置,电力电子与电机,宽泛待细分,能源电力直接相关,2866,2866,0
C0078,77,充电连接与通用部件混合,交通与充电,混杂待重分,质量限制观察,2245,2245,0
C0079,78,燃料电池系统运行控制,氢能与燃料电池,方向候选,能源电力直接相关,2150,169,0
C0080,79,污染物光催化降解,碳与环境,方向候选,关联基础或环境研究,14060,2289,0
C0081,80,电力市场与售电制度政策,能源政策与治理,政策类群,能源治理与政策研究,1033,106,0
C0082,81,智能电网体系与通信,电网与电力系统,宽泛待细分,能源电力直接相关,11967,11967,0
C0083,82,配电网电压无功与电能质量,电网与电力系统,宽泛待细分,能源电力直接相关,11053,11053,0
C0084,83,电池单体电极及模组结构,电化学储能,宽泛待细分,能源电力直接相关,4706,4706,0
C0085,84,多类功能薄膜与纳米器件,能源材料与电化学基础,混杂待重分,质量限制观察,7945,7945,0
C0086,85,光伏组件性能建模与故障检测,太阳能,宽泛待细分,能源电力直接相关,13829,13829,0
C0087,86,制氢储氢与加氢系统,氢能与燃料电池,宽泛待细分,能源电力直接相关,2088,2088,0
C0088,87,污水厌氧处理与产能回收,生物质与资源循环,宽泛待细分,能源电力直接相关,11007,11007,0
C0089,88,信号处理测量与电力扰动,数字技术与测量,宽泛待细分,关联基础或环境研究,17989,17989,0
C0090,89,电动汽车充电控制,交通与充电,方向候选,能源电力直接相关,2994,67,0
C0091,90,等离子体湍流与不稳定性,核能与等离子体,方向候选,能源电力直接相关,11517,229,0
C0092,91,天然气输配与气价政策,能源政策与治理,政策类群,能源治理与政策研究,579,1,0
C0093,92,电能变换波浪能与互感器混合,电力电子与电机,混杂待重分,质量限制观察,11005,11005,0
C0094,93,晶体缺陷外延与变形,能源材料与电化学基础,关联基础研究,关联基础或环境研究,9428,88,0
C0095,94,泄漏检测与多设备状态监测,数字技术与测量,混杂待重分,质量限制观察,3359,3359,0
C0096,95,电力设备通信与控制系统,数字技术与测量,宽泛待细分,能源电力直接相关,3299,3299,0
C0097,96,永磁电机与磁路设计,电力电子与电机,宽泛待细分,能源电力直接相关,4701,4701,0
C0098,97,建筑与工业冷却节能,热工与能效,宽泛待细分,能源电力直接相关,10115,10115,0
C0099,98,无人机巡检与电网作业,数字技术与测量,方向候选,能源电力直接相关,1654,31,0
C0100,99,磁重联与磁场材料效应,核能与等离子体,混杂待重分,质量限制观察,13025,13025,0
C0101,100,人类世生态危机与社会转型,其他基础与关联学科,关联基础研究,关联基础或环境研究,9450,2,0
C0102,101,电力设备与线路故障检测、定位和诊断,电网与电力系统,宽泛待细分,能源电力直接相关,21019,21019,0
C0103,102,金属基复合材料与耐磨制造,能源材料与电化学基础,关联基础研究,关联基础或环境研究,10563,104,0
C0104,103,发动机燃气轮机与动力机械,化石能源,宽泛待细分,能源电力直接相关,11593,11593,0
C0105,104,微电网能量管理与优化,电网与电力系统,方向候选,能源电力直接相关,10962,2983,0
C0106,105,电动汽车推广与整车能耗,交通与充电,宽泛待细分,能源电力直接相关,11899,11899,0
C0107,106,模板化晶体数据库记录,其他基础与关联学科,外围或非研究文本,质量限制观察,10465,10465,0
C0108,107,储能充放电与变流控制,电化学储能,宽泛待细分,能源电力直接相关,2002,2002,0
C0109,108,水系锌电池与锌空气电池,电化学储能,宽泛待细分,能源电力直接相关,9518,9518,0
C0110,109,电气柜密封防护与开关部件,电网与电力系统,混杂待重分,质量限制观察,2606,2606,0
C0111,110,机柜装配与通用机械部件,制造与通用装置,混杂待重分,质量限制观察,3155,3155,0
C0112,111,电站锅炉汽轮机与设备运维,化石能源,混杂待重分,质量限制观察,8434,8434,0
C0113,112,二氧化钛光催化材料与反应,能源材料与电化学基础,宽泛待细分,关联基础或环境研究,38720,38720,0
C0114,113,水分离采集与流体界面技术,热工与能效,混杂待重分,质量限制观察,11433,11433,0
C0115,114,二氧化碳吸收溶解与水合物,碳与环境,宽泛待细分,能源电力直接相关,10722,10722,0
C0116,115,电源装置与供电电路结构,电力电子与电机,宽泛待细分,能源电力直接相关,2180,2180,0
C0117,116,制冷循环工质与能效,热工与能效,宽泛待细分,能源电力直接相关,11564,11564,0
C0118,117,煤矿产能及经营公告,能源政策与治理,政策类群,能源治理与政策研究,298,1,0
C0119,118,煤矿安全生产与许可管理,能源政策与治理,政策类群,能源治理与政策研究,590,1,0
C0120,119,电力载波与通信传输,数字技术与测量,宽泛待细分,能源电力直接相关,12726,12726,0
C0121,120,波浪能装置与海洋水动力,风能与水能海洋能源,宽泛待细分,能源电力直接相关,17713,17713,0
C0122,121,热电材料与热电性能优化,能源材料与电化学基础,方向候选,能源电力直接相关,28891,3584,860
C0123,122,磁约束等离子体运行与边界,核能与等离子体,方向候选,能源电力直接相关,12766,2459,0
C0124,123,电力系统碳计量与低碳调度,碳与环境,宽泛待细分,能源电力直接相关,3391,3171,219
C0125,124,重整气化与合成气制氢,氢能与燃料电池,宽泛待细分,能源电力直接相关,11227,11227,0
C0126,125,氮化碳及复合光催化材料,能源材料与电化学基础,宽泛待细分,关联基础或环境研究,15701,15701,0
C0127,126,质子交换及功能聚合物膜,氢能与燃料电池,宽泛待细分,能源电力直接相关,13564,13564,0
C0128,127,石墨烯复合材料与多场景应用,能源材料与电化学基础,宽泛待细分,关联基础或环境研究,19841,19841,0
C0129,128,生物质与污泥厌氧消化产气,生物质与资源循环,方向候选,能源电力直接相关,15747,1930,2150
C0130,129,能源网络安全与隐私保护,数字技术与测量,方向候选,能源电力直接相关,12250,91,0
C0131,130,光伏电池及组件结构制造,太阳能,宽泛待细分,能源电力直接相关,2674,2674,0
C0132,131,超级电容器复合电极材料,电化学储能,方向候选,能源电力直接相关,12789,3858,0
C0133,132,排放交易与污染治理政策研究,碳与环境,宽泛待细分,能源电力直接相关,16000,16000,0
C0134,133,功能薄膜沉积与表征,能源材料与电化学基础,关联基础研究,关联基础或环境研究,13172,162,0
C0135,134,电连接器接线与端口结构,电力电子与电机,宽泛待细分,能源电力直接相关,2483,2483,0
C0136,135,电力市场机制与产消者经济,电网与电力系统,宽泛待细分,能源电力直接相关,19158,19158,0
C0137,136,电解与其他路线制氢技术,氢能与燃料电池,宽泛待细分,能源电力直接相关,11821,11821,0
C0138,137,光伏出力预测与系统参数建模,太阳能,宽泛待细分,能源电力直接相关,10193,10193,0
C0139,138,变压器油纸绝缘诊断,电网与电力系统,方向候选,能源电力直接相关,5471,192,0
C0140,139,厌氧微生物产甲烷机制,生物质与资源循环,方向候选,能源电力直接相关,11081,288,0
C0141,140,半导体载流子与电荷输运,能源材料与电化学基础,关联基础研究,关联基础或环境研究,14702,309,0
C0142,141,电机转子定子与装配结构,电力电子与电机,宽泛待细分,能源电力直接相关,2327,2327,0
C0143,142,微电网变流器协调与功率分配,电网与电力系统,方向候选,能源电力直接相关,11721,2181,0
C0144,143,能源作物种植与生物质采收,生物质与资源循环,方向候选,能源电力直接相关,10637,272,0
C0145,144,陆面气象与蒸散估计,其他基础与关联学科,关联基础研究,关联基础或环境研究,11328,71,0
C0146,145,铁基催化剂与氧电催化,能源材料与电化学基础,宽泛待细分,能源电力直接相关,11540,11540,0
C0147,146,节能减排财政资金安排,能源政策与治理,政策类群,能源治理与政策研究,240,0,0
C0148,147,电极与电机铁芯制造装置,制造与通用装置,混杂待重分,质量限制观察,2006,2006,0
C0149,148,临床疾病与健康研究,其他基础与关联学科,外围或非研究文本,质量限制观察,9305,9305,0
C0150,149,储能技术与能量转换综述,电化学储能,宽泛待细分,能源电力直接相关,4282,4282,0
C0151,150,多孔碳吸附二氧化碳,碳与环境,方向候选,能源电力直接相关,15323,3889,754
C0152,151,镁基及多组元合金性质,能源材料与电化学基础,关联基础研究,关联基础或环境研究,11885,64,0
C0153,152,硅基材料与碳化硅陶瓷,能源材料与电化学基础,混杂待重分,质量限制观察,12386,12386,0
C0154,153,无线电能传输电路与系统,电力电子与电机,方向候选,能源电力直接相关,12987,217,4887
C0155,154,电解水析氧催化,氢能与燃料电池,方向候选,能源电力直接相关,21799,2379,5379
C0156,155,电力交易竞价与市场优化,电网与电力系统,方向候选,能源电力直接相关,12402,715,425
C0157,156,水工引水排水与杂项装置,制造与通用装置,混杂待重分,质量限制观察,2210,2210,0
C0158,157,有机光伏材料、器件与载流子输运,太阳能,宽泛待细分,能源电力直接相关,22530,22530,0
C0159,158,太阳辐照预测与光伏环境建模,太阳能,宽泛待细分,能源电力直接相关,7709,7709,0
C0160,159,通用互联网协议与通信网络,数字技术与测量,关联基础研究,关联基础或环境研究,13675,35,0
C0161,160,车辆操稳道路与轮胎交互,交通与充电,宽泛待细分,能源电力直接相关,9559,9559,0
C0162,161,电气传感与多设备测量,数字技术与测量,宽泛待细分,能源电力直接相关,5216,5216,0
C0163,162,分布式电源接入与配电网运行,电网与电力系统,方向候选,能源电力直接相关,3542,597,0
C0164,163,输电线路雷电接地与电磁影响,电网与电力系统,宽泛待细分,能源电力直接相关,11542,11542,0
C0165,164,天然气供能与燃气动力系统,化石能源,宽泛待细分,能源电力直接相关,8085,8085,0
C0166,165,多类太阳能电池结构与性能,太阳能,宽泛待细分,能源电力直接相关,12467,12467,0
C0167,166,晶硅异质结与硅基光伏制造,太阳能,方向候选,能源电力直接相关,14347,2965,0
C0168,167,粒子束辐照与半导体材料缺陷,核能与等离子体,关联基础研究,关联基础或环境研究,8490,156,0
C0169,168,电池荷电状态健康状态与建模,电化学储能,宽泛待细分,能源电力直接相关,7680,7680,0
C0170,169,能源转型与能源安全研究,能源政策与治理,宽泛待细分,能源治理与政策研究,20605,20605,0
C0171,170,最优潮流与电网优化运行,电网与电力系统,方向候选,能源电力直接相关,10617,520,0
C0172,171,燃烧稳定与低污染排放,化石能源,方向候选,能源电力直接相关,13452,323,0
C0173,172,电池正极改性与再生工艺,电化学储能,宽泛待细分,能源电力直接相关,2668,2668,0
C0174,173,电力负荷预测与短路等系统计算混合,电网与电力系统,混杂待重分,质量限制观察,4483,4483,0
C0175,174,空化流动与水动力,热工与能效,关联基础研究,关联基础或环境研究,11501,110,0
C0176,175,光伏最大功率点跟踪,太阳能,方向候选,能源电力直接相关,16567,1269,0
C0177,176,纳米结构输运与器件基础,能源材料与电化学基础,关联基础研究,关联基础或环境研究,11231,74,0
C0178,177,离子液体与电解质基础,能源材料与电化学基础,宽泛待细分,关联基础或环境研究,11504,11504,0
C0179,178,超导与量子材料基础,能源材料与电化学基础,关联基础研究,关联基础或环境研究,6121,467,0
C0180,179,电池组结构均衡与供能电路,电化学储能,宽泛待细分,能源电力直接相关,3509,3509,0
C0181,180,聚变装置与粒子束工程,核能与等离子体,宽泛待细分,能源电力直接相关,10669,10669,0
C0182,181,导航定位与遥感观测,数字技术与测量,关联基础研究,关联基础或环境研究,9124,16,0
C0183,182,通用控制器与电力控制算法,数字技术与测量,宽泛待细分,能源电力直接相关,17208,17208,0
C0184,183,卤化物钙钛矿结构、光电物性与发光,能源材料与电化学基础,关联基础研究,关联基础或环境研究,30730,913,0
C0185,184,风电场运行与功率优化,风能与水能海洋能源,方向候选,能源电力直接相关,13574,944,0
C0186,185,煤热解气化与煤质特性,化石能源,方向候选,能源电力直接相关,11798,209,0
C0187,186,通用反应分离与气液处理装置,制造与通用装置,混杂待重分,质量限制观察,1968,1968,0
C0188,187,欧洲能源转型与能源政策研究,能源政策与治理,宽泛待细分,能源治理与政策研究,16861,16861,0
C0189,188,风力机叶片与气动设计,风能与水能海洋能源,方向候选,能源电力直接相关,20539,386,0
C0190,189,充电负荷预测与园区用电调配,交通与充电,宽泛待细分,能源电力直接相关,1687,1687,0
C0191,190,固态储氢材料与反应器,氢能与燃料电池,方向候选,能源电力直接相关,16891,965,2264
C0192,191,含锂化合物与锂金属界面,电化学储能,混杂待重分,质量限制观察,12223,12223,0
C0193,192,多设备温控与智能散热,热工与能效,宽泛待细分,能源电力直接相关,4406,4406,0
C0194,193,股票价格与通用金融预测,其他基础与关联学科,外围或非研究文本,质量限制观察,12328,12328,0
C0195,194,碳捕集封存与碳移除系统,碳与环境,宽泛待细分,能源电力直接相关,13262,13262,0
C0196,195,混合动力与整车能量管理,交通与充电,方向候选,能源电力直接相关,15676,1125,0
C0197,196,铜基热电及功能复合材料,能源材料与电化学基础,混杂待重分,质量限制观察,6333,6333,0
C0198,197,电池负极活性材料与电池器件,电化学储能,宽泛待细分,能源电力直接相关,2559,2559,0
C0199,198,交直流供电与储备能源控制,电力电子与电机,宽泛待细分,能源电力直接相关,3092,3092,0
C0200,199,直流输电保护与故障限流,电网与电力系统,方向候选,能源电力直接相关,11031,485,0
C0201,200,电化学电极与摩擦电材料混合,能源材料与电化学基础,混杂待重分,质量限制观察,9685,9685,0
C0202,201,氧化锌复合光催化材料,能源材料与电化学基础,方向候选,关联基础或环境研究,13005,2544,0
C0203,202,纳米表征与光学传感材料,能源材料与电化学基础,关联基础研究,关联基础或环境研究,8394,125,0
C0204,203,发电项目电价结算及清单政策,能源政策与治理,政策类群,能源治理与政策研究,231,6,0
C0205,204,电池测试表征与性能评估,电化学储能,宽泛待细分,能源电力直接相关,9010,9010,0
C0206,205,激子量子点与发光机理,能源材料与电化学基础,关联基础研究,关联基础或环境研究,16014,225,0
C0207,206,组件边框与通用结构材料,制造与通用装置,混杂待重分,质量限制观察,2110,2110,0
C0208,207,能源企业组织投资与管理,能源政策与治理,宽泛待细分,能源治理与政策研究,12691,12691,0
C0209,208,有机半导体光物理与光电响应,能源材料与电化学基础,关联基础研究,关联基础或环境研究,10829,606,0
C0210,209,地热资源开发与换热,热工与能效,方向候选,能源电力直接相关,11871,1751,0
C0211,210,直流变换器拓扑与设计,电力电子与电机,方向候选,能源电力直接相关,18808,2004,0
C0212,211,等离子体波与高能粒子作用,核能与等离子体,方向候选,能源电力直接相关,14465,1249,0
C0213,212,电力电缆绝缘与运行诊断,电网与电力系统,方向候选,能源电力直接相关,8594,1582,0
C0214,213,通信网络路由与拓扑,数字技术与测量,关联基础研究,关联基础或环境研究,13770,128,0
C0215,214,电池极耳焊接及耳机等混合部件,制造与通用装置,混杂待重分,质量限制观察,1059,1059,0
C0216,215,电力可靠性与电气安全,电网与电力系统,宽泛待细分,能源电力直接相关,12063,12063,0
C0217,216,离子液体萃取与金属分离,碳与环境,方向候选,关联基础或环境研究,8337,201,0
C0218,217,气候变化治理与国际政策,能源政策与治理,政策类群,能源治理与政策研究,21895,1710,0
C0219,218,系统可靠性及暂态稳定混合,电网与电力系统,混杂待重分,质量限制观察,10951,10951,0
C0220,219,局部放电电晕与放电物理,电网与电力系统,宽泛待细分,能源电力直接相关,7985,7985,0
C0221,220,锂金属沉积与含锂电极材料,电化学储能,宽泛待细分,能源电力直接相关,15769,15769,0
C0222,221,木质纤维素预处理与生化转化,生物质与资源循环,宽泛待细分,能源电力直接相关,13717,13717,0
C0223,222,泵水轮机与水力机械流动,热工与能效,方向候选,能源电力直接相关,15408,228,0
C0224,223,生物炭制备与环境应用,生物质与资源循环,宽泛待细分,关联基础或环境研究,8602,8602,0
C0225,224,离子导电及功能聚合物,能源材料与电化学基础,关联基础研究,关联基础或环境研究,13534,572,0
C0226,225,过硫酸盐活化与高级氧化,碳与环境,方向候选,关联基础或环境研究,13343,506,3673
C0227,226,空调通风与空气处理,热工与能效,方向候选,能源电力直接相关,8973,182,0
C0228,227,能源审计与综合节能评估,热工与能效,宽泛待细分,能源电力直接相关,19317,19317,0
C0229,228,通用安装固定与机电结构,制造与通用装置,混杂待重分,质量限制观察,4241,4241,0
C0230,229,高温钢材蠕变腐蚀与焊接,能源材料与电化学基础,关联基础研究,关联基础或环境研究,10408,136,0
C0231,230,专利权利要求格式与杂项器件,制造与通用装置,混杂待重分,质量限制观察,2831,2831,0
C0232,231,多种掺杂氧化物及功能化合物,能源材料与电化学基础,混杂待重分,质量限制观察,11909,11909,0
C0233,232,半导体光电化学水分解,氢能与燃料电池,方向候选,能源电力直接相关,10970,878,2686
C0234,233,软开关谐振与交流变换器,电力电子与电机,宽泛待细分,能源电力直接相关,13196,13196,0
C0235,234,热电发电器件与热设计,热工与能效,方向候选,能源电力直接相关,15016,768,0
C0236,235,氢能供给加氢与系统集成,氢能与燃料电池,宽泛待细分,能源电力直接相关,8347,8347,0
C0237,236,分布式光伏部署与技术经济,太阳能,宽泛待细分,能源电力直接相关,23692,23692,0
C0238,237,农业农村经济与资源发展,其他基础与关联学科,关联基础研究,关联基础或环境研究,9577,10,0
C0239,238,高温及绝缘陶瓷制备,能源材料与电化学基础,宽泛待细分,关联基础或环境研究,9985,9985,0
C0240,239,薄膜晶体管与有机电子器件,电力电子与电机,关联基础研究,关联基础或环境研究,8242,201,0
C0241,240,有机半导体供受体与分子器件材料,能源材料与电化学基础,关联基础研究,关联基础或环境研究,13229,818,0
C0242,241,文摘索引与教学资料记录,其他基础与关联学科,外围或非研究文本,质量限制观察,5446,5446,0
C0243,242,生物油热解与燃料升级,生物质与资源循环,方向候选,能源电力直接相关,13582,819,0
C0244,243,电驱控制器与机电集成装置,电力电子与电机,宽泛待细分,能源电力直接相关,2134,2134,0
C0245,244,碳基超级电容器电极,电化学储能,方向候选,能源电力直接相关,12699,10159,0
C0246,245,虚拟电厂资源聚合与调度,电网与电力系统,方向候选,能源电力直接相关,2610,83,1823
C0247,246,镍锰及多种无机功能材料,能源材料与电化学基础,混杂待重分,质量限制观察,11497,11497,0
C0248,247,电力安全生产与应急政策,能源政策与治理,政策类群,能源治理与政策研究,965,106,0
C0249,248,磁性材料磁路与磁场基础,能源材料与电化学基础,宽泛待细分,关联基础或环境研究,12703,12703,0
C0250,249,热力循环余热与联供系统,热工与能效,宽泛待细分,能源电力直接相关,9533,9533,0
C0251,250,充电站选址与充电调度,交通与充电,方向候选,能源电力直接相关,9621,2514,0
C0252,251,热泵与区域供热供冷,热工与能效,宽泛待细分,能源电力直接相关,10959,10959,0
C0253,252,二氧化碳加氢与多类催化反应,碳与环境,宽泛待细分,能源电力直接相关,9613,9613,0
C0254,253,电催化析氢与界面调控,氢能与燃料电池,方向候选,能源电力直接相关,19499,993,4974
C0255,254,锂离子电池电极材料,电化学储能,宽泛待细分,能源电力直接相关,13320,13320,0
C0256,255,磁电耦合与自旋极化基础,能源材料与电化学基础,关联基础研究,关联基础或环境研究,11714,56,0
C0257,256,固体氧化物燃料电池,氢能与燃料电池,方向候选,能源电力直接相关,18799,745,12407
C0258,257,综合能源系统协同管理与优化调度,电网与电力系统,宽泛待细分,能源电力直接相关,19593,19593,0
C0259,258,锂硫电池正极与多硫化物调控,电化学储能,方向候选,能源电力直接相关,11208,943,7657
C0260,259,电压电流检测与校验电路,数字技术与测量,宽泛待细分,关联基础或环境研究,3082,3082,0
C0261,260,保护电路与开关控制,电力电子与电机,宽泛待细分,能源电力直接相关,3277,3277,0
C0262,261,电池外壳盖板与封装,电化学储能,方向候选,能源电力直接相关,3146,1269,0
C0263,262,碳基氧还原及单原子催化,能源材料与电化学基础,宽泛待细分,能源电力直接相关,12569,12569,0
C0264,263,绿色发展可持续性与绿色金融,能源政策与治理,宽泛待细分,能源治理与政策研究,16115,16115,0
C0265,264,覆冰冻结与除冰传热,热工与能效,宽泛待细分,能源电力直接相关,4246,4246,0
C0266,265,燃料电池质子交换膜,氢能与燃料电池,方向候选,能源电力直接相关,12065,5576,345
C0267,266,通用数学方程与数值方法,其他基础与关联学科,关联基础研究,关联基础或环境研究,15483,136,0
C0268,267,液冷流体通道与杂项机电装置,热工与能效,混杂待重分,质量限制观察,2231,2231,0
C0269,268,有机发光与分子光物理材料,能源材料与电化学基础,关联基础研究,关联基础或环境研究,13964,1973,0
C0270,269,翼型螺旋桨与航空气动,其他基础与关联学科,关联基础研究,关联基础或环境研究,15706,81,0
C0271,270,沼气及多路线生物燃料,生物质与资源循环,宽泛待细分,能源电力直接相关,13989,13989,0
C0272,271,高分子绝缘与复合材料混合,能源材料与电化学基础,混杂待重分,质量限制观察,9187,9187,0
C0273,272,电机调制谐波与转矩控制,电力电子与电机,宽泛待细分,能源电力直接相关,3473,3473,0
C0274,273,电缆结构材料与敷设,电网与电力系统,宽泛待细分,能源电力直接相关,3320,3320,0
C0275,274,风电发电机与并网控制,风能与水能海洋能源,方向候选,能源电力直接相关,15613,421,0
C0276,275,锂离子电池负极材料,电化学储能,方向候选,能源电力直接相关,23866,2303,0
C0277,276,分子生物学与医学机制,其他基础与关联学科,外围或非研究文本,质量限制观察,10192,10192,0
C0278,277,整体电催化水分解,氢能与燃料电池,方向候选,能源电力直接相关,14069,3032,1590
C0279,278,光伏支架与组件机械固定,太阳能,方向候选,能源电力直接相关,2893,275,0
C0280,279,航空器无人机设计与飞控,其他基础与关联学科,关联基础研究,关联基础或环境研究,13159,46,0
C0281,280,电机磁路转子与铁芯设计,电力电子与电机,宽泛待细分,能源电力直接相关,3413,3413,0
C0282,281,金融投资与风险经济,其他基础与关联学科,关联基础研究,关联基础或环境研究,12326,61,0
C0283,282,油路液压与油浸电气装置,制造与通用装置,混杂待重分,质量限制观察,1308,1308,0
C0284,283,能源标准化许可与专项监管,能源政策与治理,宽泛待细分,能源治理与政策研究,1326,1326,0
C0285,284,热泵换热器与热管理设计,热工与能效,宽泛待细分,能源电力直接相关,11841,11841,0
C0286,285,燃料电池铂基催化剂,氢能与燃料电池,方向候选,能源电力直接相关,14654,2650,0
C0287,286,核裂变聚变与核电工程,核能与等离子体,宽泛待细分,能源电力直接相关,9653,9653,0
C0288,287,多体系电池配方与器件,电化学储能,混杂待重分,质量限制观察,4481,4481,0
C0289,288,锌基硫族及氧化物薄膜,能源材料与电化学基础,关联基础研究,关联基础或环境研究,13393,631,0
C0290,289,铁氧化物磁性纳米材料,能源材料与电化学基础,关联基础研究,关联基础或环境研究,16456,284,0
C0291,290,瓶装液化石油气价格政策,能源政策与治理,政策类群,能源治理与政策研究,218,0,0
C0292,291,仿真软件硬件在环与教学平台,数字技术与测量,宽泛待细分,关联基础或环境研究,10712,10712,0
C0293,292,电池系统管理与全寿命利用,电化学储能,宽泛待细分,能源电力直接相关,9865,9865,0
C0294,293,电池管理与均衡控制,电化学储能,方向候选,能源电力直接相关,3982,992,0
C0295,294,光学薄膜与发光表征,能源材料与电化学基础,关联基础研究,关联基础或环境研究,11116,78,0
C0296,295,供水管网水力状态与节能调度,热工与能效,方向候选,能源电力直接相关,6751,326,0
C0297,296,废旧锂电池回收、分离与材料再生,电化学储能,方向候选,能源电力直接相关,8343,1814,0
C0298,297,场效应晶体管结构与建模,电力电子与电机,宽泛待细分,能源电力直接相关,11901,9940,1961
C0299,298,温度测量监测与温控装置,数字技术与测量,宽泛待细分,关联基础或环境研究,2838,2838,0
C0300,299,出版商模板干扰的多能源文本,其他基础与关联学科,混杂待重分,质量限制观察,11350,11350,0
C0301,300,半导体离子注入与辐照缺陷,能源材料与电化学基础,关联基础研究,关联基础或环境研究,9288,519,0
C0302,301,制冷循环与余热驱动制冷,热工与能效,宽泛待细分,能源电力直接相关,7475,7475,0
C0303,302,照明灯具与光学部件,电力电子与电机,宽泛待细分,能源电力直接相关,6011,6011,0
C0304,303,二氧化钛纳米结构制备与基础应用,能源材料与电化学基础,关联基础研究,关联基础或环境研究,35044,2157,0
C0305,304,电气设备防护监测及杂项装置,电网与电力系统,混杂待重分,质量限制观察,3112,3112,0
C0306,305,电能质量谐波检测与信号分析,电网与电力系统,方向候选,能源电力直接相关,16094,689,0
C0307,306,对流換热与换热器热工分析,热工与能效,宽泛待细分,能源电力直接相关,14706,14706,0
C0308,307,变电站自动化与电网监控,电网与电力系统,宽泛待细分,能源电力直接相关,12737,12737,0
C0309,308,电动车辆及充电系统装置,交通与充电,宽泛待细分,能源电力直接相关,2888,2888,0
C0310,309,复合氧化物合成与电化学性质,能源材料与电化学基础,混杂待重分,质量限制观察,10419,10419,0
C0311,310,变换器与电机变压器保护混合,电力电子与电机,混杂待重分,质量限制观察,13450,13450,0
C0312,311,书目碎片封面与其他非研究文本,其他基础与关联学科,外围或非研究文本,质量限制观察,3892,3892,0
C0313,312,电力系统频率控制及通用控制方法,电网与电力系统,混杂待重分,质量限制观察,10080,10080,0
C0314,313,多体系电催化剂与电池材料制备,能源材料与电化学基础,混杂待重分,质量限制观察,3076,3076,0
C0315,314,中国能源转型与区域低碳经济,能源政策与治理,宽泛待细分,能源治理与政策研究,15098,15098,0
C0316,315,多种燃料燃烧与排放评估,化石能源,宽泛待细分,能源电力直接相关,11126,11126,0
C0317,316,溶剂萃取与化学分离,能源材料与电化学基础,关联基础研究,关联基础或环境研究,12010,234,0
C0318,317,时钟同步与时延建模,数字技术与测量,关联基础研究,关联基础或环境研究,9040,82,0
C0319,318,等离子体动力学与磁约束,核能与等离子体,宽泛待细分,能源电力直接相关,12382,12382,0
C0320,319,二氧化碳捕集材料与工艺,碳与环境,宽泛待细分,能源电力直接相关,10508,10508,0
C0321,320,海上风电平台与波浪能装置,风能与水能海洋能源,混杂待重分,质量限制观察,3640,3640,0
C0322,321,硫化物固态电解质与锂硫材料混合,电化学储能,混杂待重分,质量限制观察,1312,1312,0
C0323,322,林业经营与森林资源利用,生物质与资源循环,宽泛待细分,关联基础或环境研究,13405,13405,0
C0324,323,多体系纳米结构与复合材料,能源材料与电化学基础,关联基础研究,关联基础或环境研究,12869,224,0
C0325,324,锅炉气化与工业余热回收装置,热工与能效,混杂待重分,质量限制观察,2837,2837,0
C0326,325,心血管及其他临床医学研究,其他基础与关联学科,外围或非研究文本,质量限制观察,8159,8159,0
C0327,326,风速与风电出力预测,风能与水能海洋能源,方向候选,能源电力直接相关,6143,911,0
C0328,327,太阳能集热器与光热利用,太阳能,宽泛待细分,能源电力直接相关,13971,13971,0
C0329,328,电机驱动与机械传动装置,电力电子与电机,宽泛待细分,能源电力直接相关,2639,2639,0
C0330,329,太阳能界面蒸发与海水淡化,太阳能,方向候选,能源电力直接相关,11270,647,1028
C0331,330,能效标识与多类财税结算政策混合,能源政策与治理,混杂待重分,质量限制观察,385,385,0
C0332,331,可编程芯片与实时硬件实现,数字技术与测量,宽泛待细分,关联基础或环境研究,8577,8577,0
C0333,332,网格数值计算与跨领域仿真混合,其他基础与关联学科,混杂待重分,质量限制观察,9398,9398,0
C0334,333,钴基氧化物电催化与储能材料,能源材料与电化学基础,宽泛待细分,关联基础或环境研究,9586,9586,0
C0335,334,供电连接与电源电路装置,电力电子与电机,宽泛待细分,能源电力直接相关,2322,2322,0
C0336,335,硅碳负极材料与制备,电化学储能,方向候选,能源电力直接相关,3071,239,2087
C0337,336,光伏跟踪与太阳能装置控制,太阳能,宽泛待细分,能源电力直接相关,5409,5409,0
C0338,337,相变储热材料与传热增强,热工与能效,方向候选,能源电力直接相关,11745,372,0
C0339,338,关键矿产供给与采矿资源,其他基础与关联学科,关联基础研究,关联基础或环境研究,10275,135,0
C0340,339,甲醇电氧化与贵金属催化剂,氢能与燃料电池,方向候选,能源电力直接相关,14352,1018,0
C0341,340,层状二维材料电子及声子性质,能源材料与电化学基础,关联基础研究,关联基础或环境研究,15760,72,0
C0342,341,生物质热解气化与水热转化,生物质与资源循环,宽泛待细分,能源电力直接相关,9663,9663,0
C0343,342,锂电池热行为与安全机制,电化学储能,宽泛待细分,能源电力直接相关,11803,11803,0
C0344,343,电池热管理排气与壳体安全装置,电化学储能,宽泛待细分,能源电力直接相关,1790,1790,0
C0345,344,共轭高分子与光电复合材料,能源材料与电化学基础,关联基础研究,关联基础或环境研究,10495,533,0
C0346,345,离子交换膜传输及电化学应用,能源材料与电化学基础,宽泛待细分,关联基础或环境研究,8263,8263,0
C0347,346,欧洲能源转型与一般区域政治混合,能源政策与治理,混杂待重分,质量限制观察,9789,9789,0
C0348,347,智能电网信息安全与韧性,电网与电力系统,宽泛待细分,能源电力直接相关,7783,7783,0
C0349,348,二硫化钼等二维材料与器件,能源材料与电化学基础,关联基础研究,关联基础或环境研究,11392,729,0
C0350,349,能源地缘政治与一般国际关系混合,能源政策与治理,混杂待重分,质量限制观察,15605,15605,0
C0351,350,输配电线路视觉巡检与无人机检测,电网与电力系统,方向候选,能源电力直接相关,4023,73,0
C0352,351,机械摩擦传动与力学测量,制造与通用装置,宽泛待细分,关联基础或环境研究,13037,13037,0
C0353,352,能源发展规划与综合指导政策,能源政策与治理,政策类群,能源治理与政策研究,1440,60,0
C0354,353,可再生能源发展与多技术评价,能源政策与治理,宽泛待细分,能源治理与政策研究,18807,18807,0
C0355,354,染料敏化太阳能电池材料与器件,太阳能,方向候选,能源电力直接相关,18402,629,11728
C0356,355,电力知识处理与智能决策系统,数字技术与测量,宽泛待细分,能源电力直接相关,3934,3934,0
C0357,356,水泥混凝土性能与碳化,能源材料与电化学基础,关联基础研究,关联基础或环境研究,6615,224,0
C0358,357,非贵金属氧还原电催化材料,能源材料与电化学基础,方向候选,能源电力直接相关,13639,3796,2222
C0359,358,充电基础设施与公用事业接入政策混合,能源政策与治理,混杂待重分,质量限制观察,528,528,0
C0360,359,多孔碳材料及储能环境应用,能源材料与电化学基础,宽泛待细分,关联基础或环境研究,9681,9681,0
C0361,360,机械装配传动与电气部件混合,制造与通用装置,混杂待重分,质量限制观察,3347,3347,0
C0362,361,荧光粉组分调控与发光性质,能源材料与电化学基础,关联基础研究,关联基础或环境研究,20258,569,0
C0363,362,镉基硫族半导体与量子点,能源材料与电化学基础,关联基础研究,关联基础或环境研究,9898,107,0
C0364,363,有机场效应晶体管,能源材料与电化学基础,关联基础研究,关联基础或环境研究,9261,536,0
C0365,364,电力通信与无线传输装置,数字技术与测量,宽泛待细分,能源电力直接相关,4344,4344,0
C0366,365,功能纤维复合材料与织物,能源材料与电化学基础,关联基础研究,关联基础或环境研究,9030,373,0
C0367,366,铁化合物反应与材料应用,能源材料与电化学基础,关联基础研究,关联基础或环境研究,13464,285,0
C0368,367,铀钍及稀土分离提取,能源材料与电化学基础,宽泛待细分,关联基础或环境研究,8956,8956,0
C0369,368,多体系二次电池材料与电解液综述,电化学储能,宽泛待细分,能源电力直接相关,17643,17643,0
C0370,369,电池状态测量与诊断装置,电化学储能,方向候选,能源电力直接相关,3517,589,0
C0371,370,太阳辐射测量估算与大气影响,太阳能,宽泛待细分,能源电力直接相关,11796,11796,0
C0372,371,电力节能与新能源应用泛论,电网与电力系统,宽泛待细分,能源电力直接相关,9685,9685,0
C0373,372,电源变流电路与电压控制装置,电力电子与电机,宽泛待细分,能源电力直接相关,4046,4046,0
C0374,373,电池包与模组结构装置,电化学储能,方向候选,能源电力直接相关,4363,1384,0
C0375,374,永磁同步电机设计与控制,电力电子与电机,宽泛待细分,能源电力直接相关,8518,8518,0
C0376,375,电气设备散热冷却结构,热工与能效,宽泛待细分,能源电力直接相关,3212,3212,0
C0377,376,换热器热泵与储热装置混合,热工与能效,混杂待重分,质量限制观察,3253,3253,0
C0378,377,纳米流体传热性质与强化,热工与能效,方向候选,能源电力直接相关,7502,210,0
C0379,378,锅炉蒸汽系统与汽轮机运行,热工与能效,宽泛待细分,能源电力直接相关,13765,13765,0
C0380,379,天然气管网供给与市场治理,化石能源,宽泛待细分,能源电力直接相关,8620,8620,0
C0381,380,光伏发电功率预测方法与装置,太阳能,方向候选,能源电力直接相关,2987,173,1468
C0382,381,碳纳米管、纳米纤维与功能复合材料,能源材料与电化学基础,关联基础研究,关联基础或环境研究,24173,1356,0
C0383,382,交通运输车辆与燃料效率,交通与充电,宽泛待细分,能源电力直接相关,11706,11706,0
C0384,383,电缆桥架支撑与线束安装,电网与电力系统,宽泛待细分,能源电力直接相关,2710,2710,0
C0385,384,辐照材料损伤与稳定性,核能与等离子体,宽泛待细分,能源电力直接相关,12273,12273,0
C0386,385,感应电机运行控制与性能,电力电子与电机,方向候选,能源电力直接相关,17650,3776,3591
C0387,386,有机发光二极管与发光材料,能源材料与电化学基础,关联基础研究,关联基础或环境研究,13177,114,8128
C0388,387,风电机组变桨偏航与运行控制,风能与水能海洋能源,方向候选,能源电力直接相关,2259,143,0
C0389,388,计算流体力学与多相流,热工与能效,关联基础研究,关联基础或环境研究,10897,259,0
C0390,389,开关谐振及功率调节电路,电力电子与电机,宽泛待细分,能源电力直接相关,2859,2859,0
C0391,390,水力发电与水轮机系统,风能与水能海洋能源,宽泛待细分,能源电力直接相关,9100,9100,0
C0392,391,电网电压无功与多目标运行优化,电网与电力系统,宽泛待细分,能源电力直接相关,3334,3334,0
C0393,392,配位化学与分子晶体结构,能源材料与电化学基础,关联基础研究,关联基础或环境研究,18524,416,0
C0394,393,电力负荷需求与电价预测,电网与电力系统,宽泛待细分,能源电力直接相关,10024,10024,0
C0395,394,纳米材料热传导与热管理,热工与能效,关联基础研究,关联基础或环境研究,8808,371,0
C0396,395,转写词与文本质量干扰的跨学科混杂,其他基础与关联学科,混杂待重分,质量限制观察,11038,11038,0
C0397,396,风机发电装置与机舱结构,风能与水能海洋能源,宽泛待细分,能源电力直接相关,1653,1653,0
C0398,397,锌锆系及其他无机纳米材料,能源材料与电化学基础,混杂待重分,质量限制观察,13986,13986,0
C0399,398,可见光催化材料与反应,能源材料与电化学基础,宽泛待细分,关联基础或环境研究,15726,15726,0
C0400,399,分类算法与跨领域技术文本混合,数字技术与测量,混杂待重分,质量限制观察,9854,9854,0
C0401,400,期刊会议索引与出版信息,其他基础与关联学科,外围或非研究文本,质量限制观察,17498,17498,0
C0402,401,晶格声子热输运与热膨胀,能源材料与电化学基础,关联基础研究,关联基础或环境研究,18241,447,0
C0403,402,汽车技术产品与零部件资讯,交通与充电,外围或非研究文本,质量限制观察,10587,10587,0
C0404,403,空调系统与能效控制装置,热工与能效,方向候选,能源电力直接相关,1823,31,0
C0405,404,群智能与多目标优化算法,数字技术与测量,关联基础研究,关联基础或环境研究,12905,368,0
C0406,405,结构基础抗震与工程力学,制造与通用装置,关联基础研究,关联基础或环境研究,9105,81,0
C0407,406,水系锌电池负极及界面稳定,电化学储能,方向候选,能源电力直接相关,8655,1503,626
C0408,407,配电网重构与优化运行,电网与电力系统,方向候选,能源电力直接相关,11748,1260,1376
C0409,408,氢氦在材料中的扩散与相互作用,能源材料与电化学基础,关联基础研究,关联基础或环境研究,14327,267,0
C0410,409,沸石硅基及多孔材料合成,能源材料与电化学基础,关联基础研究,关联基础或环境研究,12772,345,0
C0411,410,清洗清扫与净化装置混合,制造与通用装置,混杂待重分,质量限制观察,1742,1742,0
C0412,411,质子交换膜燃料电池运行与建模,氢能与燃料电池,方向候选,能源电力直接相关,9377,3255,1494
C0413,412,二次电池正极活性材料,电化学储能,方向候选,能源电力直接相关,2153,135,0
C0414,413,多孔介质两相流与界面润湿,热工与能效,关联基础研究,关联基础或环境研究,11753,365,0
C0415,414,林木育种栽培与植物生产,生物质与资源循环,关联基础研究,关联基础或环境研究,7893,14,0
C0416,415,晶体生长结构与性质,能源材料与电化学基础,关联基础研究,关联基础或环境研究,12808,133,0
C0417,416,固体氧化物电解池与可逆电化学单元,氢能与燃料电池,方向候选,能源电力直接相关,8704,1225,709
C0418,417,通用信息管理与软件系统,数字技术与测量,外围或非研究文本,质量限制观察,15366,15366,0
C0419,418,聚合物气凝胶与复合材料,能源材料与电化学基础,关联基础研究,关联基础或环境研究,12457,539,0
C0420,419,碳化硅功率半导体器件,电力电子与电机,方向候选,能源电力直接相关,12500,1983,3366
C0421,420,柴油机及多燃料内燃机性能,化石能源,宽泛待细分,能源电力直接相关,10802,10802,0
C0422,421,配电网规划运行与配置方法,电网与电力系统,宽泛待细分,能源电力直接相关,2945,2945,0
C0423,422,气候变化适应与社会经济政策,碳与环境,宽泛待细分,关联基础或环境研究,13409,13409,0
C0424,423,硅系半导体加工与材料性质,能源材料与电化学基础,关联基础研究,关联基础或环境研究,19179,1008,0
C0425,424,巡检机器人与自主移动装置,电网与电力系统,宽泛待细分,能源电力直接相关,4837,4837,0
C0426,425,太阳能光热及光伏光热系统,太阳能,宽泛待细分,能源电力直接相关,12671,12671,0
C0427,426,通用电气工程应用与技术资料,电网与电力系统,宽泛待细分,能源电力直接相关,10503,10503,0
C0428,427,固废电子废物回收与处置,生物质与资源循环,宽泛待细分,关联基础或环境研究,10519,10519,0
C0429,428,磁性材料与铁氧体磁学,能源材料与电化学基础,关联基础研究,关联基础或环境研究,13892,112,0
C0430,429,电力系统电磁暂态与实时仿真,电网与电力系统,方向候选,能源电力直接相关,9599,282,0
C0431,430,电池负极储能材料与储氢材料混合,能源材料与电化学基础,混杂待重分,质量限制观察,9390,9390,0
C0432,431,电机驱动控制方法与装置,电力电子与电机,宽泛待细分,能源电力直接相关,3557,3557,0
C0433,432,风电功率预测与状态监测混合,风能与水能海洋能源,混杂待重分,质量限制观察,1894,1894,0
C0434,433,风电光伏项目建设与扶持政策,能源政策与治理,政策类群,能源治理与政策研究,782,120,0
C0435,434,智能电表物联网与用能监测,电网与电力系统,宽泛待细分,能源电力直接相关,9392,8730,661
C0436,435,钠离子电池电极材料,电化学储能,方向候选,能源电力直接相关,11337,2615,0
C0437,436,矿物岩石与黏土性质,其他基础与关联学科,关联基础研究,关联基础或环境研究,13018,275,0
C0438,437,电力设备数据诊断与异常检测,电网与电力系统,宽泛待细分,能源电力直接相关,3993,3993,0
C0439,438,电气化铁路牵引与供电,交通与充电,方向候选,能源电力直接相关,9216,530,0
C0440,439,铜基硫族薄膜与光伏吸收材料,太阳能,方向候选,能源电力直接相关,10514,102,0
C0441,440,二次电池电解液添加剂与配方,电化学储能,方向候选,能源电力直接相关,3867,522,525
C0442,441,能源专项监管与企业整改公告,能源政策与治理,政策类群,能源治理与政策研究,538,14,0
C0443,442,建筑能效与居民供热用能,热工与能效,宽泛待细分,能源电力直接相关,14418,14418,0
C0444,443,通用计算硬件接口与电子系统,数字技术与测量,关联基础研究,关联基础或环境研究,9748,59,0
C0445,444,雷电电磁场与天体物理混合,其他基础与关联学科,混杂待重分,质量限制观察,10190,10190,0
C0446,445,电力扰动孤岛及异常识别算法,电网与电力系统,宽泛待细分,能源电力直接相关,10590,10590,0
C0447,446,电力安全风险与故障预警系统,电网与电力系统,宽泛待细分,能源电力直接相关,3207,3207,0
C0448,447,水资源调度灌溉与水能利用,风能与水能海洋能源,宽泛待细分,能源电力直接相关,12061,12061,0
C0449,448,电池单体壳体与组件结构,电化学储能,宽泛待细分,能源电力直接相关,3292,3292,0
C0450,449,液压泵阀与流体传动,制造与通用装置,宽泛待细分,关联基础或环境研究,12536,12536,0
C0451,450,电力系统暂态电压与稳定性分析,电网与电力系统,宽泛待细分,能源电力直接相关,12178,12178,0
C0452,451,风光储及混合能源系统配置,电网与电力系统,宽泛待细分,能源电力直接相关,11691,11691,0
C0453,452,电机制造与通用装配装置混合,制造与通用装置,混杂待重分,质量限制观察,2232,2232,0
C0454,453,木材加工与木质资源利用,生物质与资源循环,宽泛待细分,关联基础或环境研究,10199,10199,0
C0455,454,污染物吸附氧化与分离,碳与环境,宽泛待细分,关联基础或环境研究,12686,12686,0
C0456,455,电极组件与活性材料加工,电化学储能,宽泛待细分,能源电力直接相关,2490,2490,0
C0457,456,电网状态估计相量测量与系统分析,电网与电力系统,宽泛待细分,能源电力直接相关,9518,9518,0
C0458,457,气固流动分离与杂项工艺混合,热工与能效,混杂待重分,质量限制观察,8207,8207,0
C0459,458,钛合金陶瓷与MAX相材料,能源材料与电化学基础,关联基础研究,关联基础或环境研究,13802,199,0
C0460,459,电场空间电荷与界面建模,能源材料与电化学基础,关联基础研究,关联基础或环境研究,10769,274,0
C0461,460,电催化制氨与氮循环反应,氢能与燃料电池,宽泛待细分,能源电力直接相关,12028,12028,0
C0462,461,超导电力装置与故障限流,电网与电力系统,方向候选,能源电力直接相关,7935,1121,0
C0463,462,区域供热预测与热系统建模,热工与能效,宽泛待细分,能源电力直接相关,8736,8736,0
C0464,463,潜热及热化学储热系统,热工与能效,宽泛待细分,能源电力直接相关,7724,7724,0
C0465,464,功率因数校正与变流器电流控制,电力电子与电机,宽泛待细分,能源电力直接相关,16282,16282,0
C0466,465,新能源汽车产业与推广政策,能源政策与治理,政策类群,能源治理与政策研究,406,2,0
C0467,466,燃料电池电堆与系统装置,氢能与燃料电池,宽泛待细分,能源电力直接相关,1650,1650,0
C0468,467,网络攻击检测与信息安全,数字技术与测量,宽泛待细分,关联基础或环境研究,10981,10981,0
C0469,468,燃料电池技术与固体氧化物电池,氢能与燃料电池,宽泛待细分,能源电力直接相关,10275,10275,0
C0470,469,电力储能系统集成与运行装置,电化学储能,宽泛待细分,能源电力直接相关,1709,1709,0
C0471,470,风力机叶片塔架与气动结构,风能与水能海洋能源,方向候选,能源电力直接相关,2210,85,0
C0472,471,多电平逆变器拓扑与调制,电力电子与电机,方向候选,能源电力直接相关,13900,381,3222
C0473,472,二氧化碳地质封存与驱油,碳与环境,方向候选,能源电力直接相关,13587,1154,1007
C0474,473,焦炭钙基反应与无机工艺材料混合,能源材料与电化学基础,混杂待重分,质量限制观察,12492,12492,0
C0475,474,钢铁合金腐蚀与耐蚀性能,能源材料与电化学基础,关联基础研究,关联基础或环境研究,14630,195,0
C0476,475,工业废水处理与电化学净化,碳与环境,方向候选,关联基础或环境研究,10981,756,0
C0477,476,节能审查与碳排放评价政策,能源政策与治理,政策类群,能源治理与政策研究,612,11,0
C0478,477,抗菌生物医用纳米材料,其他基础与关联学科,外围或非研究文本,质量限制观察,10637,10637,0
C0479,478,电机绕组线圈与电磁部件,电力电子与电机,宽泛待细分,能源电力直接相关,2587,2587,0
C0480,479,燃气轮机与航空发动机装置,化石能源,宽泛待细分,能源电力直接相关,2200,2200,0
C0481,480,微生物燃料电池与生物产电,生物质与资源循环,方向候选,能源电力直接相关,9337,286,4819
C0482,481,半导体光电探测器,能源材料与电化学基础,关联基础研究,关联基础或环境研究,12215,152,0
C0483,482,电催化氧化还原与催化材料综述,能源材料与电化学基础,宽泛待细分,关联基础或环境研究,12870,12870,0
C0484,483,配电系统供电设备与可靠性,电网与电力系统,宽泛待细分,能源电力直接相关,14541,14541,0
C0485,484,锂钠储能负极纳米材料,电化学储能,宽泛待细分,能源电力直接相关,9846,9846,0
C0486,485,能源发展可及性与能源贫困,能源政策与治理,宽泛待细分,能源治理与政策研究,18681,18681,0
C0487,486,电池冷却与散热,电化学储能,方向候选,能源电力直接相关,5409,0,5389
C0488,487,电池低温预热,电化学储能,方向候选,能源电力直接相关,175,0,175
C0489,488,海上风电开发与技术经济,风能与水能海洋能源,方向候选,能源电力直接相关,337,0,336
C0490,489,风能资源评估与选址,风能与水能海洋能源,方向候选,能源电力直接相关,1906,0,1905
C0491,490,电池电极涂布与辊压,能源专用装置与材料,方向候选,能源电力直接相关,187,0,187
C0492,491,光生物制氢,氢能与燃料电池,方向候选,能源电力直接相关,45,0,45
C0493,492,光催化制氢,氢能与燃料电池,方向候选,能源电力直接相关,12129,0,12117
C0494,493,聚合物介电储能,能源材料与电化学基础,方向候选,能源电力直接相关,4,0,4
C0495,494,聚合物电气绝缘,能源材料与电化学基础,方向候选,能源电力直接相关,49,0,49
C0496,495,集成电路与功率模块封装,电力电子与电机,方向候选,能源电力直接相关,99,0,99
C0497,496,藻类生物燃料,生物质与资源循环,方向候选,能源电力直接相关,154,0,154
C0498,497,生物能源生命周期与可持续性,生物质与资源循环,方向候选,能源电力直接相关,2257,0,2251
C0499,498,电磁能量采集,电力电子与电机,方向候选,能源电力直接相关,481,0,481
C0500,499,压电能量采集,电力电子与电机,方向候选,能源电力直接相关,657,0,657
C0501,500,钠电池电解液与界面,电化学储能,方向候选,能源电力直接相关,1714,0,1714
C0502,501,潮汐与潮流能开发,风能与水能海洋能源,方向候选,能源电力直接相关,380,0,380
C0503,502,充电设施散热,交通与充电,方向候选,能源电力直接相关,34,0,34
C0504,503,电动汽车充电并网影响,交通与充电,方向候选,能源电力直接相关,587,0,586
C0505,504,石油产业投资与经营,能源政策与治理,方向候选,能源治理与政策研究,23,0,23
C0506,505,石油价格与市场经济,能源政策与治理,方向候选,能源治理与政策研究,2430,0,2425
C0507,506,污水污泥营养元素回收,生物质与资源循环,关联基础研究,关联基础或环境研究,22,0,22
C0508,507,污泥脱水与调理,生物质与资源循环,关联基础研究,关联基础或环境研究,160,0,160
C0509,508,太阳能热水与供热装置,太阳能,方向候选,能源电力直接相关,2447,0,2445
C0510,509,光催化二氧化碳还原,碳与环境,方向候选,能源电力直接相关,4770,0,4765
C0511,510,电池装配工装与制造设备,电化学储能,方向候选,能源电力直接相关,498,0,498
C0512,511,无线充电器与装置,交通与充电,方向候选,能源电力直接相关,1215,0,1214
C0513,512,天然气水合物生成与分解,化石能源,方向候选,能源电力直接相关,607,0,607
C0514,513,煤气化工艺与反应,化石能源,方向候选,能源电力直接相关,1126,0,1125
C0515,514,膜法海水淡化,碳与环境,关联基础研究,关联基础或环境研究,1645,0,1641
C0516,515,分离膜污染与清洗,碳与环境,关联基础研究,关联基础或环境研究,2417,0,2415
C0517,516,配电网需求响应与柔性调度,电网与电力系统,方向候选,能源电力直接相关,676,0,675
C0518,517,电池电极粘结剂,电化学储能,方向候选,能源电力直接相关,1440,0,1440
C0519,518,电池隔膜制备与改性,电化学储能,方向候选,能源电力直接相关,1406,0,1406
C0520,519,凝胶聚合物锂电解质,电化学储能,方向候选,能源电力直接相关,1044,0,1044
C0521,520,固态聚合物锂电解质,电化学储能,方向候选,能源电力直接相关,1868,0,1868
C0522,521,销售电价与用户电费政策,能源政策与治理,方向候选,能源治理与政策研究,83,0,83
C0523,522,输配电价监管政策,能源政策与治理,方向候选,能源治理与政策研究,55,0,55
C0524,523,储能运行调度与收益,电化学储能,方向候选,能源电力直接相关,684,0,682
C0525,524,储能容量配置与选址,电化学储能,方向候选,能源电力直接相关,590,0,590
C0526,525,厌氧发酵生物制氢,生物质与资源循环,方向候选,能源电力直接相关,808,0,806
C0527,526,碳税与环境税费,能源政策与治理,方向候选,能源治理与政策研究,2666,0,2662
C0528,527,可再生能源补贴机制,能源政策与治理,方向候选,能源治理与政策研究,120,0,120
C0529,528,钙钛矿吸收层结晶与成膜,太阳能,方向候选,能源电力直接相关,501,0,500
C0530,529,钙钛矿电池界面、钝化与传输层,太阳能,方向候选,能源电力直接相关,6900,0,6897
C0531,530,钙钛矿电池稳定性与衰减,太阳能,方向候选,能源电力直接相关,282,0,282
C0532,531,钙钛矿叠层太阳能电池,太阳能,方向候选,能源电力直接相关,1746,0,1746
C0533,532,氮化镓功率与结器件,电力电子与电机,方向候选,能源电力直接相关,3162,0,3160
C0534,533,氢能技术经济与生命周期,氢能与燃料电池,方向候选,能源电力直接相关,1447,0,1445
C0535,534,燃料电池供气与空压控制,氢能与燃料电池,方向候选,能源电力直接相关,151,0,151
C0536,535,燃料电池水管理,氢能与燃料电池,方向候选,能源电力直接相关,361,0,361
C0537,536,其他材料光催化污染物降解,碳与环境,关联基础研究,关联基础或环境研究,24294,0,24240
C0538,537,智能电网通信架构,电网与电力系统,方向候选,能源电力直接相关,803,0,802
C0539,538,配电网谐波与电能质量治理,电网与电力系统,方向候选,能源电力直接相关,1173,0,1172
C0540,539,配电网电压无功优化,电网与电力系统,方向候选,能源电力直接相关,1149,0,1149
C0541,540,光伏组件退化与寿命,太阳能,方向候选,能源电力直接相关,400,0,399
C0542,541,光伏组件故障与缺陷检测,太阳能,方向候选,能源电力直接相关,1478,0,1476
C0543,542,加氢站与氢气加注,氢能与燃料电池,方向候选,能源电力直接相关,517,0,517
C0544,543,厌氧污水处理反应器,生物质与资源循环,方向候选,能源电力直接相关,280,0,280
C0545,544,电动汽车有序充放电调度,交通与充电,方向候选,能源电力直接相关,839,0,837
C0546,545,永磁电机磁路与结构设计,电力电子与电机,方向候选,能源电力直接相关,233,0,233
C0547,546,建筑冷却与被动降温,热工与能效,方向候选,能源电力直接相关,106,0,106
C0548,547,输配电线路故障检测与定位,电网与电力系统,方向候选,能源电力直接相关,1392,0,1391
C0549,548,开关设备故障检测,电网与电力系统,方向候选,能源电力直接相关,372,0,372
C0550,549,变压器故障诊断,电网与电力系统,方向候选,能源电力直接相关,2108,0,2105
C0551,550,燃气轮机热力性能,化石能源,方向候选,能源电力直接相关,1773,0,1771
C0552,551,微电网能量管理与经济调度,电网与电力系统,方向候选,能源电力直接相关,2969,0,2958
C0553,552,电动汽车推广与购买行为,能源政策与治理,方向候选,能源治理与政策研究,2028,0,2028
C0554,553,电动汽车整车能耗与续航,交通与充电,方向候选,能源电力直接相关,456,0,456
C0555,554,锌空气电池,电化学储能,方向候选,能源电力直接相关,1964,0,1964
C0556,555,水系锌离子电池,电化学储能,方向候选,能源电力直接相关,5994,0,5992
C0557,556,TiO₂光催化污染物降解,能源材料与电化学基础,关联基础研究,关联基础或环境研究,8762,0,8750
C0558,557,油水分离界面与膜材料,热工与能效,关联基础研究,关联基础或环境研究,460,0,460
C0559,558,大气集水与雾水采集,热工与能效,关联基础研究,关联基础或环境研究,62,0,62
C0560,559,二氧化碳水合物形成与分离,碳与环境,方向候选,能源电力直接相关,1950,0,1948
C0561,560,蒸汽压缩制冷循环,热工与能效,方向候选,能源电力直接相关,439,0,437
C0562,561,制冷工质及其热物性,热工与能效,方向候选,能源电力直接相关,49,0,49
C0563,562,电力线载波通信,数字技术与测量,方向候选,能源电力直接相关,750,0,750
C0564,563,波浪能转换装置,风能与水能海洋能源,方向候选,能源电力直接相关,3151,0,3151
C0565,564,二氧化碳干重整制合成气,氢能与燃料电池,方向候选,能源电力直接相关,416,0,416
C0566,565,蒸汽重整制氢与合成气,氢能与燃料电池,方向候选,能源电力直接相关,881,0,881
C0567,566,石墨烯结构复合材料,能源材料与电化学基础,关联基础研究,关联基础或环境研究,98,0,98
C0568,567,石墨烯分离膜,能源材料与电化学基础,关联基础研究,关联基础或环境研究,2,0,2
C0569,568,餐厨垃圾或污泥厌氧消化,生物质与资源循环,方向候选,能源电力直接相关,2902,0,2897
C0570,569,畜禽粪便与农业残余厌氧消化,生物质与资源循环,方向候选,能源电力直接相关,1040,0,1040
C0571,570,光伏电池与组件制造工艺,太阳能,方向候选,能源电力直接相关,814,0,814
C0572,571,碳排放交易机制,能源政策与治理,方向候选,能源治理与政策研究,2766,0,2764
C0573,572,电连接器与接线端子,电力电子与电机,关联基础研究,关联基础或环境研究,84,0,84
C0574,573,电力市场机制与制度设计,能源政策与治理,方向候选,能源治理与政策研究,515,0,515
C0575,574,产消者能源交易,电网与电力系统,方向候选,能源电力直接相关,967,0,966
C0576,575,碱性水电解制氢,氢能与燃料电池,方向候选,能源电力直接相关,1480,0,1479
C0577,576,质子交换膜水电解制氢,氢能与燃料电池,方向候选,能源电力直接相关,1556,0,1556
C0578,577,光伏电池与组件模型参数辨识,太阳能,方向候选,能源电力直接相关,515,0,514
C0579,578,电机转子结构与制造,电力电子与电机,方向候选,能源电力直接相关,350,0,350
C0580,579,电机定子结构与制造,电力电子与电机,方向候选,能源电力直接相关,301,0,301
C0581,580,微电网下垂控制与功率分配,电网与电力系统,方向候选,能源电力直接相关,1001,0,997
C0582,581,微电网孤岛切换与动态控制,电网与电力系统,方向候选,能源电力直接相关,1570,0,1568
C0583,582,碳化硅陶瓷结构材料,能源材料与电化学基础,关联基础研究,关联基础或环境研究,1245,0,1243
C0584,583,聚合物有机太阳能电池,太阳能,方向候选,能源电力直接相关,5826,0,5826
C0585,584,有机光伏印刷与规模制造,太阳能,方向候选,能源电力直接相关,130,0,128
C0586,585,小分子有机太阳能电池,太阳能,方向候选,能源电力直接相关,1163,0,1163
C0587,586,太阳辐照度预测估算,太阳能,方向候选,能源电力直接相关,3121,0,3116
C0588,587,电网接地与地网安全,电网与电力系统,方向候选,能源电力直接相关,207,0,207
C0589,588,输电线路雷击与防雷,电网与电力系统,方向候选,能源电力直接相关,760,0,759
C0590,589,非钙钛矿多结太阳能电池,太阳能,方向候选,能源电力直接相关,2129,0,2128
C0591,590,电池等效电路与参数辨识,电化学储能,方向候选,能源电力直接相关,306,0,306
C0592,591,电池荷电状态估计,电化学储能,方向候选,能源电力直接相关,3713,0,3711
C0593,592,电池健康状态与寿命预测,电化学储能,方向候选,能源电力直接相关,3714,0,3713
C0594,593,能源安全与转型战略,能源政策与治理,方向候选,能源治理与政策研究,323,0,322
C0595,594,电网短路电流计算,电网与电力系统,方向候选,能源电力直接相关,17,0,17
C0596,595,聚变加热与中性束注入,核能与等离子体,方向候选,能源电力直接相关,202,0,202
C0597,596,电动汽车充电负荷预测,交通与充电,方向候选,能源电力直接相关,357,0,357
C0598,597,锂资源提取与分离,电化学储能,方向候选,能源电力直接相关,2185,0,2185
C0599,598,电气设备温度监测与控制,热工与能效,方向候选,能源电力直接相关,11,0,11
C0600,599,直接空气捕碳,碳与环境,方向候选,能源电力直接相关,553,0,553
C0601,600,铜基热电材料,能源材料与电化学基础,方向候选,能源电力直接相关,536,0,536
C0602,601,摩擦纳米发电机,能源材料与电化学基础,方向候选,能源电力直接相关,2009,0,2009
C0603,602,ZnO光催化污染物降解,能源材料与电化学基础,关联基础研究,关联基础或环境研究,2695,0,2689
C0604,603,电池老化实验与循环寿命,电化学储能,方向候选,能源电力直接相关,1180,0,1180
C0605,604,电池阻抗表征,电化学储能,方向候选,能源电力直接相关,424,0,424
C0606,605,地热资源勘探与储层建模,热工与能效,方向候选,能源电力直接相关,1522,0,1522
C0607,606,地热供热与发电利用,热工与能效,方向候选,能源电力直接相关,645,0,644
C0608,607,隔离型DC-DC变换器,电力电子与电机,方向候选,能源电力直接相关,667,0,666
C0609,608,非隔离DC-DC变换器,电力电子与电机,方向候选,能源电力直接相关,423,0,423
C0610,609,电池极耳焊接,能源专用装置与材料,方向候选,能源电力直接相关,9,0,9
C0611,610,电气安全与触电风险,电网与电力系统,方向候选,能源电力直接相关,441,0,441
C0612,611,国际气候协定与治理,能源政策与治理,方向候选,能源治理与政策研究,371,0,371
C0613,612,电力系统可靠性评估,电网与电力系统,方向候选,能源电力直接相关,429,0,429
C0614,613,电晕放电与电晕损耗,电网与电力系统,方向候选,能源电力直接相关,846,0,846
C0615,614,电气绝缘局部放电,电网与电力系统,方向候选,能源电力直接相关,1808,0,1808
C0616,615,锂金属负极界面稳定与枝晶抑制,电化学储能,方向候选,能源电力直接相关,2474,0,2473
C0617,616,木质纤维素生物乙醇,生物质与资源循环,方向候选,能源电力直接相关,122,0,122
C0618,617,木质纤维素预处理,生物质与资源循环,方向候选,能源电力直接相关,171,0,169
C0619,618,生物炭土壤改良,生物质与资源循环,关联基础研究,关联基础或环境研究,527,0,527
C0620,619,生物炭水污染物去除,生物质与资源循环,关联基础研究,关联基础或环境研究,7,0,7
C0621,620,工业能源审计与节能评估,热工与能效,方向候选,能源电力直接相关,274,0,274
C0622,621,谐振与软开关变换器,电力电子与电机,方向候选,能源电力直接相关,4795,0,4794
C0623,622,氢能供应链与基础设施规划,氢能与燃料电池,方向候选,能源电力直接相关,782,0,782
C0624,623,农光互补与农光协同,太阳能,方向候选,能源电力直接相关,557,0,557
C0625,624,光伏技术经济与投资,太阳能,方向候选,能源电力直接相关,434,0,434
C0626,625,屋顶与分布式光伏部署,太阳能,方向候选,能源电力直接相关,579,0,579
C0627,626,永磁材料与磁性设计,能源材料与电化学基础,方向候选,能源电力直接相关,397,0,397
C0628,627,软磁材料与磁损耗,能源材料与电化学基础,方向候选,能源电力直接相关,57,0,57
C0629,628,超临界二氧化碳布雷顿循环,热工与能效,方向候选,能源电力直接相关,413,0,412
C0630,629,有机朗肯循环发电,热工与能效,方向候选,能源电力直接相关,2359,0,2357
C0631,630,电动汽车充电站选址规划,交通与充电,方向候选,能源电力直接相关,684,0,682
C0632,631,电动汽车路径与补能规划,交通与充电,方向候选,能源电力直接相关,442,0,442
C0633,632,区域供热供冷系统,热工与能效,方向候选,能源电力直接相关,3336,0,3335
C0634,633,二氧化碳催化加氢与甲烷化,碳与环境,方向候选,能源电力直接相关,2539,0,2538
C0635,634,综合能源系统规划配置,电网与电力系统,方向候选,能源电力直接相关,398,0,397
C0636,635,综合能源系统优化调度,电网与电力系统,方向候选,能源电力直接相关,1149,0,1141
C0637,636,电流检测与测量电路,数字技术与测量,方向候选,能源电力直接相关,426,0,426
C0638,637,电压检测与测量电路,数字技术与测量,方向候选,能源电力直接相关,393,0,393
C0639,638,漏电与剩余电流保护,电力电子与电机,方向候选,能源电力直接相关,166,0,166
C0640,639,浪涌与过压保护电路,电力电子与电机,方向候选,能源电力直接相关,63,0,63
C0641,640,电池盖板、端子与密封结构,电化学储能,方向候选,能源电力直接相关,1230,0,1230
C0642,641,绿色金融与能源投资,能源政策与治理,方向候选,能源治理与政策研究,968,0,956
C0643,642,电力设施覆冰与除冰,热工与能效,方向候选,能源电力直接相关,147,0,147
C0644,643,沼气提纯与生物甲烷升级,生物质与资源循环,方向候选,能源电力直接相关,929,0,929
C0645,644,电机驱动PWM与谐波控制,电力电子与电机,方向候选,能源电力直接相关,851,0,851
C0646,645,电机转矩脉动抑制,电力电子与电机,方向候选,能源电力直接相关,448,0,448
C0647,646,电缆绝缘护套与导体结构,电网与电力系统,方向候选,能源电力直接相关,2265,0,2262
C0648,647,锂电石墨负极,电化学储能,方向候选,能源电力直接相关,253,0,253
C0649,648,能源电力标准化政策,能源政策与治理,方向候选,能源治理与政策研究,71,0,71
C0650,649,空气源热泵,热工与能效,方向候选,能源电力直接相关,653,0,653
C0651,650,地源热泵与地埋换热器,热工与能效,方向候选,能源电力直接相关,3555,0,3554
C0652,651,核裂变反应堆工程,核能与等离子体,方向候选,能源电力直接相关,71,0,71
C0653,652,核聚变装置工程,核能与等离子体,方向候选,能源电力直接相关,1050,0,1049
C0654,653,能源电力教学实验平台,数字技术与测量,方向候选,能源电力直接相关,184,0,184
C0655,654,电力系统硬件在环仿真,数字技术与测量,方向候选,能源电力直接相关,4,0,4
C0656,655,动力电池梯次利用,电化学储能,方向候选,能源电力直接相关,385,0,385
C0657,656,电池单体均衡控制,电化学储能,方向候选,能源电力直接相关,921,0,921
C0658,657,废旧电池材料直接再生,电化学储能,方向候选,能源电力直接相关,5,0,5
C0659,658,废旧电池拆解与物理分离,电化学储能,方向候选,能源电力直接相关,31,0,31
C0660,659,废旧电池湿法回收,电化学储能,方向候选,能源电力直接相关,106,0,106
C0661,660,温度传感与测量装置,数字技术与测量,关联基础研究,关联基础或环境研究,427,0,427
C0662,661,吸收式制冷循环,热工与能效,方向候选,能源电力直接相关,1098,0,1098
C0663,662,吸附式制冷循环,热工与能效,方向候选,能源电力直接相关,209,0,209
C0664,663,LED照明灯具与配光,电力电子与电机,方向候选,能源电力直接相关,335,0,335
C0665,664,换热器结构与传热强化,热工与能效,方向候选,能源电力直接相关,1386,0,1385
C0666,665,功率半导体器件,电力电子与电机,方向候选,能源电力直接相关,570,0,570
C0667,666,电网频率控制,电网与电力系统,方向候选,能源电力直接相关,1975,0,1972
C0668,667,中国区域低碳经济与碳效率,能源政策与治理,方向候选,能源治理与政策研究,148,0,147
C0669,668,磁约束等离子体MHD稳定性,核能与等离子体,方向候选,能源电力直接相关,91,0,91
C0670,669,二氧化碳溶剂吸收捕集,碳与环境,方向候选,能源电力直接相关,1509,0,1509
C0671,670,二氧化碳固体吸附捕集,碳与环境,方向候选,能源电力直接相关,4655,0,4654
C0672,671,漂浮式海上风电平台,风能与水能海洋能源,方向候选,能源电力直接相关,2496,0,2496
C0673,672,硫化物固态电解质,电化学储能,方向候选,能源电力直接相关,457,0,457
C0674,673,森林资源经营与碳汇,生物质与资源循环,关联基础研究,关联基础或环境研究,1373,0,1373
C0675,674,风电出力预测,风能与水能海洋能源,方向候选,能源电力直接相关,2803,0,2802
C0676,675,风速预测,风能与水能海洋能源,方向候选,能源电力直接相关,2515,0,2510
C0677,676,太阳能集热器传热设计,太阳能,方向候选,能源电力直接相关,971,0,969
C0678,677,聚光太阳能热发电,太阳能,方向候选,能源电力直接相关,2426,0,2424
C0679,678,FPGA实时控制与硬件实现,数字技术与测量,关联基础研究,关联基础或环境研究,546,0,546
C0680,679,生物质气化制合成气,生物质与资源循环,方向候选,能源电力直接相关,5175,0,5173
C0681,680,生物质水热炭化,生物质与资源循环,方向候选,能源电力直接相关,306,0,306
C0682,681,生物质水热液化,生物质与资源循环,方向候选,能源电力直接相关,106,0,106
C0683,682,电池火灾抑制与灭火,电化学储能,方向候选,能源电力直接相关,238,0,238
C0684,683,电池热失控与传播,电化学储能,方向候选,能源电力直接相关,1850,0,1848
C0685,684,智能电网网络攻击与安全,电网与电力系统,方向候选,能源电力直接相关,497,0,497
C0686,685,电网灾害韧性与恢复,电网与电力系统,方向候选,能源电力直接相关,1055,0,1054
C0687,686,染料敏化电池对电极,太阳能,方向候选,能源电力直接相关,2137,0,2136
C0688,687,染料敏化电池光阳极,太阳能,方向候选,能源电力直接相关,1665,0,1662
C0689,688,染料敏化电池敏化剂,太阳能,方向候选,能源电力直接相关,2887,0,2886
C0690,689,电力知识图谱,数字技术与测量,方向候选,能源电力直接相关,145,0,145
C0691,690,充电基础设施建设政策,能源政策与治理,方向候选,能源治理与政策研究,60,0,60
C0692,691,公用事业接入与收费政策,能源政策与治理,方向候选,能源治理与政策研究,40,0,40
C0693,692,活性炭制备与孔结构,能源材料与电化学基础,关联基础研究,关联基础或环境研究,1463,0,1461
C0694,693,稀土元素提取分离,能源材料与电化学基础,关联基础研究,关联基础或环境研究,1335,0,1335
C0695,694,铀钍提取与分离,能源材料与电化学基础,方向候选,能源电力直接相关,1156,0,1155
C0696,695,镁铝钙多价离子电池,电化学储能,方向候选,能源电力直接相关,460,0,460
C0697,696,钾离子电池,电化学储能,方向候选,能源电力直接相关,583,0,583
C0698,697,太阳辐射测量与仪器,太阳能,方向候选,能源电力直接相关,161,0,161
C0699,698,电池模组与电池包装配结构,电化学储能,方向候选,能源电力直接相关,581,0,581
C0700,699,永磁同步电机控制,电力电子与电机,方向候选,能源电力直接相关,4373,0,4368
C0701,700,电气设备风冷散热,热工与能效,方向候选,能源电力直接相关,42,0,42
C0702,701,电气设备液冷散热,热工与能效,方向候选,能源电力直接相关,18,0,18
C0703,702,电站锅炉运行与燃烧,热工与能效,方向候选,能源电力直接相关,84,0,84
C0704,703,汽轮机运行与热力性能,热工与能效,方向候选,能源电力直接相关,318,0,318
C0705,704,天然气管网优化运行,化石能源,方向候选,能源电力直接相关,121,0,121
C0706,705,轨道交通能耗与牵引优化,交通与充电,方向候选,能源电力直接相关,14,0,14
C0707,706,船舶燃料与能效,交通与充电,方向候选,能源电力直接相关,159,0,159
C0708,707,电缆桥架与线束支撑,电网与电力系统,方向候选,能源电力直接相关,763,0,763
C0709,708,核结构材料辐照损伤,核能与等离子体,方向候选,能源电力直接相关,155,0,155
C0710,709,水电站运行调度,风能与水能海洋能源,方向候选,能源电力直接相关,451,0,451
C0711,710,水轮机性能与设计,风能与水能海洋能源,方向候选,能源电力直接相关,475,0,475
C0712,711,电力负荷预测,电网与电力系统,方向候选,能源电力直接相关,2962,0,2957
C0713,712,电价预测,电网与电力系统,方向候选,能源电力直接相关,1040,0,1036
C0714,713,层状及富镍锂电正极材料,电化学储能,方向候选,能源电力直接相关,3603,0,3603
C0715,714,锂电磷酸盐正极材料,电化学储能,方向候选,能源电力直接相关,2235,0,2234
C0716,715,柴油机燃烧与排放,化石能源,方向候选,能源电力直接相关,593,0,586
C0717,716,双燃料发动机,化石能源,方向候选,能源电力直接相关,105,0,105
C0718,717,配电网规划与容量配置,电网与电力系统,方向候选,能源电力直接相关,1751,0,1751
C0719,718,气候变化适应与风险,能源政策与治理,方向候选,能源治理与政策研究,1074,0,1074
C0720,719,气候变化减缓政策,能源政策与治理,方向候选,能源治理与政策研究,1129,0,1127
C0721,720,光伏清扫机器人,电网与电力系统,方向候选,能源电力直接相关,204,0,204
C0722,721,变电站巡检机器人,电网与电力系统,方向候选,能源电力直接相关,133,0,131
C0723,722,光伏光热联合系统,太阳能,方向候选,能源电力直接相关,3173,0,3172
C0724,723,电子废物回收,生物质与资源循环,方向候选,能源电力直接相关,545,0,545
C0725,724,废塑料回收与转化,生物质与资源循环,方向候选,能源电力直接相关,895,0,895
C0726,725,风机状态监测与预测性维护,风能与水能海洋能源,方向候选,能源电力直接相关,559,0,558
C0727,726,钠离子电池负极材料,电化学储能,方向候选,能源电力直接相关,5474,0,5474
C0728,727,钠离子电池正极材料,电化学储能,方向候选,能源电力直接相关,4959,0,4954
C0729,728,建筑暖通空调能耗,热工与能效,方向候选,能源电力直接相关,282,0,281
C0730,729,建筑节能改造,热工与能效,方向候选,能源电力直接相关,9,0,9
C0731,730,天体等离子体与磁重联,其他基础与关联学科,关联基础研究,关联基础或环境研究,163,0,163
C0732,731,电力设备风险预警,电网与电力系统,方向候选,能源电力直接相关,6,0,6
C0733,732,灌溉水资源优化调度,风能与水能海洋能源,关联基础研究,关联基础或环境研究,58,0,58
C0734,733,液压泵性能与控制,制造与通用装置,关联基础研究,关联基础或环境研究,22,0,22
C0735,734,液压阀设计与控制,制造与通用装置,关联基础研究,关联基础或环境研究,17,0,17
C0736,735,电力系统暂态稳定,电网与电力系统,方向候选,能源电力直接相关,1165,0,1165
C0737,736,电力系统电压稳定,电网与电力系统,方向候选,能源电力直接相关,930,0,930
C0738,737,木材加工与干燥,生物质与资源循环,关联基础研究,关联基础或环境研究,326,0,326
C0739,738,水污染物吸附去除,碳与环境,关联基础研究,关联基础或环境研究,1391,0,1390
C0740,739,水污染物电化学氧化,碳与环境,关联基础研究,关联基础或环境研究,179,0,179
C0741,740,电网状态估计与相量测量,电网与电力系统,方向候选,能源电力直接相关,697,0,695
C0742,741,氮气电还原制氨,氢能与燃料电池,方向候选,能源电力直接相关,714,0,714
C0743,742,硝酸盐电还原制氨,氢能与燃料电池,方向候选,能源电力直接相关,695,0,695
C0744,743,潜热储热系统,热工与能效,方向候选,能源电力直接相关,5237,0,5235
C0745,744,热化学储热系统,热工与能效,方向候选,能源电力直接相关,695,0,695
C0746,745,功率因数校正电路与控制,电力电子与电机,方向候选,能源电力直接相关,3022,0,3019
C0747,746,网络入侵检测,数字技术与测量,关联基础研究,关联基础或环境研究,1750,0,1739
C0748,747,储能系统集成与安全装置,电化学储能,方向候选,能源电力直接相关,107,0,107
C0749,748,电机绕组与线圈制造,电力电子与电机,方向候选,能源电力直接相关,17,0,17
C0750,749,能源贫困与能源可及性,能源政策与治理,方向候选,能源治理与政策研究,1076,0,1073
