category_id,volume,citation,institutions,persistence,current
C0001,0.24499229583975346,0.44992295839753466,0.2465331278890601,0.0,0.2280431432973806
C0002,0.8952234206471494,0.963020030816641,0.9553158705701078,1.0,0.9322033898305084
C0003,0.4699537750385208,0.2218798151001541,0.46687211093990755,1.0,0.4745762711864407
C0004,0.8120184899845917,0.28043143297380585,0.8536209553158706,1.0,0.8351309707241911
C0005,0.6687211093990755,0.8767334360554699,0.687211093990755,1.0,0.6563944530046225
C0006,0.21879815100154082,0.07395993836671803,0.1926040061633282,0.0,0.24499229583975346
C0007,0.674884437596302,0.7041602465331279,0.6810477657935285,1.0,0.6456086286594761
C0008,0.23112480739599384,0.12942989214175654,0.23728813559322035,0.0,0.22033898305084745
C0009,0.9922958397534669,0.9553158705701078,0.9707241910631741,1.0,0.9922958397534669
C0010,0.6533127889060092,0.3420647149460709,0.8258859784283513,1.0,0.7889060092449923
C0011,0.847457627118644,0.9614791987673343,0.8012326656394453,1.0,0.8459167950693375
C0012,0.600924499229584,0.5793528505392912,0.6286594761171033,1.0,0.5701078582434514
C0013,0.47303543913713403,0.386748844375963,0.50231124807396,1.0,0.4869029275808937
C0014,0.04776579352850539,0.04930662557781202,0.053929121725731895,0.0,0.061633281972265024
C0015,0.9121725731895224,0.5546995377503852,0.9029275808936826,1.0,0.9337442218798151
C0016,0.7611710323574731,0.33436055469953774,0.8674884437596302,1.0,0.7673343605546995
C0017,0.5731895223420647,0.1448382126348228,0.5485362095531587,1.0,0.551617873651772
C0018,0.6147919876733436,0.33436055469953774,0.6117103235747303,1.0,0.674884437596302
C0019,0.6209553158705701,0.28659476117103233,0.6409861325115562,1.0,0.6255778120184899
C0020,0.699537750385208,0.8166409861325116,0.8228043143297381,1.0,0.6409861325115562
C0021,0.7411402157164869,0.4776579352850539,0.8459167950693375,1.0,0.6902927580893683
C0022,0.23112480739599384,0.43605546995377503,0.28197226502311246,0.0,0.19106317411402157
C0023,0.06317411402157165,0.04314329738058552,0.04930662557781202,0.0,0.046224961479198766
C0024,0.6040061633281972,0.12788906009244994,0.6640986132511556,1.0,0.6671802773497689
C0025,0.0662557781201849,0.08012326656394453,0.06933744221879815,0.0,0.08782742681047766
C0026,0.48382126348228044,0.2526964560862866,0.5423728813559322,1.0,0.47303543913713403
C0027,0.5855161787365177,0.15870570107858242,0.5469953775038521,1.0,0.5624036979969184
C0028,0.8320493066255779,0.4453004622496148,0.802773497688752,1.0,0.8567026194144838
C0029,0.6209553158705701,0.20801232665639446,0.6224961479198767,1.0,0.6040061633281972
C0030,0.3574730354391371,0.6394453004622496,0.4052388289676425,0.08333333333333333,0.33281972265023113
C0031,0.7134052388289677,0.24807395993836673,0.6302003081664098,1.0,0.6656394453004623
C0032,0.29738058551617874,0.24345146379044685,0.3066255778120185,0.08333333333333333,0.3050847457627119
C0033,0.7827426810477658,0.11710323574730354,0.7211093990755008,1.0,0.7842835130970724
C0034,0.6702619414483821,0.6933744221879815,0.7180277349768875,1.0,0.6795069337442219
C0035,0.32819722650231126,0.1633281972265023,0.31587057010785824,0.25,0.34668721109399075
C0036,0.14946070878274267,0.12788906009244994,0.13559322033898305,0.0,0.1694915254237288
C0037,0.987673343605547,0.9583975346687211,0.9815100154083205,1.0,0.9815100154083205
C0038,0.6147919876733436,0.18181818181818182,0.6825885978428351,1.0,0.650231124807396
C0039,0.33281972265023113,0.32819722650231126,0.33436055469953774,0.16666666666666666,0.3713405238828968
C0040,0.9830508474576272,0.5007704160246533,0.9892141756548536,1.0,0.9738058551617874
C0041,0.1016949152542373,0.6255778120184899,0.15870570107858242,0.0,0.10477657935285054
C0042,0.288135593220339,0.26348228043143296,0.26194144838212635,0.0,0.2665639445300462
C0043,0.6733436055469953,0.42989214175654855,0.6656394453004623,1.0,0.7195685670261941
C0044,0.6271186440677966,0.7211093990755008,0.6240369799691834,1.0,0.6486902927580893
C0045,0.7627118644067796,0.6363636363636364,0.785824345146379,1.0,0.6702619414483821
C0046,0.5824345146379045,0.6440677966101694,0.5577812018489985,1.0,0.6101694915254238
C0047,0.8828967642526965,0.827426810477658,0.8166409861325116,1.0,0.8073959938366718
C0048,0.8135593220338984,0.3559322033898305,0.7211093990755008,1.0,0.8906009244992296
C0049,0.3682588597842835,0.6517719568567026,0.4036979969183359,0.25,0.3204930662557781
C0050,0.8751926040061633,0.8428351309707242,0.8382126348228043,1.0,0.8489984591679507
C0051,0.2542372881355932,0.12172573189522343,0.23728813559322035,0.0,0.25577812018489987
C0052,0.25115562403698,0.04468412942989214,0.2218798151001541,0.0,0.28659476117103233
C0053,0.20030816640986132,0.06317411402157165,0.14021571648690292,0.0,0.21263482280431434
C0054,0.12942989214175654,0.12172573189522343,0.12172573189522343,0.0,0.12326656394453005
C0055,0.5747303543913713,0.4391371340523883,0.6733436055469953,1.0,0.5608628659476117
C0056,0.864406779661017,0.5747303543913713,0.8397534668721109,1.0,0.9214175654853621
C0057,0.7442218798151001,0.2665639445300462,0.6779661016949152,1.0,0.7257318952234206
C0058,0.9291217257318952,0.6070878274268104,0.8906009244992296,1.0,0.9121725731895224
C0059,0.7904468412942989,0.7395993836671803,0.8767334360554699,1.0,0.8089368258859785
C0060,0.9984591679506933,0.9568567026194145,0.9907550077041603,1.0,0.9969183359013868
C0061,0.8412942989214176,0.6656394453004623,0.9044684129429892,1.0,0.7919876733436055
C0062,0.6810477657935285,0.4761171032357473,0.662557781201849,1.0,0.7134052388289677
C0063,0.926040061633282,0.6224961479198767,0.9583975346687211,1.0,0.938366718027735
C0064,0.22650231124807396,0.5454545454545454,0.2727272727272727,0.0,0.22033898305084745
C0065,0.539291217257319,0.2110939907550077,0.5254237288135594,1.0,0.5685670261941448
C0066,0.6979969183359014,0.14637904468412943,0.6887519260400616,1.0,0.74884437596302
C0067,0.9938366718027735,0.9044684129429892,0.9830508474576272,1.0,0.9892141756548536
C0068,0.6040061633281972,0.7503852080123267,0.6718027734976888,1.0,0.5993836671802774
C0069,0.6024653312788906,0.4622496147919877,0.6456086286594761,1.0,0.6317411402157165
C0070,0.8073959938366718,0.4576271186440678,0.9322033898305084,1.0,0.74884437596302
C0071,0.6563944530046225,0.5670261941448382,0.6964560862865947,1.0,0.6440677966101694
C0072,0.9553158705701078,0.662557781201849,0.9768875192604006,1.0,0.9599383667180277
C0073,0.8551617873651772,0.6687211093990755,0.884437596302003,1.0,0.8258859784283513
C0074,0.02465331278890601,0.03389830508474576,0.023112480739599383,0.0,0.046224961479198766
C0075,0.7704160246533128,0.8690292758089369,0.7873651771956857,1.0,0.6918335901386748
C0076,0.963020030816641,0.8151001540832049,0.9244992295839753,1.0,0.9522342064714946
C0077,0.2526964560862866,0.1386748844375963,0.23420647149460708,0.0,0.2542372881355932
C0078,0.02465331278890601,0.03389830508474576,0.023112480739599383,0.0,0.046224961479198766
C0079,0.20955315870570107,0.1325115562403698,0.21417565485362094,0.0,0.20955315870570107
C0080,0.9506933744221879,0.864406779661017,0.975346687211094,1.0,0.926040061633282
C0081,0.1864406779661017,0.046224961479198766,0.1016949152542373,0.0,0.1617873651771957
C0082,0.7072419106317411,0.26194144838212635,0.6902927580893683,1.0,0.736517719568567
C0083,0.6825885978428351,0.25115562403698,0.650231124807396,1.0,0.7041602465331279
C0084,0.053929121725731895,0.7257318952234206,0.07087827426810478,0.0,0.061633281972265024
C0085,0.6733436055469953,0.7442218798151001,0.7149460708782742,1.0,0.6702619414483821
C0086,0.8721109399075501,0.4406779661016949,0.9198767334360555,1.0,0.9029275808936826
C0087,0.22033898305084745,0.18798151001540833,0.2218798151001541,0.0,0.2696456086286595
C0088,0.687211093990755,0.41140215716486905,0.8212634822804314,1.0,0.7411402157164869
C0089,0.6841294298921418,0.17565485362095531,0.6810477657935285,1.0,0.6979969183359014
C0090,0.2049306625577812,0.14021571648690292,0.2049306625577812,0.0,0.15562403697996918
C0091,0.6255778120184899,0.21571648690292758,0.5839753466872111,1.0,0.6933744221879815
C0092,0.12326656394453005,0.08936825885978428,0.11710323574730354,0.0,0.14791987673343607
C0093,0.6533127889060092,0.1926040061633282,0.6055469953775039,1.0,0.7550077041602465
C0094,0.6486902927580893,0.5208012326656395,0.7519260400616333,1.0,0.6810477657935285
C0095,0.38366718027734975,0.17257318952234207,0.37750385208012327,0.5,0.3898305084745763
C0096,0.23420647149460708,0.05855161787365177,0.16640986132511557,0.0,0.24499229583975346
C0097,0.44992295839753466,0.2172573189522342,0.43297380585516176,1.0,0.4283513097072419
C0098,0.7041602465331279,0.3882896764252696,0.7257318952234206,1.0,0.7873651771956857
C0099,0.18798151001540833,0.14175654853620956,0.1617873651771957,0.0,0.21417565485362094
C0100,0.6425269645608629,0.1926040061633282,0.5978428351309707,1.0,0.6979969183359014
C0101,0.6024653312788906,0.06779661016949153,0.5454545454545454,1.0,0.6409861325115562
C0102,0.9060092449922958,0.3405238828967643,0.8351309707241911,1.0,0.9414483821263482
C0103,0.6779661016949152,0.6394453004622496,0.7134052388289677,1.0,0.687211093990755
C0104,0.5870570107858244,0.1617873651771957,0.5793528505392912,1.0,0.5778120184899846
C0105,0.8489984591679507,0.5177195685670262,0.8181818181818182,1.0,0.8505392912172574
C0106,0.9414483821263482,0.2773497688751926,0.9553158705701078,1.0,0.9445300462249615
C0107,0.4083204930662558,0.4560862865947612,0.4453004622496148,0.4166666666666667,0.4098613251155624
C0108,0.12788906009244994,0.14791987673343607,0.13405238828967642,0.0,0.1263482280431433
C0109,0.9137134052388289,0.9075500770416025,0.7889060092449923,1.0,0.8983050847457628
C0110,0.08166409861325115,0.08628659476117104,0.09553158705701079,0.0,0.08782742681047766
C0111,0.053929121725731895,0.046224961479198766,0.07704160246533127,0.0,0.08166409861325115
C0112,0.4560862865947612,0.10631741140215717,0.43759630200308164,1.0,0.46687211093990755
C0113,0.9707241910631741,0.7349768875192604,0.9922958397534669,1.0,0.9460708782742681
C0114,0.8366718027734977,0.7565485362095532,0.827426810477658,1.0,0.8459167950693375
C0115,0.7565485362095532,0.6409861325115562,0.7688751926040062,1.0,0.8197226502311248
C0116,0.10323574730354391,0.12480739599383667,0.07704160246533127,0.0,0.08166409861325115
C0117,0.7550077041602465,0.22650231124807396,0.7580893682588598,1.0,0.8228043143297381
C0118,0.03697996918335902,0.03389830508474576,0.023112480739599383,0.0,0.030816640986132512
C0119,0.07395993836671803,0.03389830508474576,0.08320493066255778,0.0,0.10477657935285054
C0120,0.5978428351309707,0.19568567026194145,0.6101694915254238,1.0,0.5654853620955316
C0121,0.9337442218798151,0.3913713405238829,0.7812018489984591,1.0,0.9676425269645609
C0122,0.9861325115562404,0.687211093990755,0.9784283513097073,1.0,0.9830508474576272
C0123,0.6949152542372882,0.29738058551617874,0.5624036979969184,1.0,0.7503852080123267
C0124,0.5747303543913713,0.46841294298921415,0.5716486902927581,1.0,0.6471494607087828
C0125,0.7919876733436055,0.6271186440677966,0.7950693374422187,1.0,0.8151001540832049
C0126,0.9691833590138675,0.926040061633282,0.926040061633282,1.0,0.9568567026194145
C0127,0.7966101694915254,0.8043143297380585,0.7103235747303543,1.0,0.7395993836671803
C0128,0.8567026194144838,0.7072419106317411,0.9568567026194145,1.0,0.7950693374422187
C0129,0.884437596302003,0.5701078582434514,0.9445300462249615,1.0,0.8998459167950693
C0130,0.9090909090909091,0.20030816640986132,0.8952234206471494,1.0,0.9768875192604006
C0131,0.14791987673343607,0.27889060092449924,0.14175654853620956,0.0,0.12326656394453005
C0132,0.8875192604006163,0.9029275808936826,0.9337442218798151,1.0,0.8659476117103235
C0133,0.901386748844376,0.4221879815100154,0.9599383667180277,1.0,0.8551617873651772
C0134,0.6440677966101694,0.3898305084745763,0.7781201848998459,1.0,0.6363636363636364
C0135,0.13713405238828968,0.1016949152542373,0.11556240369799692,0.0,0.15562403697996918
C0136,0.7935285053929122,0.19106317411402157,0.7442218798151001,1.0,0.8012326656394453
C0137,0.8613251155624037,0.74884437596302,0.8828967642526965,1.0,0.8613251155624037
C0138,0.9152542372881356,0.5038520801232665,0.9460708782742681,1.0,0.9368258859784283
C0139,0.5100154083204931,0.24961479198767333,0.4899845916795069,1.0,0.5053929121725732
C0140,0.7257318952234206,0.6178736517719569,0.8751926040061633,1.0,0.7812018489984591
C0141,0.8412942989214176,0.6810477657935285,0.8798151001540832,1.0,0.8659476117103235
C0142,0.09244992295839753,0.0970724191063174,0.08320493066255778,0.0,0.08166409861325115
C0143,0.8936825885978429,0.4560862865947612,0.7765793528505393,1.0,0.9152542372881356
C0144,0.6055469953775039,0.2049306625577812,0.6949152542372882,1.0,0.6394453004622496
C0145,0.7534668721109399,0.18335901386748846,0.8998459167950693,1.0,0.7673343605546995
C0146,0.9614791987673343,0.9506933744221879,0.9399075500770416,1.0,0.9506933744221879
C0147,0.06471494607087827,0.2357473035439137,0.046224961479198766,0.0,0.09861325115562404
C0148,0.11093990755007704,0.2033898305084746,0.10631741140215717,0.0,0.11556240369799692
C0149,0.5685670261941448,0.18952234206471494,0.7519260400616333,1.0,0.48228043143297383
C0150,0.5808936825885979,0.7627118644067796,0.6471494607087828,1.0,0.5901386748844376
C0151,0.9075500770416025,0.7442218798151001,0.9506933744221879,1.0,0.8921417565485362
C0152,0.6718027734976888,0.6949152542372882,0.7057010785824345,1.0,0.6117103235747303
C0153,0.5685670261941448,0.44838212634822805,0.5916795069337443,1.0,0.5654853620955316
C0154,0.7796610169491526,0.34822804314329736,0.662557781201849,1.0,0.7688751926040062
C0155,0.9953775038520801,0.9337442218798151,0.9845916795069337,1.0,0.9953775038520801
C0156,0.827426810477658,0.362095531587057,0.8043143297380585,1.0,0.8582434514637904
C0157,0.2696456086286595,0.15254237288135594,0.24345146379044685,0.08333333333333333,0.300462249614792
C0158,0.9522342064714946,0.785824345146379,0.9291217257318952,1.0,0.9322033898305084
C0159,0.7765793528505393,0.35901386748844377,0.8859784283513097,1.0,0.827426810477658
C0160,0.4514637904468413,0.10323574730354391,0.4283513097072419,0.75,0.4591679506933744
C0161,0.6671802773497689,0.21263482280431434,0.6425269645608629,1.0,0.674884437596302
C0162,0.46070878274268107,0.31587057010785824,0.49614791987673346,0.9166666666666666,0.4714946070878274
C0163,0.44838212634822805,0.3035439137134052,0.43759630200308164,1.0,0.43143297380585516
C0164,0.5500770416024653,0.15408320493066255,0.5053929121725732,1.0,0.522342064714946
C0165,0.5531587057010786,0.23728813559322035,0.5362095531587057,1.0,0.5531587057010786
C0166,0.7688751926040062,0.539291217257319,0.7935285053929122,1.0,0.711864406779661
C0167,0.6101694915254238,0.48228043143297383,0.6409861325115562,1.0,0.5731895223420647
C0168,0.50231124807396,0.37750385208012327,0.5670261941448382,1.0,0.5115562403697997
C0169,0.8998459167950693,0.736517719568567,0.8551617873651772,1.0,0.9352850539291218
C0170,0.9722650231124808,0.27426810477657937,0.9861325115562404,1.0,0.9784283513097073
C0171,0.6579352850539292,0.3220338983050847,0.637904468412943,1.0,0.6594761171032357
C0172,0.6902927580893683,0.4391371340523883,0.6764252696456087,1.0,0.662557781201849
C0173,0.2650231124807396,0.5731895223420647,0.288135593220339,0.0,0.25115562403698
C0174,0.4930662557781202,0.24191063174114022,0.5069337442218799,1.0,0.48382126348228044
C0175,0.7180277349768875,0.5408320493066255,0.6671802773497689,1.0,0.7380585516178737
C0176,0.9229583975346687,0.3266563944530046,0.8428351309707242,1.0,0.9198767334360555
C0177,0.6240369799691834,0.5238828967642527,0.7272727272727273,1.0,0.5839753466872111
C0178,0.7812018489984591,0.6240369799691834,0.8320493066255779,1.0,0.7827426810477658
C0179,0.5916795069337443,0.46533127889060094,0.613251155624037,1.0,0.6302003081664098
C0180,0.22496147919876733,0.26040061633281975,0.23728813559322035,0.0,0.23112480739599384
C0181,0.5300462249614792,0.2218798151001541,0.49922958397534667,1.0,0.5408320493066255
C0182,0.5423728813559322,0.18952234206471494,0.5870570107858244,1.0,0.576271186440678
C0183,0.9044684129429892,0.3852080123266564,0.8289676425269645,1.0,0.9275808936825886
C0184,1.0,0.8366718027734977,0.9969183359013868,1.0,1.0
C0185,0.773497688751926,0.3312788906009245,0.7318952234206472,1.0,0.7704160246533128
C0186,0.7288135593220338,0.6209553158705701,0.6040061633281972,1.0,0.8335901386748844
C0187,0.1926040061633282,0.08012326656394453,0.1510015408320493,0.0,0.20184899845916796
C0188,0.8366718027734977,0.23112480739599384,0.7010785824345146,1.0,0.7966101694915254
C0189,0.9568567026194145,0.4422187981510015,0.8921417565485362,1.0,0.9691833590138675
C0190,0.1802773497688752,0.15562403697996918,0.18181818181818182,0.0,0.20955315870570107
C0191,0.9399075500770416,0.8705701078582434,0.9044684129429892,1.0,0.9614791987673343
C0192,0.8459167950693375,0.7288135593220338,0.7719568567026194,1.0,0.8228043143297381
C0193,0.4268104776579353,0.1987673343605547,0.41140215716486905,0.6666666666666666,0.4530046224961479
C0194,0.963020030816641,0.33436055469953774,0.9661016949152542,1.0,0.9368258859784283
C0195,0.8674884437596302,0.3697996918335901,0.9676425269645609,1.0,0.8828967642526965
C0196,0.9275808936825886,0.47919876733436056,0.8335901386748844,1.0,0.9291217257318952
C0197,0.5716486902927581,0.5778120184899846,0.6656394453004623,1.0,0.5331278890600925
C0198,0.05855161787365177,0.2573189522342065,0.053929121725731895,0.0,0.061633281972265024
C0199,0.18489984591679506,0.06471494607087827,0.15408320493066255,0.0,0.1802773497688752
C0200,0.6964560862865947,0.3436055469953775,0.5993836671802774,1.0,0.6964560862865947
C0201,0.6656394453004623,0.7765793528505393,0.7519260400616333,1.0,0.6425269645608629
C0202,0.8906009244992296,0.8798151001540832,0.9614791987673343,1.0,0.8382126348228043
C0203,0.5901386748844376,0.4345146379044684,0.7380585516178737,1.0,0.551617873651772
C0204,0.05701078582434515,0.03389830508474576,0.06933744221879815,0.0,0.09861325115562404
C0205,0.802773497688752,0.5500770416024653,0.7395993836671803,1.0,0.810477657935285
C0206,0.8921417565485362,0.6887519260400616,0.9137134052388289,1.0,0.8489984591679507
C0207,0.1386748844375963,0.14175654853620956,0.1448382126348228,0.0,0.1617873651771957
C0208,0.7673343605546995,0.09553158705701079,0.7565485362095532,1.0,0.8751926040061633
C0209,0.7103235747303543,0.674884437596302,0.7796610169491526,1.0,0.6764252696456087
C0210,0.8043143297380585,0.3389830508474576,0.7981510015408321,1.0,0.8967642526964561
C0211,0.8505392912172574,0.36363636363636365,0.74884437596302,1.0,0.8289676425269645
C0212,0.7149460708782742,0.2542372881355932,0.6271186440677966,1.0,0.7303543913713405
C0213,0.5639445300462249,0.22342064714946072,0.5254237288135594,1.0,0.5685670261941448
C0214,0.588597842835131,0.2295839753466872,0.5932203389830508,1.0,0.5808936825885979
C0215,0.0847457627118644,0.50231124807396,0.1016949152542373,0.0,0.09861325115562404
C0216,0.6286594761171033,0.12326656394453005,0.5963020030816641,1.0,0.7103235747303543
C0217,0.6070878274268104,0.5469953775038521,0.6594761171032357,1.0,0.6070878274268104
C0218,0.938366718027735,0.20955315870570107,0.963020030816641,1.0,0.8166409861325116
C0219,0.8089368258859785,0.22650231124807396,0.7781201848998459,1.0,0.9352850539291218
C0220,0.5269645608628659,0.24499229583975346,0.5208012326656395,1.0,0.5192604006163328
C0221,0.9352850539291218,0.7272727272727273,0.8967642526964561,1.0,0.9306625577812019
C0222,0.8181818181818182,0.7719568567026194,0.8567026194144838,1.0,0.7765793528505393
C0223,0.7981510015408321,0.3204930662557781,0.699537750385208,1.0,0.7781201848998459
C0224,0.7164869029275809,0.39599383667180277,0.9167950693374423,1.0,0.7904468412942989
C0225,0.7334360554699538,0.650231124807396,0.8582434514637904,1.0,0.6949152542372882
C0226,0.9645608628659477,0.9414483821263482,0.8983050847457628,1.0,0.9044684129429892
C0227,0.6394453004622496,0.3066255778120185,0.6594761171032357,1.0,0.7195685670261941
C0228,0.7473035439137135,0.13405238828967642,0.7026194144838213,1.0,0.773497688751926
C0229,0.04776579352850539,0.03389830508474576,0.029275808936825885,0.0,0.0662557781201849
C0230,0.6348228043143297,0.29121725731895226,0.6718027734976888,1.0,0.6841294298921418
C0231,0.09553158705701079,0.08320493066255778,0.07087827426810478,0.0,0.1263482280431433
C0232,0.637904468412943,0.5130970724191063,0.7442218798151001,1.0,0.6409861325115562
C0233,0.889060092449923,0.8983050847457628,0.8659476117103235,1.0,0.8782742681047766
C0234,0.6363636363636364,0.26810477657935283,0.588597842835131,1.0,0.6147919876733436
C0235,0.8212634822804314,0.3081664098613251,0.827426810477658,1.0,0.8551617873651772
C0236,0.8397534668721109,0.7411402157164869,0.8058551617873652,1.0,0.8628659476117103
C0237,0.9845916795069337,0.29275808936825887,1.0,1.0,0.9845916795069337
C0238,0.5300462249614792,0.13559322033898305,0.5454545454545454,1.0,0.5469953775038521
C0239,0.6548536209553159,0.6764252696456087,0.6841294298921418,1.0,0.6594761171032357
C0240,0.4884437596302003,0.6024653312788906,0.5285053929121726,1.0,0.48382126348228044
C0241,0.8705701078582434,0.7827426810477658,0.847457627118644,1.0,0.901386748844376
C0242,0.37750385208012327,0.15870570107858242,0.4052388289676425,0.4166666666666667,0.36363636363636365
C0243,0.8243451463790447,0.5346687211093991,0.8597842835130971,1.0,0.8151001540832049
C0244,0.08320493066255778,0.03852080123266564,0.046224961479198766,0.0,0.11556240369799692
C0245,0.8813559322033898,0.9399075500770416,0.864406779661017,1.0,0.8397534668721109
C0246,0.4946070878274268,0.6548536209553159,0.4622496147919877,1.0,0.5300462249614792
C0247,0.7565485362095532,0.5839753466872111,0.8382126348228043,1.0,0.7211093990755008
C0248,0.23728813559322035,0.04776579352850539,0.15716486902927582,0.0,0.29121725731895226
C0249,0.6317411402157165,0.3682588597842835,0.6918335901386748,1.0,0.588597842835131
C0250,0.7411402157164869,0.31432973805855163,0.7642526964560863,1.0,0.736517719568567
C0251,0.9445300462249615,0.5947611710323575,0.8813559322033898,1.0,0.963020030816641
C0252,0.736517719568567,0.300462249614792,0.724191063174114,1.0,0.8043143297380585
C0253,0.8690292758089369,0.8258859784283513,0.8228043143297381,1.0,0.9137134052388289
C0254,0.9907550077041603,0.9183359013867488,0.9738058551617874,1.0,0.9861325115562404
C0255,0.8443759630200308,0.7550077041602465,0.736517719568567,1.0,0.7457627118644068
C0256,0.8382126348228043,0.600924499229584,0.8489984591679507,1.0,0.765793528505393
C0257,0.7996918335901386,0.6856702619414484,0.7149460708782742,1.0,0.7010785824345146
C0258,0.9892141756548536,0.5531587057010786,0.987673343605547,1.0,0.9984591679506933
C0259,0.9167950693374423,0.9106317411402157,0.711864406779661,1.0,0.8705701078582434
C0260,0.1941448382126348,0.0847457627118644,0.18181818181818182,0.0,0.20184899845916796
C0261,0.1617873651771957,0.04160246533127889,0.09861325115562404,0.0,0.1987673343605547
C0262,0.05238828967642527,0.35285053929121724,0.053929121725731895,0.0,0.0662557781201849
C0263,0.8459167950693375,0.8289676425269645,0.8089368258859785,1.0,0.7272727272727273
C0264,0.9322033898305084,0.41602465331278893,0.9722650231124808,1.0,0.8813559322033898
C0265,0.4869029275808937,0.337442218798151,0.5177195685670262,1.0,0.5269645608628659
C0266,0.6887519260400616,0.8967642526964561,0.6194144838212635,1.0,0.6456086286594761
C0267,0.7996918335901386,0.15254237288135594,0.7057010785824345,1.0,0.889060092449923
C0268,0.09553158705701079,0.11710323574730354,0.06933744221879815,0.0,0.08782742681047766
C0269,0.6795069337442219,0.637904468412943,0.7457627118644068,1.0,0.6363636363636364
C0270,0.8289676425269645,0.29583975346687214,0.711864406779661,1.0,0.8721109399075501
C0271,0.8012326656394453,0.49922958397534667,0.9090909090909091,1.0,0.8428351309707242
C0272,0.6209553158705701,0.43297380585516176,0.6979969183359014,1.0,0.6224961479198767
C0273,0.2465331278890601,0.10015408320493066,0.2280431432973806,0.0,0.27426810477657937
C0274,0.13405238828967642,0.1263482280431433,0.14021571648690292,0.0,0.1386748844375963
C0275,0.7750385208012327,0.36517719568567025,0.6733436055469953,1.0,0.7226502311248074
C0276,0.9784283513097073,0.8166409861325116,0.9229583975346687,1.0,0.9661016949152542
C0277,0.6825885978428351,0.6348228043143297,0.8983050847457628,1.0,0.5608628659476117
C0278,0.9768875192604006,0.975346687211094,0.9275808936825886,1.0,0.9707241910631741
C0279,0.04314329738058552,0.325115562403698,0.06317411402157165,0.0,0.061633281972265024
C0280,0.7442218798151001,0.2033898305084746,0.6733436055469953,1.0,0.7935285053929122
C0281,0.1633281972265023,0.10785824345146379,0.1694915254237288,0.0,0.1386748844375963
C0282,0.8228043143297381,0.2033898305084746,0.8428351309707242,1.0,0.8459167950693375
C0283,0.046224961479198766,0.10477657935285054,0.053929121725731895,0.0,0.046224961479198766
C0284,0.23266563944530047,0.040061633281972264,0.12788906009244994,0.0,0.2588597842835131
C0285,0.8166409861325116,0.6055469953775039,0.7288135593220338,1.0,0.8520801232665639
C0286,0.9306625577812019,0.889060092449923,0.8998459167950693,1.0,0.8952234206471494
C0287,0.5947611710323575,0.17103235747303544,0.559322033898305,1.0,0.6286594761171033
C0288,0.4283513097072419,0.5315870570107858,0.43605546995377503,0.8333333333333334,0.41140215716486905
C0289,0.6517719568567026,0.5716486902927581,0.7904468412942989,1.0,0.6147919876733436
C0290,0.7195685670261941,0.7134052388289677,0.8906009244992296,1.0,0.6363636363636364
C0291,0.046224961479198766,0.03389830508474576,0.029275808936825885,0.0,0.046224961479198766
C0292,0.5624036979969184,0.1510015408320493,0.5346687211093991,1.0,0.5670261941448382
C0293,0.9244992295839753,0.4899845916795069,0.9414483821263482,1.0,0.9414483821263482
C0294,0.43297380585516176,0.22496147919876733,0.4252696456086287,0.6666666666666666,0.46070878274268107
C0295,0.6224961479198767,0.4776579352850539,0.687211093990755,1.0,0.6101694915254238
C0296,0.5778120184899846,0.30970724191063176,0.600924499229584,1.0,0.5932203389830508
C0297,0.8736517719568567,0.8859784283513097,0.8613251155624037,1.0,0.8936825885978429
C0298,0.6086286594761171,0.46687211093990755,0.6055469953775039,1.0,0.6040061633281972
C0299,0.3852080123266564,0.4591679506933744,0.3913713405238829,0.4166666666666667,0.3882896764252696
C0300,0.6856702619414484,0.03852080123266564,0.42989214175654855,1.0,0.6409861325115562
C0301,0.576271186440678,0.3543913713405239,0.6178736517719569,1.0,0.5793528505392912
C0302,0.7534668721109399,0.7611710323574731,0.6594761171032357,1.0,0.7534668721109399
C0303,0.4761171032357473,0.3235747303543914,0.4915254237288136,1.0,0.49768875192604006
C0304,0.9676425269645609,0.6579352850539292,0.9938366718027735,1.0,0.9537750385208013
C0305,0.1140215716486903,0.08166409861325115,0.09090909090909091,0.0,0.12326656394453005
C0306,0.6302003081664098,0.18335901386748846,0.6024653312788906,1.0,0.6255778120184899
C0307,0.8258859784283513,0.2896764252696456,0.8690292758089369,1.0,0.8597842835130971
C0308,0.43143297380585516,0.061633281972265024,0.35130970724191063,0.5833333333333334,0.46687211093990755
C0309,0.349768875192604,0.1926040061633282,0.29121725731895226,0.16666666666666666,0.32819722650231126
C0310,0.5624036979969184,0.34822804314329736,0.6409861325115562,1.0,0.5208012326656395
C0311,0.7211093990755008,0.2696456086286595,0.6733436055469953,1.0,0.6902927580893683
C0312,0.4052388289676425,0.03543913713405239,0.21879815100154082,0.5,0.4530046224961479
C0313,0.7503852080123267,0.3898305084745763,0.674884437596302,1.0,0.8258859784283513
C0314,0.22342064714946072,0.22496147919876733,0.2588597842835131,0.0,0.21571648690292758
C0315,0.8859784283513097,0.5839753466872111,0.7503852080123267,1.0,0.9090909090909091
C0316,0.6933744221879815,0.29892141756548535,0.7426810477657936,1.0,0.7010785824345146
C0317,0.7950693374422187,0.7318952234206472,0.7966101694915254,1.0,0.7719568567026194
C0318,0.5932203389830508,0.24191063174114022,0.5639445300462249,1.0,0.6163328197226502
C0319,0.514637904468413,0.1802773497688752,0.5161787365177196,1.0,0.5454545454545454
C0320,0.8351309707241911,0.6918335901386748,0.8366718027734977,1.0,0.8120184899845917
C0321,0.48073959938366717,0.31741140215716485,0.48228043143297383,1.0,0.5177195685670262
C0322,0.2727272727272727,0.7688751926040062,0.2942989214175655,0.0,0.23112480739599384
C0323,0.6918335901386748,0.11093990755007704,0.6517719568567026,1.0,0.7627118644067796
C0324,0.6332819722650231,0.7087827426810478,0.7534668721109399,1.0,0.5978428351309707
C0325,0.1941448382126348,0.08628659476117104,0.15870570107858242,0.0,0.20955315870570107
C0326,0.5670261941448382,0.15254237288135594,0.7057010785824345,1.0,0.4514637904468413
C0327,0.6733436055469953,0.514637904468413,0.7087827426810478,1.0,0.7303543913713405
C0328,0.9029275808936826,0.39907550077041604,0.9106317411402157,1.0,0.9244992295839753
C0329,0.2711864406779661,0.07550077041602465,0.19722650231124808,0.0,0.2542372881355932
C0330,0.9491525423728814,0.8998459167950693,0.901386748844376,1.0,0.9491525423728814
C0331,0.0662557781201849,0.03852080123266564,0.053929121725731895,0.0,0.08166409861325115
C0332,0.5439137134052389,0.17873651771956856,0.5454545454545454,1.0,0.5346687211093991
C0333,0.5855161787365177,0.23882896764252695,0.5916795069337443,1.0,0.6409861325115562
C0334,0.7380585516178737,0.8551617873651772,0.8628659476117103,1.0,0.7164869029275809
C0335,0.12172573189522343,0.14946070878274267,0.13713405238828968,0.0,0.11556240369799692
C0336,0.4576271186440678,0.8828967642526965,0.4776579352850539,0.9166666666666666,0.46841294298921415
C0337,0.4930662557781202,0.12942989214175654,0.4714946070878274,1.0,0.5069337442218799
C0338,0.8798151001540832,0.7334360554699538,0.9090909090909091,1.0,0.9075500770416025
C0339,0.7719568567026194,0.3020030816640986,0.7981510015408321,1.0,0.8659476117103235
C0340,0.7426810477657936,0.7503852080123267,0.8505392912172574,1.0,0.674884437596302
C0341,0.8967642526964561,0.5608628659476117,0.9214175654853621,1.0,0.8721109399075501
C0342,0.7719568567026194,0.8320493066255779,0.8258859784283513,1.0,0.7519260400616333
C0343,0.9106317411402157,0.8335901386748844,0.8151001540832049,1.0,0.9183359013867488
C0344,0.01848998459167951,0.08012326656394453,0.023112480739599383,0.0,0.030816640986132512
C0345,0.5562403697996918,0.6702619414483821,0.6070878274268104,1.0,0.50231124807396
C0346,0.7781201848998459,0.802773497688752,0.7180277349768875,1.0,0.7796610169491526
C0347,0.5855161787365177,0.0970724191063174,0.5331278890600925,1.0,0.5685670261941448
C0348,0.8197226502311248,0.48536209553158705,0.785824345146379,1.0,0.889060092449923
C0349,0.8289676425269645,0.7904468412942989,0.8782742681047766,1.0,0.7180277349768875
C0350,0.8520801232665639,0.0662557781201849,0.662557781201849,1.0,0.8258859784283513
C0351,0.4098613251155624,0.2465331278890601,0.4098613251155624,0.4166666666666667,0.4437596302003082
C0352,0.6363636363636364,0.1617873651771957,0.6656394453004623,1.0,0.7164869029275809
C0353,0.33436055469953774,0.10631741140215717,0.3035439137134052,0.16666666666666666,0.349768875192604
C0354,0.8952234206471494,0.3929121725731895,0.9522342064714946,1.0,0.9106317411402157
C0355,0.6425269645608629,0.559322033898305,0.7226502311248074,1.0,0.5963020030816641
C0356,0.39445300462249616,0.17719568567026195,0.3667180277349769,0.3333333333333333,0.4391371340523883
C0357,0.7087827426810478,0.6979969183359014,0.7596302003081664,1.0,0.7919876733436055
C0358,0.9198767334360555,0.8921417565485362,0.8952234206471494,1.0,0.8366718027734977
C0359,0.11864406779661017,0.040061633281972264,0.07395993836671803,0.0,0.1386748844375963
C0360,0.8305084745762712,0.901386748844376,0.765793528505393,1.0,0.8320493066255779
C0361,0.1140215716486903,0.15254237288135594,0.1263482280431433,0.0,0.08782742681047766
C0362,0.9537750385208013,0.7580893682588598,0.9506933744221879,1.0,0.8674884437596302
C0363,0.48536209553158705,0.5269645608628659,0.5731895223420647,1.0,0.43297380585516176
C0364,0.5701078582434514,0.6795069337442219,0.5870570107858244,1.0,0.5608628659476117
C0365,0.2773497688751926,0.09861325115562404,0.24499229583975346,0.0,0.28197226502311246
C0366,0.7395993836671803,0.7781201848998459,0.7411402157164869,1.0,0.7211093990755008
C0367,0.7596302003081664,0.5993836671802774,0.8721109399075501,1.0,0.7642526964560863
C0368,0.6163328197226502,0.4884437596302003,0.6348228043143297,1.0,0.6425269645608629
C0369,0.9815100154083205,0.8751926040061633,0.9661016949152542,1.0,0.975346687211094
C0370,0.41910631741140214,0.5192604006163328,0.41602465331278893,0.6666666666666666,0.423728813559322
C0371,0.613251155624037,0.20184899845916796,0.674884437596302,1.0,0.5963020030816641
C0372,0.5577812018489985,0.12018489984591679,0.514637904468413,1.0,0.5546995377503852
C0373,0.14175654853620956,0.07704160246533127,0.12172573189522343,0.0,0.12326656394453005
C0374,0.0847457627118644,0.8489984591679507,0.10631741140215717,0.0,0.09861325115562404
C0375,0.637904468412943,0.23420647149460708,0.5778120184899846,1.0,0.6178736517719569
C0376,0.10631741140215717,0.07858243451463791,0.08782742681047766,0.0,0.1325115562403698
C0377,0.11248073959938366,0.04314329738058552,0.08320493066255778,0.0,0.12326656394453005
C0378,0.7873651771956857,0.6671802773497689,0.74884437596302,1.0,0.802773497688752
C0379,0.5963020030816641,0.17257318952234207,0.5701078582434514,1.0,0.5747303543913713
C0380,0.5192604006163328,0.08320493066255778,0.48228043143297383,1.0,0.5177195685670262
C0381,0.539291217257319,0.7164869029275809,0.5439137134052389,1.0,0.5839753466872111
C0382,0.9368258859784283,0.7642526964560863,0.9691833590138675,1.0,0.8859784283513097
C0383,0.8228043143297381,0.37596302003081666,0.8443759630200308,1.0,0.8181818181818182
C0384,0.08166409861325115,0.10477657935285054,0.08320493066255778,0.0,0.08782742681047766
C0385,0.6656394453004623,0.31124807395993837,0.6147919876733436,1.0,0.6856702619414484
C0386,0.7503852080123267,0.14329738058551617,0.6795069337442219,1.0,0.7087827426810478
C0387,0.6409861325115562,0.7966101694915254,0.6101694915254238,1.0,0.5993836671802774
C0388,0.3035439137134052,0.21879815100154082,0.29738058551617874,0.08333333333333333,0.33281972265023113
C0389,0.6640986132511556,0.2727272727272727,0.7349768875192604,1.0,0.7026194144838213
C0390,0.07858243451463791,0.053929121725731895,0.04160246533127889,0.0,0.08166409861325115
C0391,0.662557781201849,0.3574730354391371,0.7072419106317411,1.0,0.6640986132511556
C0392,0.3605546995377504,0.05546995377503852,0.24807395993836673,0.25,0.38366718027734975
C0393,0.8520801232665639,0.6163328197226502,0.9121725731895224,1.0,0.8705701078582434
C0394,0.8782742681047766,0.43297380585516176,0.9368258859784283,1.0,0.9229583975346687
C0395,0.7010785824345146,0.7010785824345146,0.7827426810477658,1.0,0.6795069337442219
C0396,0.48073959938366717,0.03852080123266564,0.3035439137134052,1.0,0.47303543913713403
C0397,0.06779661016949153,0.03389830508474576,0.05701078582434515,0.0,0.10477657935285054
C0398,0.7904468412942989,0.6902927580893683,0.8998459167950693,1.0,0.74884437596302
C0399,0.8582434514637904,0.7673343605546995,0.9429892141756548,1.0,0.7550077041602465
C0400,0.6795069337442219,0.1926040061633282,0.7211093990755008,1.0,0.7550077041602465
C0401,0.6070878274268104,0.03852080123266564,0.5100154083204931,1.0,0.6471494607087828
C0402,0.8536209553158706,0.4699537750385208,0.9352850539291218,1.0,0.884437596302003
C0403,0.47303543913713403,0.08166409861325115,0.41910631741140214,1.0,0.47919876733436056
C0404,0.2280431432973806,0.08782742681047766,0.2295839753466872,0.0,0.26040061633281975
C0405,0.8089368258859785,0.4067796610169492,0.8459167950693375,1.0,0.8412942989214176
C0406,0.5716486902927581,0.15254237288135594,0.5731895223420647,1.0,0.6610169491525424
C0407,0.9661016949152542,0.9861325115562404,0.8073959938366718,1.0,0.9583975346687211
C0408,0.7580893682588598,0.39445300462249616,0.6533127889060092,1.0,0.7580893682588598
C0409,0.7457627118644068,0.4283513097072419,0.810477657935285,1.0,0.7565485362095532
C0410,0.711864406779661,0.699537750385208,0.7550077041602465,1.0,0.6718027734976888
C0411,0.13713405238828968,0.08012326656394453,0.12788906009244994,0.0,0.1617873651771957
C0412,0.6764252696456087,0.6825885978428351,0.662557781201849,1.0,0.6687211093990755
C0413,0.1140215716486903,0.2835130970724191,0.1140215716486903,0.0,0.08166409861325115
C0414,0.765793528505393,0.48382126348228044,0.7750385208012327,1.0,0.8443759630200308
C0415,0.5053929121725732,0.16640986132511557,0.5500770416024653,1.0,0.4946070878274268
C0416,0.674884437596302,0.4946070878274268,0.7642526964560863,1.0,0.6548536209553159
C0417,0.7303543913713405,0.6486902927580893,0.7611710323574731,1.0,0.7134052388289677
C0418,0.5115562403697997,0.08012326656394453,0.4869029275808937,0.9166666666666666,0.5562403697996918
C0419,0.8151001540832049,0.8813559322033898,0.8120184899845917,1.0,0.7334360554699538
C0420,0.7211093990755008,0.4098613251155624,0.6255778120184899,1.0,0.7611710323574731
C0421,0.5839753466872111,0.28659476117103233,0.5824345146379045,1.0,0.5716486902927581
C0422,0.19722650231124808,0.08628659476117104,0.14637904468412943,0.0,0.21879815100154082
C0423,0.9214175654853621,0.349768875192604,0.9799691833590138,1.0,0.8875192604006163
C0424,0.6610169491525424,0.3728813559322034,0.7334360554699538,1.0,0.6825885978428351
C0425,0.48073959938366717,0.1694915254237288,0.46687211093990755,1.0,0.4946070878274268
C0426,0.8659476117103235,0.7935285053929122,0.8135593220338984,1.0,0.8798151001540832
C0427,0.5115562403697997,0.05701078582434515,0.4437596302003082,1.0,0.5208012326656395
C0428,0.7226502311248074,0.43143297380585516,0.8721109399075501,1.0,0.7442218798151001
C0429,0.7026194144838213,0.5115562403697997,0.8536209553158706,1.0,0.6194144838212635
C0430,0.5130970724191063,0.13559322033898305,0.49768875192604006,1.0,0.5007704160246533
C0431,0.8366718027734977,0.8613251155624037,0.8120184899845917,1.0,0.7904468412942989
C0432,0.2542372881355932,0.07087827426810478,0.2110939907550077,0.08333333333333333,0.2696456086286595
C0433,0.3697996918335901,0.3728813559322034,0.3929121725731895,0.3333333333333333,0.40061633281972264
C0434,0.20647149460708783,0.03543913713405239,0.06933744221879815,0.08333333333333333,0.31124807395993837
C0435,0.699537750385208,0.1679506933744222,0.6594761171032357,1.0,0.7996918335901386
C0436,0.9799691833590138,0.9244992295839753,0.9152542372881356,1.0,0.987673343605547
C0437,0.8058551617873652,0.3405238828967643,0.8859784283513097,1.0,0.9352850539291218
C0438,0.24807395993836673,0.0724191063174114,0.19722650231124808,0.0,0.28197226502311246
C0439,0.5254237288135594,0.13713405238828968,0.47919876733436056,1.0,0.5331278890600925
C0440,0.5377503852080123,0.41756548536209553,0.5947611710323575,1.0,0.4884437596302003
C0441,0.32973805855161786,0.8181818181818182,0.362095531587057,0.08333333333333333,0.29892141756548535
C0442,0.10785824345146379,0.03697996918335902,0.04160246533127889,0.0,0.1263482280431433
C0443,0.8983050847457628,0.50231124807396,0.9060092449922958,1.0,0.9476117103235747
C0444,0.4915254237288136,0.1864406779661017,0.5007704160246533,1.0,0.5315870570107858
C0445,0.5670261941448382,0.1864406779661017,0.5731895223420647,1.0,0.5654853620955316
C0446,0.9460708782742681,0.5161787365177196,0.9476117103235747,1.0,0.9722650231124808
C0447,0.2942989214175655,0.09090909090909091,0.25577812018489987,0.16666666666666666,0.34514637904468415
C0448,0.6594761171032357,0.2711864406779661,0.773497688751926,1.0,0.6610169491525424
C0449,0.19568567026194145,0.5130970724191063,0.22342064714946072,0.0,0.1987673343605547
C0450,0.6194144838212635,0.3389830508474576,0.5778120184899846,1.0,0.6317411402157165
C0451,0.7889060092449923,0.31278890600924497,0.6656394453004623,1.0,0.8212634822804314
C0452,0.8628659476117103,0.4915254237288136,0.8875192604006163,1.0,0.8767334360554699
C0453,0.09244992295839753,0.03697996918335902,0.06933744221879815,0.0,0.12326656394453005
C0454,0.559322033898305,0.15716486902927582,0.5408320493066255,1.0,0.5562403697996918
C0455,0.8335901386748844,0.5577812018489985,0.938366718027735,1.0,0.7981510015408321
C0456,0.20184899845916796,0.10939907550077041,0.21571648690292758,0.0,0.20647149460708783
C0457,0.6117103235747303,0.2696456086286595,0.5978428351309707,1.0,0.6517719568567026
C0458,0.5855161787365177,0.2033898305084746,0.6332819722650231,1.0,0.6147919876733436
C0459,0.7842835130970724,0.6332819722650231,0.7919876733436055,1.0,0.7442218798151001
C0460,0.6810477657935285,0.41448382126348227,0.6979969183359014,1.0,0.7057010785824345
C0461,0.9599383667180277,0.938366718027735,0.9306625577812019,1.0,0.9553158705701078
C0462,0.5408320493066255,0.275808936825886,0.5100154083204931,1.0,0.5100154083204931
C0463,0.74884437596302,0.41294298921417566,0.8412942989214176,1.0,0.8736517719568567
C0464,0.785824345146379,0.7180277349768875,0.7303543913713405,1.0,0.8058551617873652
C0465,0.7349768875192604,0.288135593220339,0.6687211093990755,1.0,0.6887519260400616
C0466,0.17411402157164868,0.060092449922958396,0.13405238828967642,0.0,0.21879815100154082
C0467,0.060092449922958396,0.06779661016949153,0.08782742681047766,0.0,0.061633281972265024
C0468,0.975346687211094,0.4252696456086287,0.9645608628659477,1.0,0.9907550077041603
C0469,0.5454545454545454,0.4714946070878274,0.5408320493066255,1.0,0.49922958397534667
C0470,0.17565485362095531,0.24036979969183359,0.15716486902927582,0.0,0.17411402157164868
C0471,0.21263482280431434,0.11248073959938366,0.20647149460708783,0.0,0.22033898305084745
C0472,0.7519260400616333,0.29583975346687214,0.6440677966101694,1.0,0.6902927580893683
C0473,0.9429892141756548,0.6640986132511556,0.8197226502311248,1.0,0.9645608628659477
C0474,0.6810477657935285,0.4391371340523883,0.7503852080123267,1.0,0.6825885978428351
C0475,0.810477657935285,0.6317411402157165,0.7673343605546995,1.0,0.8243451463790447
C0476,0.8767334360554699,0.810477657935285,0.9537750385208013,1.0,0.7750385208012327
C0477,0.1694915254237288,0.06933744221879815,0.18952234206471494,0.0,0.18489984591679506
C0478,0.9198767334360555,0.8721109399075501,0.9845916795069337,1.0,0.8120184899845917
C0479,0.09861325115562404,0.04930662557781202,0.08320493066255778,0.0,0.12326656394453005
C0480,0.1325115562403698,0.05084745762711865,0.10939907550077041,0.0,0.11556240369799692
C0481,0.7272727272727273,0.7380585516178737,0.8012326656394453,1.0,0.7164869029275809
C0482,0.9583975346687211,0.8659476117103235,0.9183359013867488,1.0,0.9429892141756548
C0483,0.8597842835130971,0.8613251155624037,0.8305084745762712,1.0,0.8305084745762712
C0484,0.7318952234206472,0.15254237288135594,0.7041602465331279,1.0,0.724191063174114
C0485,0.8058551617873652,0.773497688751926,0.6933744221879815,1.0,0.7334360554699538
C0486,0.9738058551617874,0.2110939907550077,0.9953775038520801,1.0,0.9799691833590138
C0487,0.7642526964560863,0.9352850539291218,0.650231124807396,1.0,0.7611710323574731
C0488,0.2295839753466872,0.9060092449922958,0.2526964560862866,0.0,0.24499229583975346
C0489,0.2588597842835131,0.7873651771956857,0.26810477657935283,0.0,0.27889060092449924
C0490,0.4345146379044684,0.44684129429892144,0.4576271186440678,0.6666666666666666,0.41602465331278893
C0491,0.06933744221879815,0.8906009244992296,0.06317411402157165,0.0,0.09861325115562404
C0492,0.05084745762711865,0.9938366718027735,0.06317411402157165,0.0,0.030816640986132512
C0493,0.9476117103235747,0.9784283513097073,0.8736517719568567,1.0,0.9060092449922958
C0494,0.040061633281972264,0.9922958397534669,0.06933744221879815,0.0,0.0662557781201849
C0495,0.07087827426810478,0.5485362095531587,0.1016949152542373,0.0,0.08166409861325115
C0496,0.08936825885978428,0.38366718027734975,0.09399075500770417,0.0,0.11556240369799692
C0497,0.16486902927580893,0.4930662557781202,0.20184899845916796,0.0,0.1987673343605547
C0498,0.4745762711864407,0.8197226502311248,0.5808936825885979,1.0,0.4869029275808937
C0499,0.2696456086286595,0.6117103235747303,0.28043143297380585,0.0,0.25115562403698
C0500,0.3405238828967643,0.5978428351309707,0.3574730354391371,0.08333333333333333,0.300462249614792
C0501,0.49614791987673346,0.9306625577812019,0.5192604006163328,1.0,0.5130970724191063
C0502,0.22650231124807396,0.3020030816640986,0.24036979969183359,0.0,0.23112480739599384
C0503,0.01848998459167951,0.03389830508474576,0.023112480739599383,0.0,0.030816640986132512
C0504,0.38212634822804314,0.724191063174114,0.38058551617873654,0.3333333333333333,0.36363636363636365
C0505,0.04930662557781202,0.0662557781201849,0.032357473035439135,0.0,0.046224961479198766
C0506,0.4591679506933744,0.25577812018489987,0.48536209553158705,0.9166666666666666,0.4776579352850539
C0507,0.0662557781201849,0.34668721109399075,0.09553158705701079,0.0,0.06933744221879815
C0508,0.13097072419106318,0.6040061633281972,0.18952234206471494,0.0,0.1694915254237288
C0509,0.4206471494607088,0.3189522342064715,0.423728813559322,0.8333333333333334,0.4036979969183359
C0510,0.6856702619414484,0.9799691833590138,0.6409861325115562,1.0,0.6240369799691834
C0511,0.04160246533127889,0.9892141756548536,0.04930662557781202,0.0,0.061633281972265024
C0512,0.37750385208012327,0.4530046224961479,0.3312788906009245,0.3333333333333333,0.3667180277349769
C0513,0.29275808936825887,0.6533127889060092,0.30970724191063176,0.08333333333333333,0.33281972265023113
C0514,0.3235747303543914,0.7288135593220338,0.31124807395993837,0.25,0.3405238828967643
C0515,0.4391371340523883,0.8628659476117103,0.46841294298921415,0.9166666666666666,0.42989214175654855
C0516,0.4622496147919877,0.9229583975346687,0.4745762711864407,1.0,0.43759630200308164
C0517,0.37596302003081666,0.49768875192604006,0.3235747303543914,0.25,0.3882896764252696
C0518,0.4422187981510015,0.8782742681047766,0.44684129429892144,0.75,0.4422187981510015
C0519,0.3189522342064715,0.7996918335901386,0.34668721109399075,0.0,0.3204930662557781
C0520,0.40215716486902925,0.9368258859784283,0.39445300462249616,0.4166666666666667,0.3975346687211094
C0521,0.4714946070878274,0.9645608628659477,0.48382126348228044,1.0,0.4576271186440678
C0522,0.02465331278890601,0.03389830508474576,0.046224961479198766,0.0,0.046224961479198766
C0523,0.01848998459167951,0.03389830508474576,0.023112480739599383,0.0,0.030816640986132512
C0524,0.3790446841294299,0.6733436055469953,0.349768875192604,0.3333333333333333,0.38366718027734975
C0525,0.31278890600924497,0.7026194144838213,0.3204930662557781,0.16666666666666666,0.3081664098613251
C0526,0.3050847457627119,0.9537750385208013,0.3559322033898305,0.08333333333333333,0.32819722650231126
C0527,0.49922958397534667,0.4637904468412943,0.551617873651772,1.0,0.4946070878274268
C0528,0.11864406779661017,0.4761171032357473,0.1448382126348228,0.0,0.14791987673343607
C0529,0.35901386748844377,0.9167950693374423,0.37596302003081666,0.16666666666666666,0.3605546995377504
C0530,0.8428351309707242,0.8936825885978429,0.7719568567026194,1.0,0.7935285053929122
C0531,0.2357473035439137,0.9599383667180277,0.3066255778120185,0.0,0.25577812018489987
C0532,0.522342064714946,0.9830508474576272,0.5300462249614792,1.0,0.5238828967642527
C0533,0.4899845916795069,0.522342064714946,0.47303543913713403,1.0,0.5423728813559322
C0534,0.5038520801232665,0.963020030816641,0.5608628659476117,1.0,0.5362095531587057
C0535,0.1926040061633282,0.5331278890600925,0.2110939907550077,0.0,0.1694915254237288
C0536,0.18335901386748846,0.8228043143297381,0.20801232665639446,0.0,0.1694915254237288
C0537,0.9969183359013868,0.9198767334360555,0.9984591679506933,1.0,0.9938366718027735
C0538,0.26810477657935283,0.40061633281972264,0.2850539291217257,0.0,0.2665639445300462
C0539,0.36517719568567025,0.2280431432973806,0.3405238828967643,0.25,0.38058551617873654
C0540,0.386748844375963,0.5824345146379045,0.3312788906009245,0.3333333333333333,0.3929121725731895
C0541,0.24961479198767333,0.6147919876733436,0.2665639445300462,0.0,0.2711864406779661
C0542,0.4699537750385208,0.6594761171032357,0.4869029275808937,0.9166666666666666,0.49614791987673346
C0543,0.362095531587057,0.8520801232665639,0.3605546995377504,0.3333333333333333,0.35130970724191063
C0544,0.15870570107858242,0.47303543913713403,0.20030816640986132,0.0,0.17411402157164868
C0545,0.39599383667180277,0.7534668721109399,0.4052388289676425,0.5,0.40215716486902925
C0546,0.1386748844375963,0.35130970724191063,0.1510015408320493,0.0,0.06933744221879815
C0547,0.14946070878274267,0.613251155624037,0.18181818181818182,0.0,0.19106317411402157
C0548,0.3697996918335901,0.32973805855161786,0.32819722650231126,0.25,0.34514637904468415
C0549,0.22342064714946072,0.5624036979969184,0.21417565485362094,0.0,0.21263482280431434
C0550,0.4437596302003082,0.6086286594761171,0.41294298921417566,0.9166666666666666,0.4406779661016949
C0551,0.3929121725731895,0.3975346687211094,0.3929121725731895,0.5,0.3667180277349769
C0552,0.5654853620955316,0.8120184899845917,0.5901386748844376,1.0,0.5577812018489985
C0553,0.5670261941448382,0.40215716486902925,0.576271186440678,1.0,0.5870570107858244
C0554,0.31432973805855163,0.7195685670261941,0.3189522342064715,0.0,0.3081664098613251
C0555,0.5208012326656395,0.9445300462249615,0.5069337442218799,1.0,0.5161787365177196
C0556,0.9183359013867488,0.987673343605547,0.6702619414483821,1.0,0.9167950693374423
C0557,0.6471494607087828,0.8721109399075501,0.7704160246533128,1.0,0.6394453004622496
C0558,0.337442218798151,0.8582434514637904,0.34514637904468415,0.16666666666666666,0.3359013867488444
C0559,0.16640986132511557,0.9738058551617874,0.1941448382126348,0.0,0.1802773497688752
C0560,0.46533127889060094,0.7750385208012327,0.4221879815100154,1.0,0.4622496147919877
C0561,0.26040061633281975,0.3713405238828968,0.2573189522342065,0.0,0.2727272727272727
C0562,0.07704160246533127,0.46070878274268107,0.07395993836671803,0.0,0.08166409861325115
C0563,0.14637904468412943,0.20647149460708783,0.15408320493066255,0.0,0.1325115562403698
C0564,0.5069337442218799,0.5454545454545454,0.46070878274268107,1.0,0.4899845916795069
C0565,0.34822804314329736,0.884437596302003,0.3543913713405239,0.3333333333333333,0.4098613251155624
C0566,0.3436055469953775,0.8135593220338984,0.3682588597842835,0.25,0.37442218798151
C0567,0.08782742681047766,0.6779661016949152,0.11093990755007704,0.0,0.061633281972265024
C0568,0.01848998459167951,0.03389830508474576,0.023112480739599383,0.0,0.030816640986132512
C0569,0.47919876733436056,0.8597842835130971,0.5038520801232665,1.0,0.47919876733436056
C0570,0.34668721109399075,0.7950693374422187,0.38212634822804314,0.16666666666666666,0.3559322033898305
C0571,0.24345146379044685,0.3605546995377504,0.2727272727272727,0.0,0.23728813559322035
C0572,0.48228043143297383,0.5685670261941448,0.4946070878274268,1.0,0.4761171032357473
C0573,0.032357473035439135,0.03389830508474576,0.029275808936825885,0.0,0.046224961479198766
C0574,0.26348228043143296,0.44838212634822805,0.2588597842835131,0.0,0.27889060092449924
C0575,0.42989214175654855,0.7796610169491526,0.43143297380585516,0.6666666666666666,0.39907550077041604
C0576,0.5084745762711864,0.9691833590138675,0.5285053929121726,1.0,0.5300462249614792
C0577,0.5238828967642527,0.9815100154083205,0.5115562403697997,1.0,0.5469953775038521
C0578,0.3420647149460709,0.7457627118644068,0.349768875192604,0.16666666666666666,0.32819722650231126
C0579,0.061633281972265024,0.16486902927580893,0.07395993836671803,0.0,0.061633281972265024
C0580,0.04776579352850539,0.38212634822804314,0.053929121725731895,0.0,0.030816640986132512
C0581,0.3713405238828968,0.5069337442218799,0.3713405238828968,0.16666666666666666,0.3220338983050847
C0582,0.45454545454545453,0.6471494607087828,0.4391371340523883,1.0,0.4453004622496148
C0583,0.3543913713405239,0.7149460708782742,0.325115562403698,0.25,0.3882896764252696
C0584,0.423728813559322,0.7812018489984591,0.40215716486902925,0.75,0.3405238828967643
C0585,0.10477657935285054,0.8459167950693375,0.1510015408320493,0.0,0.1386748844375963
C0586,0.31124807395993837,0.8397534668721109,0.34514637904468415,0.16666666666666666,0.23728813559322035
C0587,0.49768875192604006,0.5300462249614792,0.5562403697996918,1.0,0.48228043143297383
C0588,0.10939907550077041,0.09244992295839753,0.1140215716486903,0.0,0.10477657935285054
C0589,0.21417565485362094,0.19722650231124808,0.1864406779661017,0.0,0.2049306625577812
C0590,0.38366718027734975,0.5855161787365177,0.3882896764252696,0.5,0.362095531587057
C0591,0.2573189522342065,0.8875192604006163,0.26348228043143296,0.0,0.2280431432973806
C0592,0.6194144838212635,0.8305084745762712,0.576271186440678,1.0,0.6224961479198767
C0593,0.724191063174114,0.9429892141756548,0.6363636363636364,1.0,0.7873651771956857
C0594,0.27889060092449924,0.37442218798151,0.29275808936825887,0.08333333333333333,0.3050847457627119
C0595,0.02465331278890601,0.03389830508474576,0.023112480739599383,0.0,0.046224961479198766
C0596,0.1263482280431433,0.3050847457627119,0.18335901386748846,0.0,0.14791987673343607
C0597,0.325115562403698,0.8412942989214176,0.3359013867488444,0.3333333333333333,0.37750385208012327
C0598,0.5793528505392912,0.9137134052388289,0.5562403697996918,1.0,0.600924499229584
C0599,0.029275808936825885,0.9984591679506933,0.04160246533127889,0.0,0.030816640986132512
C0600,0.4036979969183359,0.8674884437596302,0.4083204930662558,0.5833333333333334,0.41448382126348227
C0601,0.29121725731895226,0.7226502311248074,0.31278890600924497,0.0,0.23882896764252695
C0602,0.5177195685670262,0.9907550077041603,0.522342064714946,1.0,0.44684129429892144
C0603,0.5285053929121726,0.9322033898305084,0.6163328197226502,1.0,0.514637904468413
C0604,0.4453004622496148,0.7889060092449923,0.44838212634822805,0.9166666666666666,0.4514637904468413
C0605,0.29892141756548535,0.9661016949152542,0.3035439137134052,0.08333333333333333,0.349768875192604
C0606,0.43759630200308164,0.4437596302003082,0.4530046224961479,0.5833333333333334,0.4714946070878274
C0607,0.2665639445300462,0.43759630200308164,0.30970724191063176,0.0,0.2280431432973806
C0608,0.2835130970724191,0.5084745762711864,0.2773497688751926,0.08333333333333333,0.27889060092449924
C0609,0.28043143297380585,0.4514637904468413,0.26040061633281975,0.0,0.2665639445300462
C0610,0.01848998459167951,0.03389830508474576,0.023112480739599383,0.0,0.030816640986132512
C0611,0.2172573189522342,0.05238828967642527,0.13405238828967642,0.0,0.23728813559322035
C0612,0.21571648690292758,0.21417565485362094,0.24961479198767333,0.0,0.2280431432973806
C0613,0.17873651771956856,0.5808936825885979,0.1926040061633282,0.0,0.18489984591679506
C0614,0.2727272727272727,0.23882896764252695,0.24345146379044685,0.0,0.2588597842835131
C0615,0.3913713405238829,0.5439137134052389,0.337442218798151,0.4166666666666667,0.3975346687211094
C0616,0.5685670261941448,0.9676425269645609,0.5238828967642527,1.0,0.5439137134052389
C0617,0.08628659476117104,0.49614791987673346,0.1263482280431433,0.0,0.12326656394453005
C0618,0.1510015408320493,0.7596302003081664,0.1864406779661017,0.0,0.15562403697996918
C0619,0.3559322033898305,0.7473035439137135,0.43605546995377503,0.25,0.41140215716486905
C0620,0.05546995377503852,0.45454545454545453,0.06933744221879815,0.0,0.030816640986132512
C0621,0.15562403697996918,0.08166409861325115,0.1263482280431433,0.0,0.1802773497688752
C0622,0.5161787365177196,0.4052388289676425,0.44992295839753466,1.0,0.5038520801232665
C0623,0.41140215716486905,0.8089368258859785,0.41910631741140214,0.5833333333333334,0.4283513097072419
C0624,0.4252696456086287,0.8952234206471494,0.4422187981510015,0.5833333333333334,0.44838212634822805
C0625,0.3020030816640986,0.5963020030816641,0.3543913713405239,0.08333333333333333,0.33281972265023113
C0626,0.3574730354391371,0.6456086286594761,0.37442218798151,0.25,0.3697996918335901
C0627,0.24036979969183359,0.588597842835131,0.25115562403698,0.0,0.1617873651771957
C0628,0.07550077041602465,0.3359013867488444,0.08936825885978428,0.0,0.08782742681047766
C0629,0.28659476117103233,0.7426810477657936,0.2835130970724191,0.0,0.21571648690292758
C0630,0.44684129429892144,0.5377503852080123,0.4453004622496148,1.0,0.4067796610169492
C0631,0.3975346687211094,0.6718027734976888,0.4206471494607088,0.4166666666666667,0.40061633281972264
C0632,0.31587057010785824,0.7103235747303543,0.3220338983050847,0.08333333333333333,0.3405238828967643
C0633,0.5362095531587057,0.5901386748844376,0.48228043143297383,1.0,0.5377503852080123
C0634,0.5485362095531587,0.765793528505393,0.5654853620955316,1.0,0.5654853620955316
C0635,0.3081664098613251,0.8351309707241911,0.29583975346687214,0.08333333333333333,0.2896764252696456
C0636,0.46841294298921415,0.7842835130970724,0.4067796610169492,1.0,0.4745762711864407
C0637,0.18952234206471494,0.4745762711864407,0.21879815100154082,0.0,0.17411402157164868
C0638,0.19106317411402157,0.28197226502311246,0.20030816640986132,0.0,0.1694915254237288
C0639,0.03389830508474576,0.18489984591679506,0.029275808936825885,0.0,0.046224961479198766
C0640,0.01848998459167951,0.03389830508474576,0.023112480739599383,0.0,0.030816640986132512
C0641,0.026194144838212634,0.42989214175654855,0.04160246533127889,0.0,0.030816640986132512
C0642,0.4637904468412943,0.8505392912172574,0.4884437596302003,0.9166666666666666,0.4283513097072419
C0643,0.10015408320493066,0.6563944530046225,0.10939907550077041,0.0,0.09861325115562404
C0644,0.3667180277349769,0.711864406779661,0.3882896764252696,0.4166666666666667,0.3605546995377504
C0645,0.27426810477657937,0.22033898305084745,0.2542372881355932,0.0,0.24499229583975346
C0646,0.2218798151001541,0.3790446841294299,0.24191063174114022,0.0,0.19106317411402157
C0647,0.40061633281972264,0.3667180277349769,0.3420647149460709,0.5,0.4083204930662558
C0648,0.17719568567026195,0.7303543913713405,0.2049306625577812,0.0,0.15562403697996918
C0649,0.02465331278890601,0.03389830508474576,0.023112480739599383,0.0,0.046224961479198766
C0650,0.3066255778120185,0.5100154083204931,0.2896764252696456,0.08333333333333333,0.3574730354391371
C0651,0.4776579352850539,0.6610169491525424,0.46533127889060094,1.0,0.4637904468412943
C0652,0.0724191063174114,0.33281972265023113,0.09399075500770417,0.0,0.061633281972265024
C0653,0.3220338983050847,0.31741140215716485,0.31741140215716485,0.08333333333333333,0.33436055469953774
C0654,0.11556240369799692,0.11864406779661017,0.13405238828967642,0.0,0.14175654853620956
C0655,0.029275808936825885,0.4206471494607088,0.029275808936825885,0.0,0.030816640986132512
C0656,0.3312788906009245,0.8058551617873652,0.32819722650231126,0.25,0.3682588597842835
C0657,0.3204930662557781,0.5916795069337443,0.3035439137134052,0.25,0.31124807395993837
C0658,0.04468412942989214,0.9969183359013868,0.06317411402157165,0.0,0.061633281972265024
C0659,0.02465331278890601,0.03389830508474576,0.05546995377503852,0.0,0.046224961479198766
C0660,0.17103235747303544,0.9768875192604006,0.17257318952234207,0.0,0.14791987673343607
C0661,0.1987673343605547,0.5870570107858244,0.23882896764252695,0.0,0.1802773497688752
C0662,0.300462249614792,0.423728813559322,0.31432973805855163,0.16666666666666666,0.29275808936825887
C0663,0.14021571648690292,0.4083204930662558,0.14791987673343607,0.0,0.11556240369799692
C0664,0.17257318952234207,0.2650231124807396,0.18181818181818182,0.0,0.19106317411402157
C0665,0.43605546995377503,0.551617873651772,0.4514637904468413,0.6666666666666666,0.4560862865947612
C0666,0.1448382126348228,0.2850539291217257,0.17257318952234207,0.0,0.14175654853620956
C0667,0.46687211093990755,0.6348228043143297,0.45454545454545453,1.0,0.46533127889060094
C0668,0.14329738058551617,0.5362095531587057,0.18181818181818182,0.0,0.08782742681047766
C0669,0.09553158705701079,0.17411402157164868,0.09090909090909091,0.0,0.11556240369799692
C0670,0.3882896764252696,0.7688751926040062,0.37442218798151,0.3333333333333333,0.3559322033898305
C0671,0.5993836671802774,0.8212634822804314,0.6209553158705701,1.0,0.5855161787365177
C0672,0.5608628659476117,0.8382126348228043,0.4930662557781202,1.0,0.6055469953775039
C0673,0.24191063174114022,0.9214175654853621,0.275808936825886,0.0,0.2218798151001541
C0674,0.35285053929121724,0.2033898305084746,0.3697996918335901,0.25,0.38058551617873654
C0675,0.5716486902927581,0.7565485362095532,0.5377503852080123,1.0,0.5932203389830508
C0676,0.5007704160246533,0.6902927580893683,0.5130970724191063,1.0,0.48073959938366717
C0677,0.36363636363636365,0.576271186440678,0.3898305084745763,0.16666666666666666,0.34514637904468415
C0678,0.4560862865947612,0.7041602465331279,0.4591679506933744,1.0,0.41294298921417566
C0679,0.20801232665639446,0.2942989214175655,0.22650231124807396,0.0,0.2049306625577812
C0680,0.5346687211093991,0.8536209553158706,0.5531587057010786,1.0,0.5100154083204931
C0681,0.275808936825886,0.9707241910631741,0.27889060092449924,0.0,0.2665639445300462
C0682,0.0970724191063174,0.9491525423728814,0.10631741140215717,0.0,0.08166409861325115
C0683,0.15716486902927582,0.9275808936825886,0.18181818181818182,0.0,0.15562403697996918
C0684,0.5469953775038521,0.9845916795069337,0.4761171032357473,1.0,0.5608628659476117
C0685,0.2896764252696456,0.8243451463790447,0.3035439137134052,0.0,0.2896764252696456
C0686,0.41448382126348227,0.6656394453004623,0.4268104776579353,0.5833333333333334,0.43759630200308164
C0687,0.3266563944530046,0.8073959938366718,0.35901386748844377,0.16666666666666666,0.25115562403698
C0688,0.34514637904468415,0.5423728813559322,0.3790446841294299,0.25,0.31587057010785824
C0689,0.4052388289676425,0.6425269645608629,0.42989214175654855,0.5833333333333334,0.37750385208012327
C0690,0.09399075500770417,0.11556240369799692,0.08782742681047766,0.0,0.1325115562403698
C0691,0.01848998459167951,0.03389830508474576,0.023112480739599383,0.0,0.030816640986132512
C0692,0.01848998459167951,0.03389830508474576,0.023112480739599383,0.0,0.030816640986132512
C0693,0.38058551617873654,0.7704160246533128,0.41756548536209553,0.3333333333333333,0.3728813559322034
C0694,0.41602465331278893,0.5562403697996918,0.41448382126348227,0.8333333333333334,0.41910631741140214
C0695,0.4067796610169492,0.7519260400616333,0.38366718027734975,0.5833333333333334,0.4067796610169492
C0696,0.31741140215716485,0.9152542372881356,0.3667180277349769,0.16666666666666666,0.32819722650231126
C0697,0.35130970724191063,0.9522342064714946,0.3405238828967643,0.08333333333333333,0.28659476117103233
C0698,0.12018489984591679,0.2588597842835131,0.16486902927580893,0.0,0.08782742681047766
C0699,0.11093990755007704,0.4869029275808937,0.12172573189522343,0.0,0.1325115562403698
C0700,0.5546995377503852,0.5254237288135594,0.5084745762711864,1.0,0.539291217257319
C0701,0.040061633281972264,0.03389830508474576,0.04160246533127889,0.0,0.0662557781201849
C0702,0.01848998459167951,0.03389830508474576,0.023112480739599383,0.0,0.030816640986132512
C0703,0.08012326656394453,0.6964560862865947,0.07704160246533127,0.0,0.046224961479198766
C0704,0.15254237288135594,0.09399075500770417,0.1448382126348228,0.0,0.1617873651771957
C0705,0.16024653312788906,0.5932203389830508,0.13559322033898305,0.0,0.1617873651771957
C0706,0.030816640986132512,0.16024653312788906,0.032357473035439135,0.0,0.061633281972265024
C0707,0.2110939907550077,0.7765793528505393,0.22496147919876733,0.0,0.1987673343605547
C0708,0.01848998459167951,0.03389830508474576,0.023112480739599383,0.0,0.030816640986132512
C0709,0.11248073959938366,0.5285053929121726,0.1633281972265023,0.0,0.09861325115562404
C0710,0.23882896764252695,0.5053929121725732,0.23266563944530047,0.0,0.23728813559322035
C0711,0.2033898305084746,0.1941448382126348,0.2357473035439137,0.0,0.18489984591679506
C0712,0.5331278890600925,0.6101694915254238,0.5315870570107858,1.0,0.5485362095531587
C0713,0.39907550077041604,0.6302003081664098,0.3852080123266564,0.4166666666666667,0.4221879815100154
C0714,0.6178736517719569,0.9460708782742681,0.5916795069337443,1.0,0.6209553158705701
C0715,0.4221879815100154,0.8736517719568567,0.4345146379044684,0.8333333333333334,0.41756548536209553
C0716,0.25577812018489987,0.5778120184899846,0.28659476117103233,0.0,0.25115562403698
C0717,0.13559322033898305,0.5639445300462249,0.1617873651771957,0.0,0.1694915254237288
C0718,0.4283513097072419,0.48073959938366717,0.39907550077041604,0.9166666666666666,0.4206471494607088
C0719,0.3359013867488444,0.4268104776579353,0.40061633281972264,0.16666666666666666,0.29738058551617874
C0720,0.37442218798151,0.38058551617873654,0.3975346687211094,0.16666666666666666,0.31278890600924497
C0721,0.11710323574730354,0.1140215716486903,0.10631741140215717,0.0,0.1386748844375963
C0722,0.12480739599383667,0.5654853620955316,0.1263482280431433,0.0,0.08166409861325115
C0723,0.551617873651772,0.847457627118644,0.5331278890600925,1.0,0.5269645608628659
C0724,0.3389830508474576,0.8443759630200308,0.37750385208012327,0.08333333333333333,0.3204930662557781
C0725,0.41756548536209553,0.7981510015408321,0.4406779661016949,0.5,0.4345146379044684
C0726,0.29583975346687214,0.6286594761171033,0.2942989214175655,0.08333333333333333,0.3559322033898305
C0727,0.650231124807396,0.9090909090909091,0.6317411402157165,1.0,0.6533127889060092
C0728,0.7057010785824345,0.9722650231124808,0.6117103235747303,1.0,0.7072419106317411
C0729,0.26194144838212635,0.6841294298921418,0.2727272727272727,0.08333333333333333,0.31587057010785824
C0730,0.03543913713405239,1.0,0.04160246533127889,0.0,0.030816640986132512
C0731,0.09553158705701079,0.13405238828967642,0.10939907550077041,0.0,0.12326656394453005
C0732,0.01848998459167951,0.03389830508474576,0.023112480739599383,0.0,0.030816640986132512
C0733,0.09090909090909091,0.5315870570107858,0.0970724191063174,0.0,0.09861325115562404
C0734,0.04160246533127889,0.4052388289676425,0.029275808936825885,0.0,0.046224961479198766
C0735,0.029275808936825885,0.23266563944530047,0.023112480739599383,0.0,0.030816640986132512
C0736,0.30970724191063176,0.4036979969183359,0.2696456086286595,0.08333333333333333,0.3050847457627119
C0737,0.28197226502311246,0.34514637904468415,0.2650231124807396,0.0,0.2942989214175655
C0738,0.15408320493066255,0.13097072419106318,0.1694915254237288,0.0,0.1987673343605547
C0739,0.4083204930662558,0.7919876733436055,0.4560862865947612,0.75,0.3913713405238829
C0740,0.1679506933744222,0.8567026194144838,0.21879815100154082,0.0,0.11556240369799692
C0741,0.2850539291217257,0.41910631741140214,0.275808936825886,0.0,0.28659476117103233
C0742,0.3728813559322034,0.9291217257318952,0.39599383667180277,0.4166666666666667,0.29738058551617874
C0743,0.4530046224961479,0.9953775038520801,0.4637904468412943,0.9166666666666666,0.44992295839753466
C0744,0.6456086286594761,0.9121725731895224,0.6332819722650231,1.0,0.6409861325115562
C0745,0.3898305084745763,0.8012326656394453,0.33436055469953774,0.4166666666666667,0.3898305084745763
C0746,0.41294298921417566,0.23266563944530047,0.3667180277349769,0.75,0.3975346687211094
C0747,0.5315870570107858,0.6194144838212635,0.5685670261941448,0.8333333333333334,0.6271186440677966
C0748,0.18181818181818182,0.9476117103235747,0.23266563944530047,0.0,0.20184899845916796
C0749,0.01848998459167951,0.03389830508474576,0.023112480739599383,0.0,0.030816640986132512
C0750,0.4406779661016949,0.7057010785824345,0.4699537750385208,0.8333333333333334,0.45454545454545453
