row_id,doc_id,policy_group,date,title,publisher,url,original_category_id,policy_form,start,end,quote,category_id,name,similarity,candidate_id,retrieval_basis,review_state,decision,support_strength,issue_year,issue_date_reviewed,review_reason,unit_id,unit_name,reviewer
5112976,policy:a14b321c0ac0281206e864d3,PGb9ba6e943b8bc238,2026-03-27,关于印发《山东省促进虚拟电厂高质量发展方案》的通知,山东省能源局,http://nyj.shandong.gov.cn/art/2026/3/27/art_59960_10311577.html,C0246,政策或规则文本,7445.0,7508.0,"强化虚拟电厂源头管控,制定虚拟 电厂资源聚合、系统建设、基线获取、数据交互、安全防护等技 术标准,严格虚拟电厂接入和运行管理。",C0246,虚拟电厂资源聚合与调度,0.3236674146,3fd1202463307495,当前750类别词项检索,未复核，不能计为支持,采用,2,2026.0,2026-03-26,本轮重读：条款明确对应统一定义的部署/运行或系统应用；同政策组仅计一次,U0246,虚拟电厂资源聚合、调度与市场履约,Codex辅助条款复核，非独立专家
5115723,policy:e6c773ad157ddd142c3557db,PGac6aa0c45898145a,2026-05-28,河北省发展和改革委员会关于印发《河北省2026年电力负荷管理工作方案》的通知,河北省发展和改革委员会,https://hbdrc.hebei.gov.cn/xxgk_2232/zc/wzcwj/202606/t20260615_135806.html,C0006,政策或规则文本,4183.0,4242.0,"省负荷管理中心结合虚拟电厂建设契机,研究引导虚拟电厂聚合需求侧资源参与削峰填谷的电能量市场机制,服务常态参与市场调节。",C0246,虚拟电厂资源聚合与调度,0.3156344937,3414ae777b01067f,当前750类别词项检索,未复核，不能计为支持,采用,2,2026.0,2026-05-28,本轮重读：条款明确对应统一定义的部署/运行或系统应用；同政策组仅计一次,U0246,虚拟电厂资源聚合、调度与市场履约,Codex辅助条款复核，非独立专家
5118316,policy:42c08185184dae88822ab784,PG7d274c67283d6ea9,2026-04-27,山西省人民政府办公厅关于印发山西省加快能源绿色低碳转型发展实施方案的通知,山西省人民政府办公厅,https://www.shanxi.gov.cn/zcwjk/bgtwj/202604/t20260427_10111833.shtml,C0039,政策或规则文本,22520.0,23084.0,"廊道.(省交通厅、省生态环境厅、省能源局等按照 职责分工负责) 57􀆰深化落实我省支持算电协同高质量发展若干措施等政 策,加快绿色算力新型基础设施建设,推动算力中心与新能源协同 发展,力争打造具有全国影响力的绿色算力中心.支持算力企业 与新能源发电企业签订多年期绿电交易协议,稳定算电双方长期 市场预期.鼓励算力中心通过虚拟电厂、智能微电网等运营模式, 提升算电项目自平衡和协同运行能力.探索开展对绿电全过程关 键数据集成存证,支持算力企业绿电消费溯源.(省数据局、省发 展改革委、省能源局、国网山西电力等按照职责分工负责) 四、创新能源绿色低碳发展政策机制 (十四)稳步提升能源科技创新能力 58􀆰依托怀柔实验室山西研究院、中科院山西煤化所、省校合 作机构等各类创新资源,主动承担国家重大科研任务,争取煤炭、 智能电网、油气、深地等国家科技重大专项落地山西有重大突破. (省科技厅、省自然资源厅、国网山西电力等按照职责分工负责) 59􀆰组织开展能源领域首台(套)项目申报工作,争取更多项 目纳入国家首台(套)清单.开展省级能源领域首台(套)重大技术 装备评定.通过省科技计划项目,支持企业、科研院所、高校联合 开展重大技术装备攻关.(省能源局、省科技厅等按照职责分工负 责) — 8 1 — 60􀆰统筹省实验室、省重点实验室、",C0246,虚拟电厂资源聚合与调度,0.0,244e5730724aaa9e,既有已读条款，需按当前类别重核,未复核，不能计为支持,采用,2,2026.0,2026-04-10,本轮重读：条款明确对应统一定义的部署/运行或系统应用；同政策组仅计一次,U0246,虚拟电厂资源聚合、调度与市场履约,Codex辅助条款复核，非独立专家
5112985,policy:4f837989f36ea285735d3dea,PG0c5b3c750cbcc373,2026-07-07,关于印发《山东省虚拟电厂建设运行管理办法》的通知,山东省能源局,http://nyj.shandong.gov.cn/art/2026/7/7/art_354539_10312576.html,C0246,政策或规则文本,467.0,862.0," 山东省发展和改革委员会 山东省能源局 【第2页】 (此页无正文) 国家 监 公室 家 2026年6月2 【第3页】 — 3 — 山东省虚拟电厂建设运行管理办法 第一章 总 则 第一条 为加强虚拟电厂及其聚合资源服务,鼓励各类市场 主体积极参与虚拟电厂建设,提升源网荷储高效互动水平,有效 支撑全省能源绿色低碳发展和新型电力系统建设,依据国家发展 改革委国家能源局《关于加快推进虚拟电厂发展的指导意见》 (发改能源〔2025〕357 号)、《关于支持电力领域新型经营主 体创新发展的指导意见》(国能发法改〔2024〕93 号)、《电 力需求侧管理办法(2023 年版)》(发改运行规〔2023〕1283 号)、《虚拟电厂管理规范》(GB/T 44241-2024)、《虚拟电 厂资源配置与评估技术规范》(GB/T 44260-2024),以及国家 相关法律法规,结合山东省实际,制定本办法。",C0246,虚拟电厂资源聚合与调度,0.1325042696639985,9a1120d35e8c617c,当前750类别词项检索,未复核，不能计为支持,采用,2,2026.0,2026-06-05,本轮重读：条款明确对应统一定义的部署/运行或系统应用；同政策组仅计一次,U0246,虚拟电厂资源聚合、调度与市场履约,Codex辅助条款复核，非独立专家
5112976,policy:a14b321c0ac0281206e864d3,PGb9ba6e943b8bc238,2026-03-27,关于印发《山东省促进虚拟电厂高质量发展方案》的通知,山东省能源局,http://nyj.shandong.gov.cn/art/2026/3/27/art_59960_10311577.html,C0246,政策或规则文本,2950.0,3004.0,"制定《山东省虚拟电厂建设运行管理办法》,明确虚拟电厂全流程业务要求,规范和指导虚拟电厂建设、运营和管理工作。",C0246,虚拟电厂资源聚合与调度,0.1634546190642689,66edb2c058569e3d,当前750类别词项检索,未复核，不能计为支持,采用,2,2026.0,2026-03-26,本轮重读：条款明确对应统一定义的部署/运行或系统应用；同政策组仅计一次,U0246,虚拟电厂资源聚合、调度与市场履约,Codex辅助条款复核，非独立专家
5113836,policy:a21e152d7039da228a4eb2eb,PG5ac3fa0f783a35bd,2026-08-04,北京市发展和改革委员会关于公开征集北京市2026年新能源供热新技术的通知,北京市发展和改革委员会,https://fgw.beijing.gov.cn/fgwzwgk/2024zcwj/bwqtwj/202608/t20260804_4808656.htm,C0442,项目名单或行政实施,446.0,568.0, 二、征集要求 (一)技术范围 技术范围包括浅层地源热泵(不含水源热泵)、中深层水热型地热、中深层井下换热型地热、再生水(污水)源热泵、生物质供热、工业余热利用、绿电蓄热、绿氢供热、集中式空气源热泵供热及以新能源为主的多能耦合能源系统创新技术。,C0650,空气源热泵,0.3168497698,35df2953a159a114,当前750类别词项检索,未复核，不能计为支持,采用,2,2026.0,2026-08-03,本轮重读：条款明确对应统一定义的部署/运行或系统应用；同政策组仅计一次,U0650,空气源热泵设备、运行与系统应用,Codex辅助条款复核，非独立专家
5113835,policy:6c37a3bfc3dd6da9e4100797,PGcce94a18e35ebd3a,2026-08-04,北京市发展和改革委员会关于公开征集市政府固定资产投资支持新能源供热项目的通知,北京市发展和改革委员会,https://fgw.beijing.gov.cn/fgwzwgk/2024zcwj/bwqtwj/202608/t20260804_4808639.htm,C0434,项目名单或行政实施,120.0,249.0,浅层地源热泵(不含水源热泵)、中深层水热型地热、中深层井下换热型地热、再生水源热泵、污水源热泵、生物质供热、城市和工业余热利用(鼓励优先应用低碳热泵技术)、绿电蓄热、绿氢供热、城镇集中式空气源热泵和新能源多能耦合综合能源站以及创新应用新技术等新能源供热系统。,C0650,空气源热泵,0.3054981489,ab8fb64417418e8d,当前750类别词项检索,未复核，不能计为支持,采用,2,2026.0,2026-08-03,本轮重读：条款明确对应统一定义的部署/运行或系统应用；同政策组仅计一次,U0650,空气源热泵设备、运行与系统应用,Codex辅助条款复核，非独立专家
5113835,policy:6c37a3bfc3dd6da9e4100797,PGcce94a18e35ebd3a,2026-08-04,北京市发展和改革委员会关于公开征集市政府固定资产投资支持新能源供热项目的通知,北京市发展和改革委员会,https://fgw.beijing.gov.cn/fgwzwgk/2024zcwj/bwqtwj/202608/t20260804_4808639.htm,C0434,项目名单或行政实施,133.0,398.0,")、中深层水热型地热、中深层井下换热型地热、再生水源热泵、污水源热泵、生物质供热、城市和工业余热利用(鼓励优先应用低碳热泵技术)、绿电蓄热、绿氢供热、城镇集中式空气源热泵和新能源多能耦合综合能源站以及创新应用新技术等新能源供热系统。 (二)支持范围。新能源供热系统的取热装置及配套设施,供热设备机房,热泵机组及配套设施,供热设备机房至用户建筑间一次管网,与综合能源站同步建设的储能、智能控制监测系统等。 (三)支持比例。对新能源供热装机占比达到60%及以上的新能源供热新建及改扩建项目,给予新能源建设投资30%的市政府固定资产投资",C0650,空气源热泵,0.0,8fe08e0ff21a6ddf,专项词项条款补查,未复核,采用,2,2026.0,2026-08-03,本轮重读：条款明确对应统一定义的部署/运行或系统应用；同政策组仅计一次,U0650,空气源热泵设备、运行与系统应用,Codex辅助条款复核，非独立专家
5113836,policy:a21e152d7039da228a4eb2eb,PG5ac3fa0f783a35bd,2026-08-04,北京市发展和改革委员会关于公开征集北京市2026年新能源供热新技术的通知,北京市发展和改革委员会,https://fgw.beijing.gov.cn/fgwzwgk/2024zcwj/bwqtwj/202608/t20260804_4808656.htm,C0442,项目名单或行政实施,460.0,725.0,"围 技术范围包括浅层地源热泵(不含水源热泵)、中深层水热型地热、中深层井下换热型地热、再生水(污水)源热泵、生物质供热、工业余热利用、绿电蓄热、绿氢供热、集中式空气源热泵供热及以新能源为主的多能耦合能源系统创新技术。 (二)技术条件 1.先进性和创新性。申报技术需在综合能源利用、供热系统效率、智慧运行管理、节能降碳效果、环境影响评价等方面有一定创新性,申报单位拥有专利或自主知识产权,能引领新能源供热技术发展方向。 2.成熟度与可靠性。技术应完成研发并至少在一个项目中成功应用,具有稳定运行的工程案例,能提供相关证明材料,如项目",C0650,空气源热泵,0.0,383df38c585f7164,专项词项条款补查,未复核,采用,2,2026.0,2026-08-03,本轮重读：条款明确对应统一定义的部署/运行或系统应用；同政策组仅计一次,U0650,空气源热泵设备、运行与系统应用,Codex辅助条款复核，非独立专家
5118316,policy:42c08185184dae88822ab784,PG7d274c67283d6ea9,2026-04-27,山西省人民政府办公厅关于印发山西省加快能源绿色低碳转型发展实施方案的通知,山西省人民政府办公厅,https://www.shanxi.gov.cn/zcwjk/bgtwj/202604/t20260427_10111833.shtml,C0039,政策或规则文本,7889.0,8154.0,"清洁供暖 45.推动热源多元化,加强工业余热供暖,因地制宜发展生物质能、地热能及太阳能供热,在具备条件的区域优先实施集中式可再生能源供暖项目。推进蓄热式电锅炉、空气源热泵等技术在农村地区的应用。(省自然资源厅、省发展改革委、省住建厅等按照职责分工负责) 46.制定地热供暖城市级突破工作方案,优化审批流程,强化政策支持,攻关同层等量回灌关键技术,实施城市级地热资源精细化评价,在地热利用适宜区加快项目谋划与建设,推广“地热+”多能互补模式,提升我省地热能供暖占比,力争到2030年达到1亿平方米。(省自然资源厅、省科技厅、省发展改",C0650,空气源热泵,0.0,6c6f7459c91da909,专项词项条款补查,未复核,采用,2,2026.0,2026-04-10,本轮重读：条款明确对应统一定义的部署/运行或系统应用；同政策组仅计一次,U0650,空气源热泵设备、运行与系统应用,Codex辅助条款复核，非独立专家
5114945,policy:6a8d15c41739ac78e7f3dc80,PG6c583acfca3795b4,2026-04-16,关于印发《上海市2026年碳达峰碳中和及节能减排重点工作安排》的通知,上海市发展和改革委员会,https://fgw.sh.gov.cn/fgw_zyjyhhjbh/20260416/28bc161eae9049b9853ea0e5c6b7305f.html,C0477,政策或规则文本,11993.0,12258.0,"项目范围,基本实现本市三 星级绿色建筑应用绿色建材比例达到30%以上 年内完成 市住房城乡建设 管理委 各区 51 推动光伏+、门窗保温性能、外遮阳、高效机房、空气源热泵、 高效照明等建筑节能降碳专项行动 全年推进 市住房城乡建设 管理委 各区 52 开展公共建筑、教育、卫生、旅游、商务等领域重点用能单位能 效监管 持续推进 市机管局、市教 委、市卫生健康 委、市文旅局、 市商务委 各区 53 持续推进绿色商场、绿色餐厅等,开展校园绿色低碳宣传教育 持续推进 市商务委、市教 委 各区 六 加速 推动 交通 领域 节能 降碳 ",C0650,空气源热泵,0.0,824208d76c869915,专项词项条款补查,未复核,采用,2,2026.0,2026-04-15,本轮重读：条款明确对应统一定义的部署/运行或系统应用；同政策组仅计一次,U0650,空气源热泵设备、运行与系统应用,Codex辅助条款复核，非独立专家
5114003,policy:6608c5ae9666daf35054ce66,PG5893eb51fbe74f74,2026-07-09,福建省发展和改革委员会关于印发《福建省推进“人工智能+”能源创新发展行动方案(2026—2030年)》的通知,福建省发展和改革委员会,https://fgw.fujian.gov.cn/zwgk/fgzd/sfgwgfxwj/202607/t20260709_7175990.htm,,,,,"( 六 ) “ 人工智能 +”水电。 立足全省水电资源与流域气候特征,推进水电全流程智能化升级。针对抽水蓄能复杂场景,实现工程智能化设计、施工与设备调试。构建气象水文耦合预测大模型,预判台风暴雨引发的水情波动。通过流域站群智能调度,优化水资源时空配置。融合多源感知与知识图谱,实现设备全生命周期健康管理与智能诊断。搭建大坝智慧安全管控体系,实现病害早期识别与精准防控。 ",C0356,,,,,,采用,3,2026.0,2026-07-07,水电设备全生命周期健康管理和诊断明确采用知识图谱,U0356_KG,电力知识图谱与知识问答,Codex辅助条款复核，非独立专家
5114003,policy:6608c5ae9666daf35054ce66,PG5893eb51fbe74f74,2026-07-09,福建省发展和改革委员会关于印发《福建省推进“人工智能+”能源创新发展行动方案(2026—2030年)》的通知,福建省发展和改革委员会,https://fgw.fujian.gov.cn/zwgk/fgzd/sfgwgfxwj/202607/t20260709_7175990.htm,,,,,"( 四 ) “ 人工智能 +”核电。 依托核电产业优势,加快以智能化筑牢安全底线。构建核电智能安全管控系统,实现运行事件溯源、风险预警与智能应急响应。研发核电专属大模型,赋能设备监测、故障诊断与自动启停,依托特种机器人替代高危作业。基于三维模型实现设计、施工、运维全周期数据贯通。推进核能供汽、供热、制氢等场景智能化升级,助力核电向综合能源服务转型。 ",C0356,,,,,,采用,3,2026.0,2026-07-07,核电专属大模型明确赋能设备监测、故障诊断与启停,U0356_LLM,电力大模型辅助决策与运维,Codex辅助条款复核，非独立专家
5112979,policy:a87d278d035f0b020a838e00,PGcef8793fc07c31ad,2026-06-04,关于印发《关于深入推进山东省“人工智能+”能源高质量发展的实施方案》的通知,山东省能源局,http://nyj.shandong.gov.cn/art/2026/6/4/art_354539_10312174.html,,,,,"4.电力交易智能预测与辅助决策智能体 | 构建多阶段动态学习与电力市场博弈仿真机制,量化电价响应规律,形成“外部条件-博弈-电价”联动逻辑,打造多模态大模型驱动的智能决策体系。 | | ",C0356,,,,,,采用,3,2026.0,2026-05-08,电力交易任务明确采用多模态大模型，不从一般智能决策外推,U0356_LLM,电力大模型辅助决策与运维,Codex辅助条款复核，非独立专家
5112979,policy:a87d278d035f0b020a838e00,PGcef8793fc07c31ad,2026-06-04,关于印发《关于深入推进山东省“人工智能+”能源高质量发展的实施方案》的通知,山东省能源局,http://nyj.shandong.gov.cn/art/2026/6/4/art_354539_10312174.html,,,,,"5.城市级聚合式虚拟电厂智能调控体系 | 聚焦虚拟电厂资源协同与负荷预测提升,整合分布式光伏、储冷热、充电桩、可调负荷等资源,实现负荷精准预判、资源优化匹配与动态调度;增强峰谷调节、新能源消纳及电力交易能力,推动虚拟电厂向主动优化运营转型。 | | ",C0246,,,,,,采用,3,2026.0,2026-05-08,明确虚拟电厂资源聚合、负荷预测和调度研发任务,U0246,虚拟电厂资源聚合、调度与市场履约,Codex辅助条款复核，非独立专家
5114003,policy:6608c5ae9666daf35054ce66,PG5893eb51fbe74f74,2026-07-09,福建省发展和改革委员会关于印发《福建省推进“人工智能+”能源创新发展行动方案(2026—2030年)》的通知,福建省发展和改革委员会,https://fgw.fujian.gov.cn/zwgk/fgzd/sfgwgfxwj/202607/t20260709_7175990.htm,,,,,"鼓励虚拟电厂建设运营,实现分布式光伏、储能等柔性资源聚合调控与智慧交易。",C0246,,,,,,采用,2,2026.0,2026-07-07,明确虚拟电厂柔性资源聚合与交易部署,U0246,虚拟电厂资源聚合、调度与市场履约,Codex辅助条款复核，非独立专家
5114003,policy:6608c5ae9666daf35054ce66,PG5893eb51fbe74f74,2026-07-09,福建省发展和改革委员会关于印发《福建省推进“人工智能+”能源创新发展行动方案(2026—2030年)》的通知,福建省发展和改革委员会,https://fgw.fujian.gov.cn/zwgk/fgzd/sfgwgfxwj/202607/t20260709_7175990.htm,C0353,政策或规则文本,886.0,927.0,"构建新能源智能运营决策系统,集成电价预测、储能调度、交易优化功能,提升市场化收益。",C0356,电力知识处理与智能决策系统,0.1970716971,e9a43f1eb5bcf6e2,既有已读条款，需按当前类别重核,未复核，不能计为支持,不采用,0,2026.0,2026-07-07,旧条款只写智能运营决策，未明确知识图谱或大模型；改用另行实际阅读的任务条款,U0356_KG,电力知识图谱与知识问答,
5114003,policy:6608c5ae9666daf35054ce66,PG5893eb51fbe74f74,2026-07-09,福建省发展和改革委员会关于印发《福建省推进“人工智能+”能源创新发展行动方案(2026—2030年)》的通知,福建省发展和改革委员会,https://fgw.fujian.gov.cn/zwgk/fgzd/sfgwgfxwj/202607/t20260709_7175990.htm,C0353,政策或规则文本,886.0,927.0,"构建新能源智能运营决策系统,集成电价预测、储能调度、交易优化功能,提升市场化收益。",C0356,电力知识处理与智能决策系统,0.1970716971,e9a43f1eb5bcf6e2,既有已读条款，需按当前类别重核,未复核，不能计为支持,不采用,0,2026.0,2026-07-07,旧条款只写智能运营决策，未明确知识图谱或大模型；改用另行实际阅读的任务条款,U0356_LLM,电力大模型辅助决策与运维,
5117664,policy:29a1acc2f0ec560708d48f08,PG6bb4e08df0d3898c,2026-03-20,《 节能装备高质量发展实施方案(2026—2028年)》,工业和信息化部 国家发展改革委 国务院国资委 国家能源局,https://www.gov.cn/zhengce/zhengceku/202603/content_7063339.htm,,,,,"备实时运行参数。结合网络拓扑技术,打通设备、网络、 能耗、负载、工艺参数等数据壁垒,推动建设多模态、高精度的 高质量数据集。基于数据集特点进行模型基础架构选择与模型训 练调优,测试模型能力后进行生产环境部署与持续更新迭代,构 建具备节能装备多模态数据提取分析、节能策略智能问答、节能 装备知识持续学习、人机交互便捷等能力的大模型。 (十二)创新发展高效节能智能设备。加快应用仿真模拟软 件、虚拟现实、数字孪生等先进技术,提升节能装备设计制造智 11 能化水平。推广智能电机、智能变压器、智能天线、智慧电源柜 等智能化设备,通过配置智能传感器、智能控制器、智能算法等, 实现装备运行数据的实时采集与处理。推动边缘计算能力与",C0356,,,,,,不采用,0,2026.0,2026-02-13,泛节能装备问答，不能直接证明电力技术运行任务支持,U0356_KG,电力知识图谱与知识问答,
5117664,policy:29a1acc2f0ec560708d48f08,PG6bb4e08df0d3898c,2026-03-20,《 节能装备高质量发展实施方案(2026—2028年)》,工业和信息化部 国家发展改革委 国务院国资委 国家能源局,https://www.gov.cn/zhengce/zhengceku/202603/content_7063339.htm,,,,,"备实时运行参数。结合网络拓扑技术,打通设备、网络、 能耗、负载、工艺参数等数据壁垒,推动建设多模态、高精度的 高质量数据集。基于数据集特点进行模型基础架构选择与模型训 练调优,测试模型能力后进行生产环境部署与持续更新迭代,构 建具备节能装备多模态数据提取分析、节能策略智能问答、节能 装备知识持续学习、人机交互便捷等能力的大模型。 (十二)创新发展高效节能智能设备。加快应用仿真模拟软 件、虚拟现实、数字孪生等先进技术,提升节能装备设计制造智 11 能化水平。推广智能电机、智能变压器、智能天线、智慧电源柜 等智能化设备,通过配置智能传感器、智能控制器、智能算法等, 实现装备运行数据的实时采集与处理。推动边缘计算能力与",C0356,,,,,,不采用,0,2026.0,2026-02-13,泛节能装备问答，不能直接证明电力技术运行任务支持,U0356_LLM,电力大模型辅助决策与运维,
