unit_id,row_id,applicant_names
U0246,4876114,东南大学; 国网电力科学研究院有限公司
U0246,4876296,广州粤信科技有限公司
U0246,4876741,清华大学
U0246,4876879,兖矿售电有限公司; 山东华聚能源股份有限公司
U0246,4877158,山东云是能源科技有限公司
U0246,4877200,南京中汇电气科技有限公司
U0246,4877237,南京工业大学
U0246,4877371,国家电网有限公司华东分部
U0246,4877602,国网湖北省电力有限公司营销服务中心(计量中心)
U0246,4877969,广东比奔新能源有限公司
U0246,4878020,日照港集装箱发展有限公司动力分公司
U0246,4878191,广州中科智巡科技有限公司
U0246,4878202,上海交通大学; 国网上海市电力公司
U0246,4878351,滨州新能碳排放管理有限公司
U0246,4878449,南京南瑞继保工程技术有限公司; 常州博瑞电力自动化设备有限公司; 南京南瑞继保电气有限公司
U0246,4878602,国能(陕西)能源销售有限公司
U0246,4878873,广东工业大学
U0246,4878900,广东永光聚合商科技有限公司; 广东永光新能源科技有限公司
U0246,4879414,广州汇能电力科技有限公司
U0246,4880215,铁塔能源有限公司山东分公司
U0246,4880216,铁塔能源有限公司山东分公司
U0246,4880248,武汉易晨创想科技有限公司
U0246,4880312,苏州通合智慧能源有限公司
U0246,4880331,山东大学
U0246,4880440,湖北华辰九州能源有限公司
U0246,4880897,南京师范大学
U0246,4880906,集睿思检测技术服务(珠海)有限公司
U0246,4880907,艺唯科技股份有限公司
U0246,4881163,湖州南浔新晟光伏科技有限公司
U0246,4881173,东北电力大学
U0246,4881537,江苏聚腾新能源科技有限公司
U0246,4881569,浙江卓阳能源集团有限公司
U0246,4881767,南京南自华盾数字技术有限公司
U0246,4881994,徐州市虚拟电厂科技有限公司; 铜山华润电力有限公司; 江苏彭城投资管理有限公司
U0246,4882195,南方电网综合能源股份有限公司
U0246,4882288,广东凡特科技有限公司
U0246,4882353,广东南泰能源科技有限公司
U0246,4883460,上海联元智能科技有限公司
U0246,4883487,深圳永泰数能科技有限公司
U0246,4883514,广东永光聚合商科技有限公司; 广东永光新能源科技有限公司
U0246,4883788,山东国电投能源营销有限公司; 国家电投集团山东能源发展有限公司
U0246,4883805,山东国电投能源营销有限公司; 国家电投集团山东能源发展有限公司
U0246,4883907,华能格尔木光伏发电有限公司
U0246,4884023,浙江八达电子仪表有限公司
U0246,4884189,国网上海能源互联网研究院有限公司
U0246,4884464,上海交通大学
U0246,4884672,国网山东综合能源服务有限公司; 山东腾翼电力科技有限公司
U0246,4884749,上海联元智能科技有限公司
U0246,4884766,中国长江三峡集团有限公司
U0246,4884792,国网浙江省电力有限公司营销服务中心; 中国电力科学研究院有限公司; 国网浙江省电力有限公司
U0246,4885052,新疆倚莱克特电力科技有限公司
U0246,4885053,新疆倚莱克特电力科技有限公司
U0246,4885110,中国能源建设集团江苏省电力设计院有限公司
U0246,4885602,北京化工大学
U0246,4885774,云南电网有限责任公司
U0246,4885943,中国长江三峡集团有限公司
U0246,4886048,齐鲁工业大学(山东省科学院); 山东省计算中心(国家超级计算济南中心)
U0246,4886080,云南电网有限责任公司
U0246,4886756,贵州电网有限责任公司
U0246,4886919,国网经济技术研究院有限公司; 国网浙江省电力有限公司衢州供电公司
U0246,4887133,内蒙古科技大学; 内蒙古北方稀土新材料技术创新有限公司
U0246,4887436,中国长江三峡集团有限公司
U0246,4887514,内蒙古国龙能源管理有限责任公司
U0246,4887628,国电投(四川)能源服务有限公司
U0246,4887670,新疆远效科技创新有限公司
U0246,4887689,国电南瑞科技股份有限公司
U0246,4887994,南方电网科学研究院有限责任公司
U0246,4888087,南京邮电大学
U0246,4888294,国网电力科学研究院武汉能效测评有限公司; 国网电力科学研究院有限公司; 国网上海市电力公司; 国家电网有限公司
U0246,4888368,南方电网调峰调频(广东)储能科技有限公司
U0246,4888369,南方电网调峰调频(广东)储能科技有限公司
U0246,4888372,南方电网调峰调频(广东)储能科技有限公司
U0246,4888532,合肥原力众合能源科技有限公司
U0246,4888577,北京京能数字科技有限公司
U0246,4888889,国网山东省电力公司济南供电公司; 华北电力大学(保定)
U0246,4889277,广东工业大学
U0246,4889357,国电南瑞科技股份有限公司
U0246,4890147,国网山东省电力公司济南供电公司; 华北电力大学(保定)
U0246,4890410,国网四川省电力公司成都供电公司
U0246,4890441,南方电网调峰调频(广东)储能科技有限公司
U0246,4890444,国网浙江省电力有限公司电力科学研究院
U0246,4890559,深圳供电局有限公司
U0246,4890566,深圳供电局有限公司
U0246,4890610,国网山东省电力公司金乡县供电公司; 国网山东省电力公司济宁供电公司
U0246,4890870,慧电科技(苏州)有限公司; 固德威技术股份有限公司
U0246,4931215,湖南大唐先一科技有限公司
U0246,4931263,国网青海省电力公司电力科学研究院; 国网青海省电力公司
U0246,4931316,国网冀北电力有限公司计量中心; 国网冀北电力有限公司
U0246,4931335,国网冀北电力有限公司计量中心; 国网冀北电力有限公司
U0246,4931376,上海永天科技股份有限公司
U0246,4931486,西南石油大学
U0246,4931588,国网上海市电力公司
U0246,4931631,北京中电飞华通信有限公司
U0246,4932394,东方电子股份有限公司
U0246,4932498,拓深数字(杭州)能源科技有限公司
U0246,4932563,南京研精致思智能科技有限公司
U0246,4932788,国网江苏省电力有限公司常州供电分公司; 国网江苏省电力有限公司
U0246,4932868,国网福建省电力有限公司; 国网福建省电力有限公司泉州供电公司
U0246,4932894,国网上海市电力公司
U0246,4932974,国网山东省电力公司营销服务中心(计量中心); 山东大学
U0246,4933718,国网辽宁省电力有限公司经济技术研究院
U0246,4933773,绿色湾区(广东)能源服务有限公司
U0246,4934019,国网信息通信产业集团有限公司; 四川中电启明星信息技术有限公司
U0246,4934021,国网信息通信产业集团有限公司; 四川中电启明星信息技术有限公司
U0246,4934575,拓深数字(杭州)能源科技有限公司
U0246,4934749,国网青海省电力公司营销服务中心; 国网青海省电力公司
U0246,4934808,北京如实智慧电力科技有限公司
U0246,4935232,国网辽宁省电力有限公司鞍山供电公司; 北京科技大学
U0246,4935293,国网辽宁省电力有限公司鞍山供电公司; 北京科技大学
U0246,4935308,贵州电网有限责任公司
U0246,4935315,国网辽宁省电力有限公司鞍山供电公司; 北京科技大学
U0246,4935495,国网辽宁省电力有限公司朝阳供电公司
U0246,4935528,浙江浙能能源服务有限公司
U0246,4935532,浙江浙能能源服务有限公司
U0246,4935623,沈阳工程学院
U0246,4936136,南方电网电动汽车服务有限公司
U0246,4937203,国网思极数字科技(北京)有限公司; 北京国网信通埃森哲信息技术有限公司
U0246,4937246,华润新能源投资有限公司山西分公司
U0246,4937383,国网上海市电力公司
U0246,4937666,河北亮能售电有限公司
U0246,4937780,国网江西省电力有限公司电力科学研究院
U0246,4937955,北京龙德缘售电有限公司
U0246,4938053,国网四川省电力公司经济技术研究院
U0246,4938335,江苏合力四通智能科技股份有限公司
U0246,4938425,国网湖北省电力有限公司经济技术研究院
U0246,4938545,上海交通大学
U0246,4938591,上海交通大学
U0246,4938834,国网新疆电力有限公司信息通信公司
U0246,4939010,华北电力大学
U0246,4939229,国网上海市电力公司
U0246,4939660,成都新津数字科技产业发展集团有限公司
U0246,4939735,南京天溯自动化控制系统有限公司
U0246,4939773,南京林洋电力科技有限公司; 江苏林洋能源股份有限公司
U0246,4939983,成都云电乐享科技有限公司
U0246,4940105,国网辽宁省电力有限公司沈阳供电公司
U0246,4940410,国网山东省电力公司泰安供电公司
U0246,4940475,云南华电金沙江中游水电开发有限公司; 徐锦林
U0246,4940492,云南华电金沙江中游水电开发有限公司; 徐锦林
U0246,4940555,深圳供电局有限公司
U0246,4940670,上海电力大学
U0246,4940672,上海电力大学
U0246,4940775,浙江积丰能源科技有限公司
U0246,4940911,国能(陕西)能源销售有限公司
U0246,4941163,国网山东省电力公司滨州供电公司
U0246,4941301,沈阳工程学院
U0246,4941427,泉州亿兴电力工程建设有限公司鲤城自动化分公司
U0246,4941428,泉州亿兴电力工程建设有限公司鲤城自动化分公司
U0246,4941607,深圳供电局有限公司
U0246,4941772,国网内蒙古东部电力有限公司; 西华大学
U0246,4941864,浙江浙达能源科技有限公司
U0246,4942278,国网甘肃省电力公司; 国网甘肃省电力公司定西供电公司
U0246,4942701,国网上海市电力公司
U0246,4942722,中国华能集团清洁能源技术研究院有限公司; 华能上海石洞口发电有限责任公司
U0246,4943185,国网浙江省电力有限公司营销服务中心; 国网浙江省电力有限公司; 浙江大学
U0246,4943856,南方电网调峰调频(广东)储能科技有限公司
U0246,4943876,湖南财政经济学院
U0246,4944386,北京如实智慧电力科技有限公司
U0246,4944438,国网辽宁省电力有限公司锦州供电公司; 国家电网有限公司
U0246,4944560,国网山东省电力公司经济技术研究院
U0246,4944637,华北电力大学(保定); 河北建投能源投资股份有限公司; 国网冀北电力有限公司; 国网河北省电力有限公司经济技术研究院; 国网新疆电力有限公司营销服务中心
U0246,4944638,深圳市建筑科学研究院股份有限公司
U0246,4944680,国网信息通信产业集团有限公司; 四川中电启明星信息技术有限公司
U0246,4944787,广东电网有限责任公司云浮供电局
U0246,4944805,华北电力大学(保定); 河北建投能源投资股份有限公司; 国网冀北电力有限公司; 国网河北省电力有限公司经济技术研究院; 国网新疆电力有限公司营销服务中心
U0246,4944849,国网辽宁省电力有限公司经济技术研究院
U0246,4944854,云南华电金沙江中游水电开发有限公司
U0246,4944869,国网上海市电力公司; 上海电力大学
U0246,4944875,国网上海市电力公司; 上海电力大学
U0246,4944944,国电投河南能源销售有限公司; 上海发电设备成套设计研究院有限责任公司
U0246,4944995,江苏林洋智维技术有限公司
U0246,4945234,国网冀北电力有限公司秦皇岛供电公司; 国家电网有限公司
U0246,4945444,东方电子股份有限公司
U0246,4945529,云南华电金沙江中游水电开发有限公司
U0246,4945649,国网吉林省电力有限公司营销服务中心; 天津大学
U0246,4945938,四川川能智网实业有限公司
U0246,4946014,国网辽宁省电力有限公司经济技术研究院
U0246,4946067,国网浙江电力科学研究院有限公司; 国电南瑞科技股份有限公司
U0246,4946291,国网河南省电力公司焦作供电公司
U0246,4946311,国网湖南省电力有限公司经济技术研究院; 国网湖南省电力有限公司; 国家电网有限公司
U0246,4946411,广东电网有限责任公司信息中心; 广东电力交易中心有限责任公司
U0246,4946643,湖北华中电力科技开发有限责任公司
U0246,4946663,湖北华中电力科技开发有限责任公司
U0246,4946972,中国电建集团福建省电力勘测设计院有限公司
U0246,4947072,重庆玖奇科技有限公司
U0246,4947106,江苏恒鹏智慧城市技术有限公司
U0246,4947135,国网上海市电力公司; 上海电力大学
U0246,4947322,华南理工大学
U0246,4947484,上海电力大学
U0246,4947993,浙江电力交易中心有限公司
U0246,4948015,安徽立卓智能电网科技有限公司; 国网安徽省电力有限公司宣城供电公司
U0246,4948963,中国电力科学研究院有限公司; 国网上海市电力公司; 东北大学; 上海交通大学
U0246,4949089,贵州电网有限责任公司
U0246,4949102,浙江华电器材检测研究院有限公司
U0246,4949432,国网江苏省电力有限公司南通供电分公司
U0246,4949634,上海合煌能源科技有限公司
U0246,4949806,华南理工大学
U0246,4949850,重庆中鑫鼎胜能源有限公司
U0246,4949968,重庆汇智能源有限公司; 重庆大学
U0246,4950119,河北登望电力工程有限公司
U0246,4950198,香港中文大学(深圳)
U0246,4950293,河北工业大学; 天津大学; 天津天电瑞联能源科技有限公司
U0246,4950331,上海交通大学
U0246,4950408,浙江领储新能源技术有限公司
U0246,4950633,国网辽宁省电力有限公司朝阳供电公司
U0246,4951046,广东电网有限责任公司广州供电局
U0246,5011875,北京东润环能科技股份有限公司; 北京能量魔方数据技术有限公司; 海南东润数字能源有限公司; 东润环能(天津)科技有限公司; 北京绿电慧能技术有限公司; 西藏东润数字能源有限公司; 北京东润数字能源有限公司
U0246,5012100,东北电力大学; 国网山东省电力公司济宁供电公司; 国网河北省电力有限公司衡水供电分公司; 国电南瑞南京控制系统有限公司
U0246,5012629,西安峰频能源科技有限公司
U0246,5012781,太原理工大学
U0246,5013104,国网安徽省电力有限公司电力科学研究院; 华北电力大学(保定)
U0246,5013432,北京京能国际综合智慧能源有限公司
U0246,5013490,南京阿贝斯信息科技有限公司
U0246,5013595,东方电子股份有限公司
U0246,5013659,国网陕西省电力有限公司营销服务中心(计量中心); 国网陕西省电力有限公司电力科学研究院; 国网陕西省电力有限公司经济技术研究院
U0246,5013804,国网陕西省电力有限公司营销服务中心(计量中心); 国网陕西省电力有限公司电力科学研究院; 国网陕西省电力有限公司经济技术研究院
U0246,5013975,华能湖北能源销售有限责任公司; 西安热工研究院有限公司; 西安西热电站信息技术有限公司
U0246,5014005,西南交通大学
U0246,5014034,东方电子股份有限公司
U0246,5014304,四川电力设计咨询有限责任公司
U0246,5014783,西安峰频能源科技有限公司
U0246,5015228,华能新能源股份有限公司河北分公司; 中国华能集团清洁能源技术研究院有限公司; 华能新能源股份有限公司
U0246,5015652,浙江工业大学工程设计集团有限公司; 浙江大学能源工程设计研究院有限公司
U0246,5015727,华中科技大学; 国网湖南省电力有限公司电力科学研究院
U0246,5015836,中建科工集团智慧停车科技有限公司
U0246,5016073,湖北华中电力科技开发有限责任公司
U0246,5016088,国网浙江省电力有限公司营销服务中心; 国网浙江省电力有限公司
U0246,5016301,国网浙江省电力有限公司营销服务中心; 国网浙江省电力有限公司
U0246,5016488,河海大学
U0246,5016496,国网陕西省电力有限公司经济技术研究院; 国网陕西省电力有限公司营销服务中心(计量中心); 陕西电力交易中心有限公司; 国网陕西省电力有限公司西咸新区供电公司
U0246,5016661,国网江苏省电力有限公司营销服务中心; 江苏方天电力技术有限公司
U0246,5016842,广东冶建施工图审查中心有限公司
U0246,5017012,深圳市中科云科技开发有限公司
U0246,5017080,河海大学
U0246,5017141,国网安徽省电力有限公司合肥供电公司; 国网安徽省电力有限公司宣城供电公司; 国网安徽省电力有限公司
U0246,5017225,湖南鑫河能源服务有限公司
U0246,5017381,山东大学
U0246,5017448,国网浙江省电力有限公司营销服务中心; 国网浙江省电力有限公司
U0246,4852118,国网内蒙古东部电力有限公司电力科学研究院; 中国电力科学研究院有限公司; 国家电网有限公司
U0246,4853272,云南电网有限责任公司
U0246,4853412,南京南瑞继保电气有限公司; 南京南瑞继保工程技术有限公司
U0246,4853434,中国铁塔股份有限公司; 铁塔能源有限公司
U0246,4853879,广西电网有限责任公司
U0246,4854973,内蒙古电力(集团)有限责任公司内蒙古电力经济技术研究院分公司
U0246,4856281,华北电力大学; 台达电子企业管理(上海)有限公司
U0246,4857153,中国大唐集团科学技术研究总院有限公司华东电力试验研究院; 浙江大唐能源营销有限公司; 大唐锅炉压力容器检验中心有限公司; 大唐三亚未来能源研究所有限公司
U0246,4857547,国网上海市电力公司
U0246,4857902,清华大学
U0246,4858103,深圳供电局有限公司
U0246,4858288,国网北京市电力公司
U0246,4858368,国网甘肃省电力公司经济技术研究院
U0246,4858838,国网冀北综合能源服务有限公司; 国家电网有限公司
U0246,4859344,广东电网有限责任公司广州供电局
U0246,4859346,广东电网有限责任公司广州供电局
U0246,4859961,国网上海市电力公司
U0246,4860938,中国石油天然气股份有限公司
U0246,4861271,许昌许继软件技术有限公司; 许继电气股份有限公司
U0246,4861848,许昌许继软件技术有限公司; 许继电气股份有限公司; 中国电气装备集团有限公司
U0246,4862358,许昌许继软件技术有限公司; 许继电气股份有限公司; 中国电气装备集团有限公司
U0246,4862614,广东电网有限责任公司; 广东电网有限责任公司佛山供电局
U0246,4864095,重庆师范大学
U0246,4864113,国网上海市电力公司; 上海交通大学
U0246,4864342,国网综合能源服务集团有限公司
U0246,4864489,国网江苏省电力有限公司电力科学研究院; 南京理工大学; 国网江苏省电力有限公司; 江苏省电力试验研究院有限公司
U0246,4911094,沈阳工程学院
U0246,4911194,广东电网有限责任公司
U0246,4911221,东南大学; 南京市城市照明建设运营集团有限公司
U0246,4911240,国网江苏省电力有限公司营销服务中心; 国网江苏省电力有限公司; 东南大学
U0246,4911275,南京中电科能技术有限公司
U0246,4911387,国网山东省电力公司济宁供电公司
U0246,4911514,国网智慧车联网技术有限公司
U0246,4911696,国网上海市电力公司
U0246,4912095,华电湖北能源销售有限公司; 华电湖北发电有限公司; 华电电力科学研究院有限公司
U0246,4912544,国网江苏省电力有限公司电力科学研究院; 江苏省电力试验研究院有限公司
U0246,4912784,华电湖北能源销售有限公司; 华电电力科学研究院有限公司; 华电湖北发电有限公司
U0246,4912920,国网四川省电力公司经济技术研究院
U0246,4913046,沈阳工程学院
U0246,4913817,国网甘肃省电力公司天水供电公司
U0246,4913879,南京国电南自电网自动化有限公司
U0246,4913984,国网甘肃省电力公司天水供电公司
U0246,4914002,国电南瑞科技股份有限公司
U0246,4914089,许继集团有限公司; 中国电气装备集团有限公司
U0246,4914101,国网甘肃省电力公司天水供电公司
U0246,4914201,三峡大学
U0246,4914471,湖北第二师范学院
U0246,4914541,国网上海市电力公司; 南昌大学
U0246,4914929,中国长江三峡集团有限公司
U0246,4914979,许继集团有限公司; 中国电气装备集团有限公司
U0246,4915072,许继集团有限公司; 中国电气装备集团有限公司
U0246,4915091,重庆大学; 重庆汇智能源有限公司
U0246,4915345,四川川能智网实业有限公司
U0246,4915426,中农国信新能源科技(广东)有限公司
U0246,4916005,国网湖北省电力有限公司公安县供电公司
U0246,4916058,国网山东省电力公司济宁供电公司
U0246,4916491,沈阳工程学院
U0246,4916576,沈阳工程学院
U0246,4916603,国网辽宁省电力有限公司经济技术研究院; 国家电网有限公司; 山西省能源互联网研究院
U0246,4916685,上海达卯科技有限公司
U0246,4916745,国网辽宁省电力有限公司朝阳供电公司
U0246,4916933,矩阵汽车有限公司
U0246,4917265,北京市数智能碳科技有限公司
U0246,4917508,国网河北省电力有限公司保定供电分公司
U0246,4917526,国网辽宁省电力有限公司朝阳供电公司
U0246,4917711,国网江苏省电力有限公司宿迁供电分公司; 国网江苏省电力有限公司
U0246,4918479,中国电力科学研究院有限公司; 国网浙江省电力有限公司杭州供电公司; 国家电网有限公司
U0246,4918645,云南电网能源投资有限责任公司
U0246,4918741,国电南瑞南京控制系统有限公司
U0246,4919015,河北登望电力工程有限公司
U0246,4919172,国网天津静海供电有限公司; 国网天津市电力公司; 国家电网有限公司
U0246,4919355,重庆大学; 重庆汇智能源有限公司
U0246,4919405,国网上海市电力公司; 上海博英信息科技有限公司
U0246,4919406,国网上海市电力公司; 上海博英信息科技有限公司
U0246,4919664,国网上海市电力公司
U0246,4919697,国网河南省电力公司开封供电公司
U0246,4920116,中国长江三峡集团有限公司
U0246,4920143,深圳供电局有限公司
U0246,4920866,国网安徽省电力有限公司合肥供电公司
U0246,4921010,王黎明
U0246,4921298,华北电力大学(保定); 国网新疆电力有限公司营销服务中心
U0246,4921392,国网江苏省电力有限公司泰兴市供电分公司; 国网江苏省电力有限公司泰州供电分公司
U0246,4921442,国网山东省电力公司电力科学研究院
U0246,4921565,国网浙江省电力有限公司电力科学研究院; 国网浙江省电力有限公司
U0246,4921652,国网江苏省电力有限公司电力科学研究院; 国网江苏省电力有限公司; 南京理工大学
U0246,4921763,华润新能源投资有限公司山西分公司
U0246,4921774,上海天合富家能源有限公司
U0246,4922123,国网安徽省电力有限公司电力科学研究院
U0246,4922512,国网电力科学研究院武汉能效测评有限公司; 国网电力科学研究院有限公司; 国网上海市电力公司; 国家电网有限公司
U0246,4922879,国电投(浙江)智慧能源科技有限公司
U0246,4923120,国网浙江省电力有限公司衢州供电公司
U0246,4923274,国网冀北电力有限公司秦皇岛供电公司; 国家电网有限公司
U0246,4923275,国网冀北电力有限公司秦皇岛供电公司; 国家电网有限公司
U0246,4923293,国网江西省电力有限公司经济技术研究院; 华北电力大学
U0246,4923444,国网北京市电力公司; 北京市京电博源供用电工程安装有限公司
U0246,4923749,国网上海市电力公司
U0246,4923750,国网上海市电力公司
U0246,4924021,北京如实智慧电力科技有限公司
U0246,4924071,湖北汉为电力咨询有限公司
U0246,4924230,华北电力大学
U0246,4924989,国网上海综合能源服务有限公司
U0246,4925113,上海电气分布式能源科技有限公司
U0246,4925343,上海电器科学研究所(集团)有限公司
U0246,4925367,浙江工业大学
U0246,4925477,四川中电启明星信息技术有限公司
U0246,4925571,国网商用大数据有限公司
U0246,4925784,国网浙江省电力有限公司营销服务中心
U0246,4925887,义乌万里扬能源服务有限公司
U0246,4926290,国网新疆电力有限公司营销服务中心
U0246,4926559,国能长源能源销售有限公司
U0246,4926815,国网山东省电力公司电力科学研究院; 国家电网有限公司
U0246,4926895,国网浙江省电力有限公司营销服务中心; 国网浙江省电力有限公司; 浙江大学
U0246,4926945,国网宁夏电力有限公司营销服务中心(国网宁夏电力有限公司计量中心); 国网宁夏电力有限公司
U0246,4927029,河北亮能售电有限公司
U0246,4927045,西安思安云创科技有限公司
U0246,4927063,北京清大科越股份有限公司
U0246,4927201,上海永天科技股份有限公司
U0246,4927304,国网上海市电力公司
U0246,4927332,上海达卯科技有限公司
U0246,4927335,上海达卯科技有限公司
U0246,4927358,国能长源能源销售有限公司
U0246,4927365,国能长源能源销售有限公司
U0246,4927538,三峡大学
U0246,4927549,国网湖南综合能源服务有限公司
U0246,4927602,南方电网人工智能科技有限公司
U0246,4927603,南方电网人工智能科技有限公司
U0246,4928002,贵州电网有限责任公司
U0246,4928034,东南大学; 国网天津市电力公司电力科学研究院; 国网天津市电力公司; 国家电网有限公司; 中国电力科学研究院有限公司
U0246,4928174,山东华信电气股份有限公司
U0246,4928245,国电南瑞科技股份有限公司
U0246,4929121,华能酒泉发电有限公司
U0246,4929126,上海永天科技股份有限公司
U0246,4929296,能探(浙江)科技有限责任公司
U0246,4929438,国网青海省电力公司营销服务中心; 国网青海省电力公司
U0246,4929473,山东未来集团有限公司
U0246,4929678,中国电气装备集团科学技术研究院有限公司
U0246,4929961,国网冀北电力有限公司承德供电公司
U0246,4930262,北京如实智慧电力科技有限公司
U0246,4930267,北京如实智慧电力科技有限公司
U0246,4930570,重庆大学
U0246,4930823,金华职业技术大学
U0246,4931028,云南电网有限责任公司
U0246,4931060,国网上海市电力公司
U0246,4991124,东南大学
U0246,4991218,江苏林洋智维技术有限公司
U0246,4991948,国网河南综合能源服务有限公司
U0246,4991980,江苏合力四通智能科技股份有限公司
U0246,4992206,交通运输部公路科学研究所
U0246,4992217,中国南方电网有限责任公司
U0246,4992612,陕西斯瀚实业有限公司
U0246,4992836,河北亮能售电有限公司
U0246,4993033,中山市综合能源服务有限公司
U0246,4993035,中山市综合能源服务有限公司
U0246,4993425,国电南瑞科技股份有限公司
U0246,4993542,山西交控新能源发展有限公司
U0246,4993860,国网上海市电力公司; 华北电力大学
U0246,4994052,广西扬煦光电科技集团有限责任公司
U0246,4994533,江苏商贸职业学院
U0246,4994740,中国华能集团清洁能源技术研究院有限公司; 华能河北能源销售有限责任公司
U0246,4994822,南京天溯自动化控制系统有限公司
U0246,4995290,温亦浔
U0246,4995383,重庆师范大学
U0246,4995635,北京中电普华信息技术有限公司
U0246,4995839,国网上海市电力公司
U0246,4996108,江苏商贸职业学院
U0246,4996300,广东电力交易中心有限责任公司; 南方电网数字电网集团(广东)有限公司
U0246,4996328,国网上海市电力公司
U0246,4996717,中天科技集团如东电气有限公司; 中天光伏技术有限公司; 江苏中天科技股份有限公司
U0246,4997313,天津大学
U0246,4997912,中天科技集团如东电气有限公司; 江苏中天科技股份有限公司; 中天光伏技术有限公司
U0246,4998000,中曜达数能生态科技(浙江)有限公司
U0246,4998220,广州晶富科技有限公司
U0246,4998221,广州晶富科技有限公司
U0246,4998353,国网江苏省电力有限公司南通供电分公司
U0246,4998569,四川川能智网实业有限公司
U0246,4998650,湖北师范大学
U0246,4999141,湖南江河能源科技股份有限公司
U0246,4999463,常州大学
U0246,4999755,国网浙江省电力有限公司营销服务中心; 国网浙江省电力有限公司
U0246,4999849,山东华信电气股份有限公司
U0246,4999953,重庆中鑫鼎胜能源有限公司
U0246,5000093,宿迁因稳特能源科技有限公司
U0246,5000159,国网上海市电力公司; 南昌大学
U0246,5000379,国网山东省电力公司经济技术研究院
U0246,5000511,南京工业大学
U0246,5000561,南京国电南自电网自动化有限公司
U0246,5000592,云南电网有限责任公司玉溪供电局
U0246,5000660,华北电力大学
U0246,5000893,国网浙江省电力有限公司营销服务中心; 国网浙江省电力有限公司
U0246,5001746,翁俊
U0246,5001781,江苏伯罗奔尼科技有限公司
U0246,5002010,华能河北能源销售有限责任公司; 中国华能集团清洁能源技术研究院有限公司
U0246,5002034,西安邮电大学; 陕西交控绿色发展集团有限公司
U0246,5002201,国网宁夏电力有限公司营销服务中心(国网宁夏电力有限公司计量中心); 国网宁夏电力有限公司
U0246,5002550,国网浙江省电力有限公司营销服务中心
U0246,5002606,江苏晟能科技股份有限公司
U0246,5002839,吉林建筑科技学院
U0246,5003183,上海工博士人工智能科技有限公司; 湖南工博士工业股份有限公司; 广东工博士科技有限公司
U0246,5003184,宁夏百川电力股份有限公司
U0246,5003271,北京如实智慧电力科技有限公司
U0246,5003700,江苏极光云能新能源有限公司
U0246,5003813,东南大学
U0246,5003828,国网江苏省电力有限公司南京供电分公司
U0246,5004071,江苏峰岚电力科技有限公司
U0246,5004169,内蒙古鄂熵科技有限公司
U0246,5004500,国网浙江省电力有限公司平湖市供电公司; 国网浙江省电力有限公司嘉兴供电公司
U0246,5004574,常州英集动力科技有限公司
U0246,5032288,viessmann holding international gmbh
U0246,5038980,lg energy solution ltd
U0246,5039868,electricite de france
U0246,5043846,daihen corp
U0246,5045333,toshiba corp
U0246,5005035,成都相变科技有限公司
U0246,5005392,国网上海综合能源服务有限公司
U0246,5005413,厦门理工学院
U0246,5005727,中南大学
U0246,5006254,国网安徽省电力有限公司; 国网安徽省电力有限公司电力科学研究院; 合肥工业大学
U0246,5006794,浙江英集动力科技有限公司
U0246,5006965,天津创业环保集团股份有限公司
U0246,5007169,浙江云碳科技有限公司
U0246,5007691,四川电力设计咨询有限责任公司
U0246,5008062,刘秀良
U0246,5008102,国网上海市电力公司
U0246,5008351,上海永天科技股份有限公司
U0246,5008768,弘奎(西安)智能科技有限公司
U0246,5008794,山东大学
U0246,5008800,北京中微盛鼎科技有限公司
U0246,5008892,深圳华建综合能源技术有限公司
U0246,5009220,江苏商贸职业学院
U0246,5009506,歙县国有资产运营有限公司
U0246,5010325,国网上海市电力公司
U0246,5010620,山东大学
U0246,5010782,国网浙江省电力有限公司营销服务中心; 国网浙江省电力有限公司
U0246,5072147,connected inc.
U0246,5080492,"mitsubishi electric research laboratories,  inc."
U0246,5080715,circlesx llc
U0246,5084901,banpu innovation & ventures llc
U0246,4891234,新疆远效科技创新有限公司
U0246,4891475,国网新疆电力有限公司经济技术研究院
U0246,4891527,北京智芯微电子科技有限公司
U0246,4891633,深圳恒实盛景科技有限责任公司
U0246,4891825,中国大唐集团科技创新有限公司; 大唐内蒙古多伦煤化工有限责任公司
U0246,4891865,华能山西能源销售有限责任公司; 华能信息技术有限公司
U0246,4892158,南方电网调峰调频(广东)储能科技有限公司
U0246,4892373,国网吉林省电力有限公司延边供电公司; 国网吉林省电力有限公司; 国网吉林省电力有限公司经济技术研究院
U0246,4892873,山东大学
U0246,4893246,杭州国电电力科技发展有限公司
U0246,4893388,江苏峰岚电力科技有限公司
U0246,4893731,中建投新能(上海)电气有限公司
U0246,4893759,国网江苏省电力有限公司南京供电分公司; 国网信息通信产业集团有限公司; 国网江苏省电力有限公司
U0246,4893794,南京邮电大学
U0246,4894227,北方魏家峁煤电有限责任公司
U0246,4894654,贵州电网有限责任公司
U0246,4894802,南方电网调峰调频(广东)储能科技有限公司
U0246,4894907,国网浙江省电力有限公司衢州供电公司
U0246,4894977,国网湖北综合能源服务有限公司; 国网湖北省电力有限公司; 国网湖北省电力有限公司荆门供电公司; 国网湖北省电力有限公司襄阳供电公司; 国网湖北省电力有限公司十堰供电公司
U0246,4895042,国网上海市电力公司; 上海交通大学
U0246,4895053,沈阳工程学院
U0246,4895058,东南大学; 国网湖北省电力有限公司电力科学研究院
U0246,4895099,南方电网调峰调频(广东)储能科技有限公司
U0246,4895100,南方电网调峰调频(广东)储能科技有限公司
U0246,4895114,中国南方电网有限责任公司
U0246,4895461,国网电力科学研究院有限公司; 北京科东电力控制系统有限责任公司; 国网浙江省电力有限公司衢州供电公司; 国网浙江省电力有限公司
U0246,4895592,深圳供电局有限公司
U0246,4895797,南方电网科学研究院有限责任公司; 华南理工大学; 中国南方电网有限责任公司
U0246,4896482,中国电建集团贵阳勘测设计研究院有限公司
U0246,4896560,成都新津数字科技产业发展集团有限公司
U0246,4896595,陕西斯瀚实业有限公司
U0246,4896744,北京兆瓦云数据科技有限公司; 国家电投集团综合智慧能源有限公司
U0246,4897063,浙江卓阳能源集团有限公司
U0246,4897286,广东电网能源投资有限公司
U0246,4897460,贵州香宾新能源技术有限责任公司
U0246,4897565,中国大唐集团科学技术研究总院有限公司; 中国大唐集团科学技术研究总院有限公司中南电力试验研究院
U0246,4897932,华能(福建)能源销售有限责任公司
U0246,4898284,贵州电网有限责任公司
U0246,4898521,东南大学; 国网湖北省电力有限公司电力科学研究院
U0246,4898522,东南大学; 国网湖北省电力有限公司电力科学研究院
U0246,4898811,国网吉林省电力有限公司延边供电公司
U0246,4898839,中建科工集团有限公司
U0246,4898900,山东浪潮智能终端科技有限公司
U0246,4899287,清华大学
U0246,4899800,国网上海市电力公司
U0246,4899867,北京京能数字科技有限公司
U0246,4899879,国网浙江省电力有限公司营销服务中心; 国网浙江省电力有限公司; 中国科学院深圳先进技术研究院
U0246,4900217,深圳供电局有限公司
U0246,4900461,济南大学
U0246,4900505,中国长江三峡集团有限公司; 中国长江电力股份有限公司
U0246,4900650,山东浪潮智能终端科技有限公司
U0246,4900899,国网安徽省电力有限公司淮北供电公司
U0246,4900927,内蒙古电力(集团)有限责任公司培训中心
U0246,4900973,杭州妙微智汇科技有限公司
U0246,4901048,国网辽宁省电力有限公司朝阳供电公司
U0246,4901395,四川川能智网实业有限公司
U0246,4901442,大连理工大学
U0246,4901607,国网浙江省电力有限公司杭州市临平区供电公司; 国网浙江省电力有限公司杭州供电公司; 国家电网有限公司技术学院分公司; 国网浙江省电力有限公司培训中心
U0246,4901771,中冶华天南京工程技术有限公司; 中冶华天工程技术有限公司
U0246,4901892,北京京能数字科技有限公司
U0246,4902002,北京飔合科技有限公司
U0246,4902005,北京飔合科技有限公司
U0246,4902184,北京科技大学
U0246,4902276,新疆大学
U0246,4902356,国网上海市电力公司
U0246,4902402,国网安徽省电力有限公司合肥供电公司
U0246,4902714,中山公用能源发展有限公司
U0246,4902867,湖北楚之屹新能源科技有限公司; 湖北第二师范学院; 中核汇能湖北新能源有限公司; 孝感市光源电力集团有限责任公司; 湖北华辰凯龙电力有限公司; 国网湖北省电力有限公司潜江市供电公司
U0246,4902869,湖北楚之屹新能源科技有限公司; 中核汇能湖北新能源有限公司; 湖北第二师范学院; 湖北华辰凯龙电力有限公司; 孝感市光源电力集团有限责任公司; 国网湖北省电力有限公司潜江市供电公司
U0246,4902891,国网山东省电力公司莱西市供电公司
U0246,4902946,安徽明生恒卓科技有限公司
U0246,4903130,国网浙江省电力有限公司经济技术研究院
U0246,4903942,国网安徽省电力有限公司合肥供电公司; 国网安徽省电力有限公司; 国网安徽省电力有限公司电力科学研究院
U0246,4904000,国网安徽省电力有限公司合肥供电公司
U0246,4904105,国网湖北省电力有限公司经济技术研究院
U0246,4904171,顺德职业技术大学
U0246,4904246,国网上海市电力公司
U0246,4904572,河南五方合创建筑设计有限公司
U0246,4904639,国网综合能源服务集团有限公司; 国网绿色能源有限公司; 国家电网有限公司
U0246,4904810,辽宁东科电力有限公司
U0246,4905019,南京歆美科技(集团)有限公司
U0246,4905121,国家电网有限公司华中分部; 三峡大学
U0246,4905374,深圳供电局有限公司
U0246,4905377,深圳供电局有限公司
U0246,4905662,江苏伟创晶智能科技有限公司
U0246,4905757,杭州齐智能源科技股份有限公司; 浙江齐智信息技术有限公司
U0246,4905790,北京晶鸿节能科技有限公司
U0246,4905815,北京晶鸿节能科技有限公司
U0246,4905973,深圳华建综合能源技术有限公司
U0246,4906369,安徽大学
U0246,4906536,南方电网科学研究院有限责任公司; 哈尔滨工业大学; 中国南方电网有限责任公司
U0246,4906584,国网江苏省电力有限公司电力科学研究院; 国网江苏省电力有限公司; 南京理工大学
U0246,4906615,华中科技大学
U0246,4906744,国网重庆市电力公司经济技术研究院
U0246,4907344,中国长江三峡集团有限公司
U0246,4907414,宣城南天电力有限公司; 国网安徽省电力有限公司宣城供电公司
U0246,4907876,浙江卓阳能源集团有限公司
U0246,4908021,国网青海省电力公司海西供电公司; 国网青海省电力公司
U0246,4908394,国网山东省电力公司烟台供电公司
U0246,4908546,安徽中科智充新能源科技有限公司
U0246,4908829,深圳先进技术研究院
U0246,4909023,国网信息通信产业集团有限公司; 四川中电启明星信息技术有限公司
U0246,4909058,国网四川省电力公司营销服务中心
U0246,4909064,国网江苏省电力有限公司常州供电分公司; 江苏方天电力技术有限公司
U0246,4909137,中国电建集团昆明勘测设计研究院有限公司
U0246,4909287,国网山东省电力公司济南供电公司
U0246,4909343,交通运输部公路科学研究所
U0246,4909407,昆明理工大学
U0246,4909408,中国电力科学研究院有限公司; 国网宁夏电力有限公司电力科学研究院; 国家电网有限公司
U0246,4909638,中广核核电运营有限公司
U0246,4909812,北京智芯微电子科技有限公司
U0246,4909957,江苏启光电力科技有限公司
U0246,4909964,山东未来集团有限公司
U0246,4910040,山东未来集团有限公司
U0246,4910320,山东电力工程咨询院有限公司
U0246,4911024,沈阳市凯沐虚拟电厂有限公司
U0246,4911029,国网上海市电力公司
U0246,4957139,浙江大唐能源营销有限公司; 中国大唐集团科学技术研究总院有限公司华东电力试验研究院
U0246,4962818,科博达技术股份有限公司; 浙江科博达工业有限公司
U0246,5017519,国网浙江省电力有限公司电力科学研究院
U0246,5017523,国网(苏州)城市能源研究院有限责任公司
U0246,5017677,国网安徽省电力有限公司合肥供电公司; 国网安徽省电力有限公司电力科学研究院; 国网安徽省电力有限公司
U0246,5017944,国网山东省电力公司营销服务中心(计量中心)
U0246,5017993,锦浪科技股份有限公司
U0246,5018292,国网浙江省电力有限公司宁波供电公司
U0246,5018328,南方电网人工智能科技有限公司
U0246,5018467,国网陕西省电力有限公司经济技术研究院; 国网陕西省电力有限公司营销服务中心(计量中心); 陕西电力交易中心有限公司; 国网陕西省电力有限公司西咸新区供电公司
U0246,5018510,上海交通大学
U0246,5018648,南京师范大学
U0246,5018651,国网上海综合能源服务有限公司
U0246,5018782,芜湖市虚拟电厂有限责任公司; 芜湖鸠兹能源有限公司
U0246,5018850,安徽大学
U0246,5019054,浙大宁波理工学院; 新优(宁波)智能科技有限公司
U0246,5019209,控环科技集团有限公司
U0246,5019242,哈尔滨工业大学
U0246,5054455,lg energy solution ltd
U0246,5057879,"db hitek co.,  ltd."
U0246,5058054,korea electric power corporation
U0246,5058702,korea electric power corporation
U0246,5060401,amitek; unicon a; korea district heating corp.
U0246,5060861,haezoom inc.
U0246,5063168,gwangju institute of science and technology
U0246,5063956,kookmin university industry academy cooperation foundation
U0246,5066932,korea electric power corporation
U0246,5067730,주식회사 터빈크루
U0246,5070324,pusan national university industry-university cooperation foundation
U0246,5070621,korea institute of energy research
U0246,5095800,gwangju institute of science and technology
U0246,5100435,antonia ginsberg-klemmt; achim ginsberg-klemmt
U0246,5100685,"oreqa technologies,  inc."
U0246,5102457,"shenzhen clou electronics co.,  ltd"
U0246,4832351,state of charge limited
U0246,4832359,elisa oyj
U0246,4834777,全球能源互联网研究院有限公司; 国网上海市电力公司; 国家电网有限公司
U0246,4835248,国网山东省电力公司电力科学研究院; 国家电网有限公司
U0246,4835353,中国电力科学研究院有限公司; 国网山西省电力公司经济技术研究院; 国网能源研究院有限公司; 国家电网有限公司
U0246,4835829,国网上海市电力公司; 华北电力大学
U0246,4836709,远光软件股份有限公司; 远光能源互联网产业发展(横琴)有限公司
U0246,4837052,西安交通大学
U0246,4838210,华北电力大学(保定)
U0246,4838966,长沙理工大学
U0246,4839119,三峡大学
U0246,4839323,广东电网有限责任公司电力调度控制中心
U0246,4839646,河海大学
U0246,4839721,清华大学
U0246,4839835,上海电力大学
U0246,4841614,新疆大学
U0246,4841972,国网安徽省电力有限公司; 国网安徽省电力有限公司经济技术研究院
U0246,4842226,国网安徽省电力有限公司; 国网安徽省电力有限公司经济技术研究院
U0246,4842462,北京邮电大学
U0246,4842549,湖南工业大学
U0246,4842719,河北工业大学
U0246,4843372,国网江西省电力有限公司供电服务管理中心; 长沙理工大学; 国网江西省电力有限公司
U0246,4843469,上海交通大学; 上海源控智慧能源科技有限公司
U0246,4846542,中国电力科学研究院有限公司
U0246,4848088,国家电网有限公司; 国网重庆市电力公司市区供电分公司
U0246,4848732,浙江中新电力工程建设有限公司; 国网浙江杭州市萧山区供电有限公司
U0246,4849661,广东电网有限责任公司广州供电局
U0246,4849929,广西电网有限责任公司
U0246,4849942,浙江浙能能源服务有限公司
U0246,4975992,深圳市中电电力技术股份有限公司
U0246,4977792,山东仕源电力技术有限公司
U0246,4990391,绿色湾区(广东)能源服务有限公司
U0246,4990435,上海交通大学
U0650,4876176,山东和同信息科技股份有限公司
U0650,4877275,中铁建设集团华北工程有限公司; 中铁建设集团有限公司
U0650,4878433,万江新能源股份有限公司北京新能源科技分公司; 万江新能源股份有限公司; 中国建筑科学研究院有限公司
U0650,4879431,山东亿润新能源科技有限公司
U0650,4879963,温州美言暖通设备有限公司
U0650,4881349,北京市燃气集团有限责任公司
U0650,4882560,山东鼎浩信息工程有限公司
U0650,4882920,河北清华发展研究院; 张强; 罗景辉; 曹雅奇; 李先庭; 石文星; 北京众驰绿源新能源科技有限公司
U0650,4883109,中国汽车工业工程有限公司; 机械工业第四设计研究院有限公司
U0650,4883194,宏源地能热泵科技(中山)有限公司
U0650,4885252,天津水务集团华淼规划勘测设计研究院有限公司
U0650,4886283,聊城新时代新能源设备股份有限公司
U0650,4886940,华中科技大学
U0650,4887221,中科明汇(济南)能源科技有限公司
U0650,4888198,天津天临地标科技发展有限公司
U0650,4888618,蒋其云
U0650,4931837,天普新能源科技有限公司; 天普新能源科技(天津)有限公司; 陕西同盛电力科技工程有限公司
U0650,4932649,北京国家建筑绿色低碳技术创新中心有限公司; 博拓(苏州)新能源技术有限公司
U0650,4933189,森德(中国)暖通设备有限公司; 大厂森德暖通设备有限公司
U0650,4933191,青海三力新能源技术有限公司
U0650,4933748,北京金茂人居环境科技有限公司
U0650,4935154,中国建筑西南设计研究院有限公司
U0650,4935778,上海惠达衡能源科技有限公司
U0650,4935919,浙江正理生能科技有限公司
U0650,4936334,日出东方控股股份有限公司
U0650,4936767,西安思安云创科技有限公司
U0650,4936817,广东为之优科技有限公司
U0650,4938761,中宜港能(上海)能源发展有限公司
U0650,4941694,广东纽恩泰新能源科技股份有限公司
U0650,4941726,北京金茂人居环境科技有限公司
U0650,4942702,国网上海市电力公司
U0650,4944526,广东恩博力电器有限公司; 安徽恩博力电器有限公司
U0650,4944527,广东恩博力电器有限公司; 安徽恩博力电器有限公司
U0650,4944877,广东万和电气有限公司
U0650,4945492,无锡同方人工环境有限公司
U0650,4945666,天津大学; 国网冀北电力有限公司廊坊供电公司; 国网冀北电力有限公司
U0650,4946128,港能科技(无锡)有限公司
U0650,4948657,国网新疆电力有限公司营销服务中心
U0650,4948761,广东智科电子股份有限公司; 广东伊莱智科科技有限公司; 佛山市佰特智慧物联科技有限公司; 广东智科实业有限公司
U0650,4948783,易快普(苏州)热能环保设备有限公司
U0650,4948859,河北工业大学
U0650,4949198,四季沐歌科技集团有限公司; 江苏四季沐歌有限公司
U0650,4949211,山西建筑工程集团有限公司; 太原理工大学; 山西建设投资集团有限公司
U0650,4949361,青岛理工大学; 中国科学院青岛生物能源与过程研究所
U0650,4949362,青岛理工大学; 中国科学院青岛生物能源与过程研究所
U0650,4949507,淮安富之民智能科技有限公司
U0650,4950304,广州西奥多科技有限公司
U0650,4950341,江苏三意楼宇科技股份有限公司
U0650,5011311,机械工业第六设计研究院有限公司
U0650,5011640,佛山聚阳新能源有限公司
U0650,5012350,上海保兹机电工程技术有限公司
U0650,5012572,沈阳建筑大学
U0650,5012859,浙江国祥股份有限公司
U0650,5013000,佛山欧思丹热能科技有限公司
U0650,5013013,广东芬尼能源技术有限公司
U0650,5013720,广东芬尼能源技术有限公司
U0650,5013895,中国建筑西南设计研究院有限公司
U0650,5013977,共益合创集团有限公司
U0650,5014289,北京建筑大学
U0650,5014363,上海怡口环保设备有限公司
U0650,5014649,浙江智马达智能科技有限公司
U0650,5014703,珠海英伟特电子科技有限公司
U0650,5015216,广东顺德澳科菱热泵设备有限公司
U0650,5015249,广东万和新电气股份有限公司
U0650,5016789,青岛鼎信科佳新能源有限公司
U0650,4851142,中国建筑第六工程局有限公司
U0650,4851364,青岛北冰洋冷暖能源科技有限公司
U0650,4853490,内蒙古电力(集团)有限责任公司内蒙古电力经济技术研究院分公司
U0650,4854351,中铁第一勘察设计院集团有限公司; 中国国家铁路集团有限公司; 中国铁路经济规划研究院有限公司
U0650,4855279,青岛经济技术开发区海尔热水器有限公司; 海尔智家股份有限公司
U0650,4857769,珠海格力节能环保制冷技术研究中心有限公司
U0650,4858864,中联西北工程设计研究院有限公司
U0650,4859362,中国石油天然气股份有限公司
U0650,4860791,青岛海信日立空调系统有限公司
U0650,4860992,安徽科恩新能源有限公司
U0650,4863142,中山市爱美泰电器有限公司; 热立方科技(佛山市)有限公司
U0650,4863488,华中科技大学
U0650,4864763,日出东方控股股份有限公司; 四季沐歌科技集团有限公司; 江苏四季沐歌有限公司
U0650,4865189,陕西致道新能源技术有限公司
U0650,4867762,江苏兴泰能源科技有限公司
U0650,4868963,合肥荣事达太阳能有限公司
U0650,4868964,合肥荣事达太阳能有限公司
U0650,4868965,合肥荣事达太阳能有限公司
U0650,4869952,新疆工程学院
U0650,4912813,宁波鲍斯能源装备股份有限公司
U0650,4912851,新疆拓森新能源有限公司
U0650,4913573,亚之捷智能装备(江苏)有限公司; 上海环保(集团)有限公司; 上海安亭污水处理有限公司
U0650,4915356,中建八局第二建设有限公司
U0650,4917267,国网新疆电力有限公司乌鲁木齐供电公司; 新疆工程学院
U0650,4919155,许昌佳宸热能科技有限公司
U0650,4919605,淮南嘉利新能源技术有限公司
U0650,4919645,海信(广东)空调有限公司
U0650,4919756,河北清华发展研究院
U0650,4920009,南京方通科技有限公司
U0650,4921007,北京华清荣昊新能源开发有限责任公司
U0650,4922377,河北清华发展研究院; 河北工程大学
U0650,4925841,美通能源科技(重庆)有限公司; 重庆美的通用制冷设备有限公司
U0650,4926230,山东特凌机电科技有限公司
U0650,4926533,广东纽恩泰新能源科技股份有限公司
U0650,4927274,上海理工大学
U0650,4927533,西藏飞锐环保科技有限责任公司
U0650,4930855,东莞市风火轮热能科技有限公司
U0650,4993424,广东飞瑞科新能源科技有限公司
U0650,4993883,东南大学; 国网安徽省电力有限公司电力科学研究院
U0650,4993977,山东建筑大学
U0650,4994060,四川长虹空调有限公司
U0650,4995010,河南昊立智能科技有限公司
U0650,4995476,日出东方控股股份有限公司
U0650,4995747,新疆吉尔特电器有限公司
U0650,4996053,许昌佳宸热能科技有限公司
U0650,4996923,山西云旌科技有限公司
U0650,4998419,河南昊立智能科技有限公司
U0650,4999212,广东纽恩泰新能源科技股份有限公司
U0650,4999551,山东绿泉空调科技有限公司
U0650,5002424,陕西省建筑设计研究院(集团)有限公司
U0650,5002906,安徽恒源技研化工有限公司
U0650,5003038,珠海格力电器股份有限公司
U0650,5003652,广东纽恩泰新能源科技股份有限公司
U0650,5003701,新疆天锅锅炉制造有限公司
U0650,5004056,胜利油田华滨福利机电有限责任公司
U0650,5004154,广东纽恩泰新能源科技股份有限公司
U0650,5004167,山东鑫光节能科技有限公司
U0650,5005526,建科环能科技有限公司
U0650,5005835,哈尔滨工业大学
U0650,5005836,哈尔滨工业大学
U0650,5007611,山东德瑞斯新能源股份有限公司
U0650,5007706,靳宏杰
U0650,5008577,山东省农业科学院
U0650,5009098,克拉玛依市科力节能环保技术有限公司
U0650,5009180,江苏省特种设备安全监督检验研究院
U0650,5010369,广东tcl智能暖通设备有限公司
U0650,5010618,中环科工(宁夏)生态环境设计院有限公司
U0650,5010840,北京鑫舍暖通设备有限公司
U0650,5011079,广东tcl智能暖通设备有限公司
U0650,5073163,korea machinery and equipment tech co ltd
U0650,5076168,octopus energy heating ltd
U0650,5076172,octopus energy heating ltd
U0650,5076195,octopus energy heating ltd
U0650,5076673,유한회사 한국기계설비기술
U0650,4891832,安徽格美智能制造有限公司
U0650,4894581,中国科学院广州能源研究所
U0650,4896442,江苏天舒电器有限公司
U0650,4897223,江苏奥斯康新能源有限公司
U0650,4898604,南昌大学
U0650,4899032,杭州凌动汽车热管理科技有限公司
U0650,4899084,江苏奥斯康新能源有限公司
U0650,4900527,成都理工大学; 西华大学
U0650,4901862,国电投(河南)综合智慧能源有限公司
U0650,4902627,珠海格力电器股份有限公司
U0650,4903316,河南昊立智能科技有限公司
U0650,4903370,南京天加环境科技有限公司
U0650,4904548,北京中科仁和环保科技有限公司
U0650,4907371,山东大学
U0650,4909564,河北清华发展研究院
U0650,4910703,国网安徽省电力有限公司芜湖供电公司
U0650,4951905,山东历控能源有限公司
U0650,4952749,上海佰翱迈仕科技有限公司
U0650,4952768,中铁置业集团有限公司; 建科环能科技有限公司
U0650,4952942,智水一派科技股份有限公司
U0650,4953589,海南自贸区浩天能环境工程有限公司; 新疆浩天能环保科技有限公司; 三亚浩天能环保科技有限公司; 新疆浩天极丰环境科技有限公司
U0650,4954038,广东缔普节能设备有限公司
U0650,4954518,任丘市奥润采暖设备有限公司
U0650,4955833,中建八局第一建设有限公司
U0650,4956787,任丘市奥润采暖设备有限公司
U0650,4957039,上海诺通新能源科技有限公司
U0650,4958175,天普新能源科技有限公司; 天普新能源科技(天津)有限公司
U0650,4958926,佛山市浦路威电器设备有限公司
U0650,4959165,新疆摩力斯能源技术有限公司
U0650,4959168,新疆摩力斯能源技术有限公司
U0650,4959316,深圳市欧瑞博科技股份有限公司
U0650,4959393,深圳市欧瑞博科技股份有限公司
U0650,4959483,辽宁恒基节能科技实业有限公司
U0650,4959850,南京兴华建筑设计研究院股份有限公司
U0650,4960146,天津地热开发有限公司
U0650,4960498,佛山固德热科技有限公司
U0650,4960966,日出东方控股股份有限公司; 广东日出东方空气能有限公司
U0650,4961236,辽宁恒基节能科技实业有限公司
U0650,4962759,广东尧圣太阳能科技有限公司
U0650,4963081,合肥国轩高科动力能源有限公司
U0650,4963480,石家庄春卫新能源科技有限公司
U0650,4963582,新科环保科技有限公司
U0650,4963854,青岛易达联能石油科技有限公司
U0650,4964011,陕西海风热能科技有限公司
U0650,4964305,延安热立方新能源有限公司
U0650,4964738,长沙开尔文能源技术工程有限公司
U0650,4965113,研湖科技(天津)有限公司
U0650,4965812,合肥国轩高科动力能源有限公司
U0650,4966749,河北汲涞环保设备科技有限公司
U0650,4967084,天津锋尚智慧能源科技发展有限公司
U0650,4967159,中孚能环科技(北京)有限公司
U0650,4968056,武汉德威工程技术有限公司
U0650,4968210,内蒙古华梵能源科技有限公司
U0650,4968341,上海诺通新能源科技有限公司
U0650,4968474,山东科技大学; 青岛新奥清洁能源有限公司
U0650,4969627,广东芬尼科技股份有限公司
U0650,4969670,广州万二二麦工程技术有限公司
U0650,4969680,广州万二二麦工程技术有限公司
U0650,4970300,聊城新时代新能源设备股份有限公司
U0650,5018379,江苏奥斯康新能源有限公司
U0650,5019194,江苏海雷德蒙新能源(集团)有限公司
U0650,5019195,中联西北工程设计研究院有限公司
U0650,5021005,audi aktiengesellschaft
U0650,5022375,audi aktiengesellschaft
U0650,4971022,云南省设计院集团有限公司
U0650,5052604,yangtze river power share ltd company in china; 三峡電能有限公司
U0650,5062052,김흥주
U0650,5094138,"ut-battelle,  llc"
U0650,5103699,"shenzhen orvibo technology co.,  ltd."
U0650,4832658,brian workman; tyler olson
U0650,4837310,广东美的制冷设备有限公司
U0650,4837928,青岛经济技术开发区海尔热水器有限公司; 海尔智家股份有限公司
U0650,4842479,广东开利暖通空调股份有限公司
U0650,4843490,三百里(北京)节能科技有限公司
U0650,4843683,青岛科创蓝新能源股份有限公司
U0650,4844272,辽宁省鑫源绿色发展集团有限公司
U0650,4845542,西安交通大学
U0650,4848087,西安交通大学
U0650,4848567,上海电力大学
U0650,4848619,青岛经济技术开发区海尔热水器有限公司; 海尔智家股份有限公司
U0650,4848759,青岛海尔空调电子有限公司; 青岛海尔空调器有限总公司; 青岛海尔智能技术研发有限公司; 海尔智家股份有限公司
U0650,4849109,浙江力聚热能装备股份有限公司
U0650,4849809,河北工业大学
U0650,4850295,春风新能源科技有限公司
U0650,4850561,中山市爱美泰电器有限公司; 热立方科技(佛山市)有限公司
U0650,4850570,同济大学
U0650,4850623,青岛海信日立空调系统有限公司
U0650,4971529,广东纽恩泰新能源科技股份有限公司
U0650,4972342,伊诺新能源(浙江)有限公司
U0650,4972644,陕西众业机电工程有限公司
U0650,4973192,深圳市欧瑞博科技股份有限公司
U0650,4974414,陕西一德新能源科技有限公司
U0650,4974680,东莞市艾瑞科热能设备有限公司
U0650,4974928,徐州达希能源技术有限公司
U0650,4974933,山东奥思空调科技有限公司
U0650,4975176,金地新能源开发(大连)有限公司
U0650,4975949,长春工程学院
U0650,4976145,东莞市广越节能科技有限公司
U0650,4976364,任丘市奥润采暖设备有限公司
U0650,4976791,杨海军
U0650,4976881,齐齐哈尔米德罗环保科技有限公司
U0650,4977160,青岛阳氢集团有限公司
U0650,4977399,宁夏百新能源科技发展有限公司
U0650,4977670,长春工程学院
U0650,4978104,张山园
U0650,4978136,广西芳茂智能科技有限公司
U0650,4978395,苏州领跑者能源科技有限公司
U0650,4978459,湖北正创新能源科技有限公司
U0650,4978484,大连鸿鼎热能技术有限公司
U0650,4978973,太原市再生能源供热有限公司
U0650,4979011,大连华联制冷设备有限公司
U0650,4979148,上海旗照制冷科技有限公司
U0650,4979764,青岛海尔中央空调有限公司; 青岛海尔空调器有限总公司; 海尔智家股份有限公司
U0650,4980736,天津安捷物联科技股份有限公司
U0650,4980876,天津安捷物联科技股份有限公司
U0650,4981315,宁夏百新能源科技发展有限公司
U0650,4981603,北京金万众空调制冷设备有限责任公司
U0650,4982581,云南云铝物流投资有限公司
U0650,4982879,南京特莱盛能源科技有限公司
U0650,4983350,山东格瑞德环境科技有限公司
U0650,4983508,四川城市技师学院
U0650,4983819,浙江中烟工业有限责任公司
U0650,4984922,合肥荣事达太阳能有限公司
U0650,4985490,广州市长顺环保科技有限公司
U0650,4985517,张家港德泰储能装备有限公司
U0650,4985597,中国建筑第四工程局有限公司
U0650,4986220,骊阳(广东)节能科技股份有限公司
U0650,4986425,佛山市顺德区约利节能设备有限公司
U0650,4986970,晟越新能源(邯郸)有限公司
U0650,4987050,湖北正创新能源科技有限公司
U0650,4987297,鑫磊压缩机股份有限公司
U0650,4987441,北京金万众空调制冷设备有限责任公司
U0650,4987690,山东小鸭集团小家电有限公司
U0650,4987731,保定港鑫通用设备制造有限公司
U0650,4987803,徐州达希能源技术有限公司
U0650,4987922,上海竑昱机电设备有限公司
U0650,4988509,保定港鑫通用设备制造有限公司
U0650,4988634,中电寰慧张家口热力有限公司
U0650,4988693,苏州苏暖新能源节能技术服务有限公司
U0650,4988931,刘岩; 山东科灵节能装备股份有限公司
U0650,4989195,河北洲格新能源科技有限公司
U0650,4989345,淮南嘉利新能源技术有限公司
U0650,4989463,河北洲格新能源科技有限公司
U0650,4989546,青岛海信博世空调系统有限公司
U0650,4990532,广东纽恩泰新能源科技股份有限公司
U0650,4990608,浙江戴纳斯帝热泵科技有限公司
U0356_KG,5017904,国网江苏省电力有限公司镇江供电分公司
U0356_KG,5018008,国网能源研究院有限公司; 国网福建省电力有限公司; 北京清能互联科技有限公司
U0356_KG,5018839,厦门闽投科技服务有限公司
U0356_KG,5019200,南京南瑞信息通信科技有限公司; 国网电力科学研究院有限公司; 国网湖北省电力有限公司武汉供电公司
U0356_KG,5007094,上海发电设备成套设计研究院有限责任公司
U0356_KG,5007816,国网山东省电力公司枣庄供电公司
U0356_KG,5007944,中科智能(山东)有限公司
U0356_KG,5008002,南京方能自动化设备有限公司
U0356_KG,5008375,深圳供电局有限公司
U0356_KG,5008774,深圳供电局有限公司
U0356_KG,5009010,国网湖北省电力有限公司技术培训中心
U0356_KG,4882740,北京中电普华信息技术有限公司; 国网经济技术研究院有限公司; 国网北京市电力公司
U0356_KG,4882927,国网浙江省电力有限公司金华供电公司; 北京科东电力控制系统有限责任公司
U0356_KG,4882989,国网浙江省电力有限公司衢州供电公司
U0356_KG,4883152,北京妙微科技有限公司
U0356_KG,4883168,安徽明生恒卓科技有限公司
U0356_KG,4883170,安徽明生恒卓科技有限公司
U0356_KG,4883312,广东电网有限责任公司
U0356_KG,4883459,国网安徽省电力有限公司合肥供电公司; 国网安徽省电力有限公司电力科学研究院
U0356_KG,4883694,贵州电网有限责任公司
U0356_KG,4883732,国家电网有限公司客户服务中心
U0356_KG,4884064,国网山东省电力公司济南供电公司
U0356_KG,4884195,贵州电网有限责任公司
U0356_KG,4884200,贵州电网有限责任公司
U0356_KG,4884496,浙江大学
U0356_KG,4884513,安徽明生恒卓科技有限公司
U0356_KG,4884514,国家电网有限公司大数据中心; 国网信息通信产业集团有限公司; 国网浙江省电力有限公司信息通信分公司; 国家电网有限公司
U0356_KG,4884545,安徽明生恒卓科技有限公司
U0356_KG,4912232,国网新源控股有限公司; 河南天池抽水蓄能有限公司
U0356_KG,4912277,上海云创电气设备有限公司
U0356_KG,4912335,湖北天存信息技术有限公司
U0356_KG,4912353,隆瑞三优新能源汽车科技有限公司
U0356_KG,4912455,国网安徽省电力有限公司巢湖市供电公司; 国网安徽省电力有限公司; 国网安徽省电力有限公司肥西县供电公司
U0356_KG,4912871,北京洛斯达科技发展有限公司
U0356_KG,4913166,南网数字运营软件科技(广东)有限公司
U0356_KG,4913272,国网辽宁省电力有限公司大连供电公司
U0356_KG,4913458,国网内蒙古东部电力有限公司
U0356_KG,4913460,国网内蒙古东部电力有限公司通辽供电公司; 国电南瑞南京控制系统有限公司
U0356_KG,4913663,国家电网有限公司技术学院分公司; 山东电力高等专科学校; 国家电网有限公司
U0356_KG,4913683,国网江苏省电力有限公司信息通信分公司; 南京大学
U0356_KG,4913689,国网辽宁省电力有限公司电力科学研究院; 中国科学院沈阳计算技术研究所有限公司
U0356_KG,4913780,广东电网有限责任公司阳江供电局
U0356_KG,4913883,国网北京市电力公司; 国家电网有限公司
U0356_KG,4913904,北京华夏佳业新能源有限公司
U0356_KG,4914187,华能包头新能源发电有限公司; 西安热工研究院有限公司
U0356_KG,4914192,国网安徽省电力有限公司电力科学研究院
U0356_KG,4914204,中国南方电网有限责任公司超高压输电公司百色局
U0356_KG,4884706,中国电建集团北京勘测设计研究院有限公司
U0356_KG,4884819,华北电力科学研究院有限责任公司; 国家电网有限公司
U0356_KG,4884888,贵州乌江水电开发有限责任公司; 贵州乌江水电开发有限责任公司构皮滩发电厂
U0356_KG,4884991,江苏电力信息技术有限公司
U0356_KG,4885027,云南电网有限责任公司信息中心
U0356_KG,4885064,国网经济技术研究院有限公司
U0356_KG,4885141,广东电网有限责任公司阳江供电局
U0356_KG,4885268,国网辽宁省电力有限公司大连供电公司
U0356_KG,4885647,国网北京市电力公司
U0356_KG,4885746,国网浙江省电力有限公司信息通信分公司; 国网浙江省电力有限公司; 西安交通大学
U0356_KG,4885752,贵州电网有限责任公司
U0356_KG,4885832,国网信息通信产业集团有限公司; 北京国网信通埃森哲信息技术有限公司
U0356_KG,4885920,南方电网互联网服务有限公司
U0356_KG,4886020,山东鲁软数字科技有限公司
U0356_KG,4886228,贵州电网有限责任公司
U0356_KG,4886308,中国电力科学研究院有限公司; 国家电网有限公司; 国家电网有限公司华中分部
U0356_KG,4886341,国网湖北省电力有限公司武汉供电公司
U0356_KG,4886343,国网宁夏电力有限公司信息通信公司
U0356_KG,4886353,三峡大学; 国网吉林省电力有限公司电力科学研究院
U0356_KG,4886444,江苏宏源电气有限责任公司
U0356_KG,4886563,中国水利电力对外有限公司; 中水电电力发展有限公司
U0356_KG,4886643,国网四川省电力公司天府新区供电公司; 北京国网信通埃森哲信息技术有限公司
U0356_KG,4887006,贵州电网有限责任公司
U0356_KG,4887218,华润电力技术研究院有限公司
U0356_KG,4887286,国网河南省电力公司武陟县供电公司
U0356_KG,4887398,南方电网数字电网研究院股份有限公司
U0356_KG,4887420,北京市数智能碳科技有限公司
U0356_KG,4887472,湖北华中电力科技开发有限责任公司
U0356_KG,4887481,丹江口水利枢纽小水电有限公司
U0356_KG,4887483,青岛广汇达电气有限公司
U0356_KG,4887721,中国电力工程顾问集团西南电力设计院有限公司
U0356_KG,4887912,安徽继远软件有限公司
U0356_KG,4888210,贵州电网有限责任公司
U0356_KG,4888260,贵州电网有限责任公司
U0356_KG,4888315,海南电网有限责任公司
U0356_KG,4888368,南方电网调峰调频(广东)储能科技有限公司
U0356_KG,4888621,广东电网有限责任公司
U0356_KG,4888654,国网河南省电力公司武陟县供电公司
U0356_KG,4914362,中国南方电网有限责任公司超高压输电公司百色局
U0356_KG,4914568,国家电网有限公司华东分部
U0356_KG,4914623,深圳供电局有限公司
U0356_KG,4914882,中国电力科学研究院有限公司
U0356_KG,4914886,国网北京市电力公司
U0356_KG,4914969,国电南瑞科技股份有限公司
U0356_KG,4915509,国网四川省电力公司电力科学研究院
U0356_KG,4915605,广州南网科研技术有限责任公司
U0356_KG,4915800,国网安徽省电力有限公司电力科学研究院
U0356_KG,4915901,北京中电普华信息技术有限公司
U0356_KG,4916099,南京国电南自软件工程有限公司
U0356_KG,4916122,国网浙江省电力有限公司经济技术研究院; 浙江华云信息科技有限公司
U0356_KG,4916173,中国长江电力股份有限公司
U0356_KG,4888910,华能国际电力股份有限公司; 西安热工研究院有限公司
U0356_KG,4888918,贵州电网有限责任公司
U0356_KG,4888977,国网山西省电力公司吕梁供电公司
U0356_KG,4889444,中国电力工程顾问集团西南电力设计院有限公司
U0356_KG,4889467,贵州电网有限责任公司
U0356_KG,4889549,广东电网有限责任公司惠州供电局; 广东电网有限责任公司
U0356_KG,4889642,华能沾化新能源有限公司
U0356_KG,4889646,青海黄河上游水电开发有限责任公司西宁太阳能电力分公司; 青海黄河上游水电开发有限责任公司西安太阳能电力分公司; 青海黄河上游水电开发有限责任公司; 国家电投集团黄河上游水电开发有限责任公司
U0356_KG,4889841,国网安徽省电力有限公司马鞍山供电公司
U0356_KG,4890048,广西电网有限责任公司
U0356_KG,4890066,国网上海市电力公司
U0356_KG,4890290,阶梯项目咨询有限公司
U0356_KG,4890490,中国电力科学研究院有限公司
U0356_KG,4890560,杭州联汇科技股份有限公司
U0356_KG,4890608,山东电力工程咨询院有限公司
U0356_KG,4890626,国网浙江省电力有限公司绍兴供电公司
U0356_KG,4890701,广西电网有限责任公司
U0356_KG,4890828,国网天津市电力公司城东供电分公司; 国网天津市电力公司; 国家电网有限公司
U0356_KG,4916331,国网安徽省电力有限公司超高压分公司
U0356_KG,4916475,武汉大学; 中国电力科学研究院有限公司; 国网湖北省电力有限公司电力科学研究院
U0356_KG,4916502,广东电网有限责任公司电力调度控制中心; 广东电网有限责任公司
U0356_KG,4916554,国网江苏省电力有限公司经济技术研究院
U0356_KG,4916605,国网新源控股有限公司; 国网新源控股有限公司华东开发建设分公司; 浙江缙云抽水蓄能有限公司
U0356_KG,4916617,广州南网科研技术有限责任公司
U0356_KG,4916620,深圳供电局有限公司
U0356_KG,4916704,贵州电网有限责任公司
U0356_KG,4916916,贵州电网有限责任公司
U0356_KG,4916965,华能吉林能源销售有限公司
U0356_KG,4916988,广西电网有限责任公司
U0356_KG,4917083,华北电力科学研究院有限责任公司; 国家电网有限公司
U0356_KG,4917255,北京交通大学; 国网新疆电力有限公司经济技术研究院
U0356_KG,4917819,国网冀北电力有限公司计量中心
U0356_KG,4917862,国网江苏省电力有限公司经济技术研究院
U0356_KG,4917908,广东电网有限责任公司电力调度控制中心; 广东电网有限责任公司
U0356_KG,4917968,贵州电网有限责任公司
U0356_KG,4918066,华北电力科学研究院有限责任公司; 国家电网有限公司
U0356_KG,4891041,徐州新电高科电气有限公司
U0356_KG,4931417,杭州鹏泰电力设计咨询有限公司
U0356_KG,4931777,国网智能科技股份有限公司
U0356_KG,4931817,山东鲁软数字科技有限公司
U0356_KG,4931835,国网北京市电力公司
U0356_KG,4931962,南通沃太新能源有限公司
U0356_KG,4932325,麻栗坡县曼棍水力发电有限公司
U0356_KG,4932336,广西广投北部湾海上风力发电有限公司
U0356_KG,4932345,国网江苏省电力有限公司无锡供电分公司
U0356_KG,4932384,国家电网公司东北分部
U0356_KG,4932571,国网上海市电力公司; 广联达科技股份有限公司
U0356_KG,4932725,国网智能科技股份有限公司
U0356_KG,4932744,国能大渡河流域水电开发有限公司
U0356_KG,4918363,中国长江电力股份有限公司
U0356_KG,4918398,国网北京市电力公司
U0356_KG,4918400,国网北京市电力公司
U0356_KG,4918410,中国电力科学研究院有限公司; 北京电力交易中心有限公司; 国网辽宁省电力有限公司电力科学研究院; 国家电网有限公司
U0356_KG,4918438,苏州闻道网络科技股份有限公司
U0356_KG,4918534,中国电子科技集团公司第十研究所
U0356_KG,4918606,云南电网有限责任公司
U0356_KG,4918704,深圳供电局有限公司
U0356_KG,4918809,贵州电网有限责任公司
U0356_KG,4918863,百色新铝电力有限公司
U0356_KG,4919078,国网河南省电力公司信息通信分公司
U0356_KG,4919109,国网信息通信产业集团有限公司
U0356_KG,4919128,国网上海市电力公司; 武汉大学
U0356_KG,4919352,内蒙古电力(集团)有限责任公司内蒙古超高压供电分公司
U0356_KG,4919458,云南电网有限责任公司电力科学研究院
U0356_KG,4919534,国能长源汉川发电有限公司
U0356_KG,4919544,国网北京市电力公司; 北京电力工程有限公司
U0356_KG,4919551,四川紫兰坝水电开发有限责任公司
U0356_KG,4919864,浙江大有实业有限公司钱塘分公司
U0356_KG,4919866,广东电网有限责任公司电力调度控制中心
U0356_KG,4919923,国网湖北省电力有限公司洪湖市供电公司
U0356_KG,4920304,北京智芯微电子科技有限公司
U0356_KG,4920384,武汉电擎未来科技有限公司
U0356_KG,4932893,国网上海市电力公司
U0356_KG,4933083,南阳飞龙电力设计有限公司; 南阳飞龙电力集团有限公司
U0356_KG,4933091,广东电网有限责任公司信息中心
U0356_KG,4933192,国网新疆电力有限公司信息通信公司
U0356_KG,4933204,云南电网有限责任公司数智运营中心
U0356_KG,4933293,广西电网有限责任公司钦州供电局
U0356_KG,4933316,国家电网有限公司客户服务中心
U0356_KG,4933360,国网四川省电力公司广元供电公司
U0356_KG,4933376,国网江苏省电力有限公司物资分公司; 江苏电力信息技术有限公司
U0356_KG,4933676,福建亿榕信息技术有限公司
U0356_KG,4933677,福建亿榕信息技术有限公司
U0356_KG,4933739,国网思极网安科技(北京)有限公司; 国网信息通信产业集团有限公司
U0356_KG,4933771,国网汇通金财(北京)信息科技有限公司
U0356_KG,4933774,国网汇通金财(北京)信息科技有限公司
U0356_KG,4933812,国网河南省电力公司荥阳市供电公司
U0356_KG,4933871,国能大渡河大岗山发电有限公司
U0356_KG,4933990,浙江新至数碳科技有限公司
U0356_KG,4934020,国网福建省电力有限公司; 国网福建省电力有限公司福州供电公司; 国网信通亿力科技有限责任公司
U0356_KG,4934161,首都电力交易中心有限公司; 北京国网信通埃森哲信息技术有限公司
U0356_KG,4934299,深圳供电局有限公司
U0356_KG,4934353,国网上海市电力公司
U0356_KG,4934489,四川思极科技有限公司
U0356_KG,4934725,湖南省湘电试验研究院有限公司
U0356_KG,4934734,北京卓识网安技术股份有限公司
U0356_KG,4934744,中国南方电网有限责任公司超高压输电公司广州局
U0356_KG,4934762,广东电网有限责任公司汕头供电局; 南方电网科学研究院有限责任公司
U0356_KG,4934793,国网河南省电力公司; 河南送变电建设有限公司
U0356_KG,4934840,国网山东省电力公司济宁供电公司
U0356_KG,4920394,国网信通亿力科技有限责任公司
U0356_KG,4920395,国网信通亿力科技有限责任公司
U0356_KG,4920402,国网辽宁省电力有限公司物资分公司
U0356_KG,4920408,国网辽宁省电力有限公司物资分公司
U0356_KG,4920453,广东电网有限责任公司电力调度控制中心; 广东电网有限责任公司
U0356_KG,4920506,一点亮(北京)能源科技有限公司
U0356_KG,4920678,国网福建省电力有限公司漳州供电公司; 国网福建省电力有限公司
U0356_KG,4920757,国网河南省电力公司商丘供电公司
U0356_KG,4920979,国网信通亿力科技有限责任公司
U0356_KG,4921060,厦门智电未来智能科技有限公司
U0356_KG,4921421,国网河南省电力公司信息通信分公司; 国网河南省电力公司
U0356_KG,4921735,深圳供电局有限公司
U0356_KG,4921845,国网江苏省电力有限公司经济技术研究院
U0356_KG,4921846,国网江苏省电力有限公司经济技术研究院
U0356_KG,4921965,国网福建省电力有限公司南平供电公司; 国网福建省电力有限公司
U0356_KG,4921989,国网天津市电力公司经济技术研究院; 国网天津市电力公司; 国家电网有限公司
U0356_KG,4922039,长春工程学院
U0356_KG,4922105,国网河南省电力公司信息通信分公司; 国网河南省电力公司
U0356_KG,4922120,陕西大秦电能集团有限公司西咸新区分公司
U0356_KG,4922142,国家电投集团数字科技有限公司
U0356_KG,4922233,国网四川省电力公司电力科学研究院
U0356_KG,4922275,国网辽宁省电力有限公司信息通信分公司
U0356_KG,4922399,国网北京市电力公司; 国家电网有限公司; 北京电力经济技术研究院有限公司; 中科南京人工智能创新研究院
U0356_KG,4934966,国网安徽省电力有限公司电力科学研究院; 安徽明生恒卓科技有限公司
U0356_KG,4935113,国网河南省电力公司经济技术研究院
U0356_KG,4935239,四川华电木里河水电开发有限公司
U0356_KG,4935283,国网福建省电力有限公司
U0356_KG,4935403,新疆大学
U0356_KG,4935512,深圳供电局有限公司
U0356_KG,4935656,南网数字运营软件科技(广东)有限公司
U0356_KG,4935843,国网湖北省电力有限公司电力科学研究院; 武汉高德智感科技有限公司
U0356_KG,4936119,广东电网有限责任公司电力调度控制中心; 广东电网有限责任公司
U0356_KG,4936192,珠海优特电力科技股份有限公司
U0356_KG,4936294,广东电网有限责任公司汕头供电局; 南方电网科学研究院有限责任公司
U0356_KG,4936319,国网上海市电力公司
U0356_KG,4936536,北京铭商云科技有限公司
U0356_KG,4936601,内蒙古电力(集团)有限责任公司内蒙古电力科学研究院分公司
U0356_KG,4936648,山东安能信息技术有限公司
U0356_KG,4936957,国网山东省电力公司诸城市供电公司
U0356_KG,4936973,广东电网有限责任公司; 广东电网有限责任公司数智运营中心
U0356_KG,4922731,国网上海电力设计有限公司
U0356_KG,4922840,广东电网有限责任公司电力调度控制中心
U0356_KG,4922974,国网经济技术研究院有限公司; 国网湖北省电力有限公司经济技术研究院
U0356_KG,4923167,山东鲁软数字科技有限公司
U0356_KG,4923320,江苏顺隆鸿泰电力设备有限公司
U0356_KG,4923379,安徽继远软件有限公司
U0356_KG,4923460,郑州大学
U0356_KG,4923634,中国长江三峡集团有限公司
U0356_KG,4924104,云南电网有限责任公司数智运营中心
U0356_KG,4924300,西安高压电器研究院股份有限公司
U0356_KG,4924450,国网山东省电力公司济宁供电公司
U0356_KG,4936985,广东森旭通用设备科技有限公司
U0356_KG,4937354,国网河南省电力公司信息通信分公司
U0356_KG,4937476,国网辽宁省电力有限公司铁岭供电公司
U0356_KG,4937521,福建亿榕信息技术有限公司
U0356_KG,4937543,长春天泰电力工程有限公司; 长春工程学院
U0356_KG,4937736,国网山西省电力有限公司太原供电分公司
U0356_KG,4937824,云南电网有限责任公司电力科学研究院
U0356_KG,4937941,国网湖北电力实业有限公司
U0356_KG,4938017,福建亿榕信息技术有限公司
U0356_KG,4938079,青海绿能数据有限公司
U0356_KG,4938080,青海绿能数据有限公司
U0356_KG,4938186,广东电网有限责任公司汕头供电局; 南方电网科学研究院有限责任公司
U0356_KG,4938424,甘肃科源电力集团有限公司; 北京国网信通埃森哲信息技术有限公司
U0356_KG,4938433,北京国网信通埃森哲信息技术有限公司
U0356_KG,4938473,国网吉林招标有限公司
U0356_KG,4938504,广东电网有限责任公司汕头供电局; 南方电网科学研究院有限责任公司
U0356_KG,4938660,国网冀北电力有限公司张家口供电公司; 国网冀北电力有限公司智能配电网中心
U0356_KG,4938895,南方电网电力科技股份有限公司
U0356_KG,4924490,国网河南省电力公司超高压公司
U0356_KG,4924542,南方电网数字电网科技(广东)有限公司
U0356_KG,4924773,国网四川省电力公司资阳供电公司
U0356_KG,4924891,山东海纳智能装备科技股份有限公司
U0356_KG,4924957,深圳思特顺科技有限公司
U0356_KG,4925049,国网湖南省电力有限公司经济技术研究院; 国网湖南省电力有限公司; 国家电网有限公司
U0356_KG,4925226,国电南京自动化股份有限公司
U0356_KG,4925371,数盾信息科技股份有限公司
U0356_KG,4925435,南方电网科学研究院有限责任公司; 中国南方电网有限责任公司
U0356_KG,4925481,中国电力科学研究院有限公司; 北京电力交易中心有限公司; 国网辽宁省电力有限公司电力科学研究院; 国家电网有限公司
U0356_KG,4925485,国网江西省电力有限公司信息通信分公司
U0356_KG,4925670,国网辽宁省电力有限公司电力科学研究院; 烽台科技(北京)有限公司; 北京邮电大学; 沈阳工程学院
U0356_KG,4926186,中国南方电网有限责任公司超高压输电公司南宁局
U0356_KG,4926250,国网浙江省电力有限公司宁波供电公司
U0356_KG,4939093,云南电网有限责任公司数智运营中心
U0356_KG,4939244,广东电网有限责任公司电力调度控制中心
U0356_KG,4939248,广东电网有限责任公司电力科学研究院; 广东电网有限责任公司
U0356_KG,4939865,南方电网数字电网集团有限公司
U0356_KG,4939989,长园深瑞继保自动化有限公司
U0356_KG,4940184,重庆邮电大学
U0356_KG,4940344,北京谦润和科技有限公司
U0356_KG,4940392,合肥鸣威电子科技有限公司
U0356_KG,4940479,天津大学
U0356_KG,4940522,国网湖北省电力有限公司洪湖市供电公司
U0356_KG,4940604,果下科技股份有限公司
U0356_KG,4940859,国网青海省电力公司经济技术研究院; 国网青海省电力公司清洁能源发展研究院; 国网青海省电力公司
U0356_KG,4926540,国家电网有限公司华东分部; 国网安徽省电力有限公司
U0356_KG,4926633,国网重庆市电力公司经济技术研究院; 国网重庆市电力公司
U0356_KG,4926873,国网四川省电力公司技能培训中心; 四川电力职业技术学院
U0356_KG,4926970,云南电网有限责任公司
U0356_KG,4927160,华北电力科学研究院有限责任公司; 国家电网有限公司
U0356_KG,4927244,国网冀北电力有限公司唐山供电公司
U0356_KG,4927295,北京创新云启科技发展有限公司
U0356_KG,4927417,国网福建省电力有限公司电力科学研究院; 国网福建省电力有限公司
U0356_KG,4927422,中国电力科学研究院有限公司; 国家电网有限公司
U0356_KG,4927576,三峡巴州若羌能源有限公司; 中国长江三峡集团有限公司
U0356_KG,4927772,国网电力科学研究院有限公司; 国网江苏省电力有限公司; 国网江苏省电力有限公司宿迁供电分公司; 国家电网有限公司
U0356_KG,4927797,国网山东省电力公司电力科学研究院; 国网山东省电力公司烟台供电公司; 南京理工大学
U0356_KG,4927808,国网宁夏电力有限公司超高压公司
U0356_KG,4928258,国网福建省电力有限公司漳州供电公司; 国网福建省电力有限公司
U0356_KG,4928297,沈阳工程学院
U0356_KG,4928417,国网信息通信产业集团有限公司; 国网思极网安科技(北京)有限公司
U0356_KG,4928502,国网信通亿力科技有限责任公司
U0356_KG,4928503,国网信通亿力科技有限责任公司
U0356_KG,4941559,国网四川省电力公司资阳供电公司
U0356_KG,4941835,国网新疆电力有限公司培训中心
U0356_KG,4942037,广西桂冠电力股份有限公司; 龙滩水电开发有限公司龙滩水力发电厂
U0356_KG,4942334,国网四川省电力公司电力科学研究院
U0356_KG,4942575,国网辽宁省电力有限公司; 国网甘肃省电力公司; 国网湖南省电力有限公司; 北京国网信通埃森哲信息技术有限公司
U0356_KG,4942949,南京苏逸实业有限公司; 南京苏逸实业有限公司科技信息网络分公司
U0356_KG,4943004,广东电网有限责任公司珠海供电局
U0356_KG,4943022,国网四川省电力公司电力应急中心
U0356_KG,4928641,北京指点互娱科技有限公司
U0356_KG,4928973,国网智能科技股份有限公司
U0356_KG,4929054,清华大学深圳国际研究生院; 东方电子股份有限公司
U0356_KG,4929064,华能国际电力股份有限公司; 西安热工研究院有限公司
U0356_KG,4929162,国网冀北电力有限公司; 国网冀北电力有限公司张家口供电公司
U0356_KG,4929243,国网智能科技股份有限公司
U0356_KG,4929249,河北万博电器有限公司
U0356_KG,4929288,广东电网有限责任公司广州供电局
U0356_KG,4929318,国网辽宁省电力有限公司经济技术研究院
U0356_KG,4929321,鸿浩电力设备有限公司
U0356_KG,4929494,国网安徽省电力有限公司; 国网安徽省电力有限公司信息通信分公司; 北京国网信通埃森哲信息技术有限公司
U0356_KG,4929579,广东电网有限责任公司广州供电局
U0356_KG,4929598,国网吉林省电力有限公司松原供电公司; 宁波大学科学技术学院
U0356_KG,4929635,湖北第二师范学院
U0356_KG,4929751,安徽明生恒卓科技有限公司
U0356_KG,4929778,三峡智慧水务科技有限公司
U0356_KG,4929979,兰州科迪森电力有限公司
U0356_KG,4929981,国网天津市电力公司电力科学研究院; 国网天津市电力公司; 国家电网有限公司
U0356_KG,4930040,国网上海市电力公司
U0356_KG,4930041,国网上海市电力公司
U0356_KG,4930159,江西博微新技术有限公司
U0356_KG,4930235,北京国电通网络技术有限公司; 国网信息通信产业集团有限公司
U0356_KG,4930302,国网四川省电力公司电力科学研究院
U0356_KG,4930435,贵州电网有限责任公司
U0356_KG,4930458,国网上海市电力公司
U0356_KG,4930508,国网上海市电力公司
U0356_KG,4930602,中国大唐集团数字科技有限公司
U0356_KG,4943274,辽宁大唐国际新能源有限公司
U0356_KG,4943307,中国南方电网有限责任公司
U0356_KG,4943370,广东电网有限责任公司数智运营中心
U0356_KG,4943444,国网信息通信产业集团有限公司; 福建亿榕信息技术有限公司
U0356_KG,4943958,无锡学院
U0356_KG,4944160,国网安徽省电力有限公司淮北供电公司
U0356_KG,4944277,国网湖南省电力有限公司; 国网湖南省电力有限公司长沙供电分公司; 国家电网有限公司
U0356_KG,4944364,南京大学; 新疆维吾尔自治区应急管理科学研究院(新疆维吾尔自治区化学品登记中心、新疆维吾尔自治区劳动防护用品质量监督检验站)
U0356_KG,4944442,广东电网有限责任公司; 广东电网有限责任公司信息中心
U0356_KG,4944507,四川省明厚天信息技术股份有限公司
U0356_KG,4944621,国网冀北电力有限公司承德供电公司
U0356_KG,4944632,新电立(北京)科技有限公司
U0356_KG,4945095,国网上海市电力公司; 东南大学
U0356_KG,4945118,中国南方电网有限责任公司
U0356_KG,4930719,山东浪潮智慧能源科技有限公司
U0356_KG,4930760,北京华软恒信科技发展有限公司
U0356_KG,4930764,国网安徽省电力有限公司宿州供电公司
U0356_KG,4930839,河南天通电力有限公司
U0356_KG,4930843,国网北京市电力公司; 中国电子技术标准化研究院
U0356_KG,4991091,广西电网有限责任公司
U0356_KG,4991104,广西电网有限责任公司
U0356_KG,4991344,国网山西省电力有限公司太原供电分公司
U0356_KG,4991358,国网北京市电力公司; 国家电网有限公司
U0356_KG,4991390,北京数洋智慧科技有限公司
U0356_KG,4991547,国网山西省电力有限公司太原供电分公司
U0356_KG,4991567,桂林电子科技大学
U0356_KG,4991812,华能包头新能源发电有限公司; 西安热工研究院有限公司
U0356_KG,4992123,国网辽宁省电力有限公司经济技术研究院
U0356_KG,4992162,广东电网有限责任公司江门供电局
U0356_KG,4992237,国网湖北省电力有限公司宜昌供电公司; 三峡大学; 国网湖北省电力有限公司
U0356_KG,4992287,济南市建设工程勘察设计质量监督站
U0356_KG,4992372,智洋创新科技股份有限公司
U0356_KG,4992398,上海电器科学研究所(集团)有限公司; 上海联联睿科能源科技有限公司
U0356_KG,4992426,云南电网有限责任公司德宏供电局
U0356_KG,4992594,国网山西省电力有限公司营销服务中心; 国网山西省电力有限公司太原供电分公司
U0356_KG,4945194,北京鲁电国际电力工程有限公司
U0356_KG,4945739,江苏华电通州热电有限公司
U0356_KG,4945872,山东登远信息科技有限公司
U0356_KG,4945916,国电南瑞科技股份有限公司; 国网天津市电力公司
U0356_KG,4945929,国网江苏省电力有限公司电力科学研究院; 国网江苏省电力有限公司; 江苏省电力试验研究院有限公司
U0356_KG,4946268,江西变电设备有限公司
U0356_KG,4946644,国网上海市电力公司
U0356_KG,4946654,内蒙古京宁热电有限责任公司
U0356_KG,4946870,华能能源交通产业控股有限公司
U0356_KG,4947141,武汉恒诚智创信息科技有限公司
U0356_KG,4947151,陕西中试电力科技有限公司; 国网陕西省电力有限公司电力科学研究院
U0356_KG,4992771,华能能源交通产业控股有限公司
U0356_KG,4992992,山东正晨科技股份有限公司
U0356_KG,4993423,南京南瑞信息通信科技有限公司
U0356_KG,4993603,华能太仓发电有限责任公司
U0356_KG,4993692,湖北兴屹电气集团有限公司
U0356_KG,4993751,浙江大学
U0356_KG,4993931,国家电网有限公司西北分部
U0356_KG,4994324,国网上海市电力公司
U0356_KG,4994352,浙江卓亚科技有限公司
U0356_KG,4994461,国家能源集团永州发电有限公司
U0356_KG,4994553,北京冠宇信息科技股份有限公司
U0356_KG,4994554,国网浙江省电力有限公司台州市路桥区供电公司
U0356_KG,4994571,南京南瑞信息通信科技有限公司
U0356_KG,4891849,国网智能科技股份有限公司
U0356_KG,4891935,中国南方电网有限责任公司
U0356_KG,4892460,广东电网有限责任公司
U0356_KG,4892517,国网河南省电力公司信息通信分公司
U0356_KG,4892522,上海电力大学
U0356_KG,4892696,华南理工大学
U0356_KG,4892922,国网江西省电力有限公司电力科学研究院; 国网江西省电力有限公司南昌供电分公司
U0356_KG,4892923,贵州电网有限责任公司
U0356_KG,4892957,常州常供电力设计院有限公司
U0356_KG,4893099,北京国电通网络技术有限公司; 国网信息通信产业集团有限公司
U0356_KG,4893201,国家电网有限公司客户服务中心
U0356_KG,4893320,国网江苏省电力有限公司宿迁供电分公司; 国网江苏省电力有限公司泗阳县供电分公司
U0356_KG,4893332,广西电网有限责任公司电力科学研究院
U0356_KG,4893428,国网上海市电力公司
U0356_KG,4893633,国网江西省电力有限公司南昌供电分公司
U0356_KG,4893720,南方电网数字传媒科技有限公司
U0356_KG,4994727,国网江苏省电力有限公司淮安供电分公司; 国网江苏省电力有限公司
U0356_KG,4994797,上海义顺工程管理咨询有限公司
U0356_KG,4994801,浙江华云信息科技有限公司; 国网浙江省电力有限公司
U0356_KG,4994906,内蒙古工业大学
U0356_KG,4994928,四川嘉能佳电力集团有限责任公司
U0356_KG,4995144,南京南瑞信息通信科技有限公司
U0356_KG,4995208,新疆鲲鹏信息技术有限公司
U0356_KG,4995228,国网浙江省电力有限公司经济技术研究院
U0356_KG,4995263,郑州龙华机电工程有限公司
U0356_KG,4995366,广西电网有限责任公司
U0356_KG,4995368,广西电网有限责任公司
U0356_KG,4995436,广东电网有限责任公司梅州供电局
U0356_KG,4995470,广东云山能源科技有限公司
U0356_KG,4995571,广东中兴电器开关股份有限公司
U0356_KG,4995949,中国电力科学研究院有限公司; 国网山东省电力公司; 国家电网有限公司
U0356_KG,4995980,海南美亚电能有限公司
U0356_KG,4996304,杭州艾草信息服务有限公司
U0356_KG,4996383,国电南京自动化股份有限公司
U0356_KG,4996472,国网江西省电力有限公司超高压分公司
U0356_KG,4996484,国网江西省电力有限公司超高压分公司
U0356_KG,4996558,国网江西省电力有限公司电力科学研究院; 中国科学技术大学
U0356_KG,4996559,国网江西省电力有限公司电力科学研究院; 中国科学技术大学
U0356_KG,4996670,长沙德自信息技术有限公司
U0356_KG,4893897,河南送变电建设有限公司
U0356_KG,4893917,广东电网有限责任公司广州供电局
U0356_KG,4894062,新疆大学; 国网新疆电力有限公司营销服务中心
U0356_KG,4894253,国网安徽省电力有限公司; 国网安徽省电力有限公司电力科学研究院; 国网安徽省电力有限公司宣城供电公司
U0356_KG,4894368,中国南方电网有限责任公司超高压输电公司电力科研院
U0356_KG,4894401,国网山东省电力公司电力科学研究院
U0356_KG,4894475,国网宁夏电力有限公司电力科学研究院; 合肥工业大学; 中国电力科学研究院有限公司; 国网宁夏电力有限公司
U0356_KG,4894498,国网福建省电力有限公司漳州供电公司
U0356_KG,4894688,贵州电网有限责任公司
U0356_KG,4894907,国网浙江省电力有限公司衢州供电公司
U0356_KG,4894913,中国电力科学研究院有限公司; 国家电网有限公司; 国家电网有限公司华中分部
U0356_KG,4895033,贵州乌江水电开发有限责任公司大龙分公司
U0356_KG,4895080,国网吉林省电力有限公司电力科学研究院; 吉林省电力科学研究院有限公司
U0356_KG,4895100,南方电网调峰调频(广东)储能科技有限公司
U0356_KG,4895183,南京悠阔电气科技有限公司
U0356_KG,4895297,广东电网有限责任公司广州供电局
U0356_KG,4895456,深圳市国电科技通信有限公司
U0356_KG,4895515,中国电力科学研究院有限公司
U0356_KG,4895533,南京南瑞瑞中数据股份有限公司; 国网电力科学研究院有限公司
U0356_KG,4895609,云南电网有限责任公司
U0356_KG,4895647,国网甘肃省电力公司营销服务中心
U0356_KG,4895913,江苏电力信息技术有限公司
U0356_KG,4949339,华北电力科学研究院有限责任公司; 国家电网有限公司
U0356_KG,4949392,广东电网有限责任公司珠海供电局
U0356_KG,4949505,国网江苏省电力有限公司建设分公司
U0356_KG,4949955,国网上海市电力公司
U0356_KG,4949987,安徽继远软件有限公司
U0356_KG,4949991,福建亿榕信息技术有限公司
U0356_KG,4950103,国网冀北电力有限公司张家口供电公司
U0356_KG,4950159,国网河北省电力有限公司营销服务中心; 国家电网有限公司
U0356_KG,4950499,中国长江三峡集团有限公司
U0356_KG,4950502,广西电网有限责任公司
U0356_KG,4950507,三峡大学
U0356_KG,4950510,三峡大学
U0356_KG,4950594,广东华电清远能源有限公司; 济南奔腾时代电力科技有限公司
U0356_KG,4950608,中国长江三峡集团有限公司
U0356_KG,4950622,慧电科技(苏州)有限公司
U0356_KG,4950697,中国电建集团河南省电力勘测设计院有限公司; 中国电建集团华中电力设计研究院有限公司
U0356_KG,4950813,中国电力科学研究院有限公司; 北京科技大学
U0356_KG,4950898,南方电网数字电网科技(广东)有限公司
U0356_KG,5011223,国网陕西省电力有限公司电力科学研究院
U0356_KG,5011285,国网湖北省电力有限公司技术培训中心
U0356_KG,5011305,南方电网科学研究院有限责任公司
U0356_KG,4896060,成都城电电力工程设计有限公司
U0356_KG,4896246,南方电网科学研究院有限责任公司; 贵州电网有限责任公司
U0356_KG,4896281,河北师范大学
U0356_KG,4896471,广东电网有限责任公司汕尾供电局
U0356_KG,4896561,中国大唐集团科学技术研究总院有限公司; 中国大唐集团科学技术研究总院有限公司中南电力试验研究院
U0356_KG,4896789,中国南方电网有限责任公司
U0356_KG,4896794,贵州电网有限责任公司
U0356_KG,4896839,南京苏逸实业有限公司; 南京苏逸实业有限公司科技信息网络分公司
U0356_KG,4897000,国网信息通信产业集团有限公司; 北京国网信通埃森哲信息技术有限公司
U0356_KG,4897036,福建亿兴电力设计院有限公司
U0356_KG,4897084,广东电网有限责任公司广州供电局
U0356_KG,4897096,国网福建省电力有限公司
U0356_KG,4897152,国家电网有限公司技术学院分公司; 国家电网有限公司; 山东电力高等专科学校
U0356_KG,4897188,国家电网有限公司华东分部
U0356_KG,4897407,广东电网有限责任公司
U0356_KG,4897417,北京四方继保自动化股份有限公司; 北京四方继保工程技术有限公司
U0356_KG,4897568,国网甘肃省电力公司电力科学研究院
U0356_KG,4897629,南方电网人工智能科技有限公司
U0356_KG,4897739,国家电网有限公司技术学院分公司; 山东电力高等专科学校; 国家电网有限公司
U0356_KG,4897761,广东电网有限责任公司广州供电局
U0356_KG,4897894,清远市凯誉工程监理有限公司
U0356_KG,4898242,国网河南省电力公司电力科学研究院; 国网河南省电力公司; 国家电网有限公司
U0356_KG,4898411,国网河南省电力公司漯河供电公司
U0356_KG,4898482,广东电网有限责任公司珠海供电局
U0356_KG,4898505,安徽明生恒卓科技有限公司
U0356_KG,4898536,北京中电普华信息技术有限公司; 华北电力大学
U0356_KG,4898917,国网天津市电力公司; 天津大学
U0356_KG,4899349,中国南方电网有限责任公司
U0356_KG,4899478,宜昌南瑞永光电气设备有限公司
U0356_KG,4899742,国网冀北电力有限公司秦皇岛供电公司
U0356_KG,4899752,浙江黑卡电气有限公司
U0356_KG,4900087,江苏国华管塔制造有限公司
U0356_KG,4900342,国网山东省电力公司电力科学研究院
U0356_KG,4900867,浙江省通信产业服务有限公司
U0356_KG,4900923,无锡广盈集团有限公司
U0356_KG,4901574,贵州安融科技发展有限公司; 国网湖北省电力有限公司荆门供电公司; 荆门市荆科盛和电力技术有限责任公司
U0356_KG,4901702,广东电网有限责任公司广州供电局
U0356_KG,4901961,国网电力科学研究院有限公司; 北京科东电力控制系统有限责任公司
U0356_KG,5002982,国网四川省电力公司电力科学研究院
U0356_KG,5003186,国网江苏省电力有限公司镇江供电分公司
U0356_KG,5003380,北京华能新锐控制技术有限公司; 西安热工研究院有限公司; 华能吉林发电有限公司新能源分公司
U0356_KG,5003463,内蒙古海瑞科技有限责任公司
U0356_KG,5003588,内蒙古工业大学
U0356_KG,5003659,八方智能科技(南京)有限公司
U0356_KG,5003887,国电南瑞南京控制系统有限公司
U0356_KG,5003985,国网吉林省电力有限公司电力科学研究院; 国网吉林省电力有限公司; 东北电力大学; 吉林省电力科学研究院有限公司
U0356_KG,5004365,建元未来城市投资发展有限公司
U0356_KG,5004544,青岛海尔新能源科技有限公司
U0356_KG,5004794,大唐水电科学技术研究院有限公司
U0356_KG,4902187,贵州电网有限责任公司; 南方电网科学研究院有限责任公司
U0356_KG,4902251,北京市数智能碳科技有限公司
U0356_KG,4902439,国网信息通信产业集团有限公司; 北京国电通网络技术有限公司; 国网宁夏电力有限公司经济技术研究院; 国网经济技术研究院有限公司
U0356_KG,4902586,国网安徽省电力有限公司芜湖供电公司; 国网安徽省电力有限公司
U0356_KG,4902649,国网河南省电力公司许昌市建安供电公司
U0356_KG,4902750,国家电网有限公司客户服务中心
U0356_KG,4903176,三峡陆上新能源投资有限公司; 中国长江三峡集团有限公司
U0356_KG,4903198,厦门闽投科技服务有限公司
U0356_KG,4903212,珠海万力达电气技术股份有限公司
U0356_KG,4903329,广东电网有限责任公司广州供电局; 南方电网科学研究院有限责任公司
U0356_KG,4903352,广东电网有限责任公司
U0356_KG,4903371,安徽新力电业科技有限责任公司; 国网安徽省电力有限公司电力科学研究院
U0356_KG,4903456,国网山东综合能源服务有限公司
U0356_KG,4903473,国网山东省电力公司德州供电公司; 国网经济技术研究院有限公司; 国网山东省电力公司
U0356_KG,4904102,中国电建集团贵州电力设计研究院有限公司
U0356_KG,4851737,北京交通大学
U0356_KG,4851889,南京邮电大学
U0356_KG,4852936,广东电网有限责任公司河源供电局; 浙江大学
U0356_KG,4853202,贵州乌江水电开发有限责任公司
U0356_KG,4853546,国网北京市电力公司; 国家电网有限公司
U0356_KG,4853910,贵州电网有限责任公司
U0356_KG,4854323,中国南方电网有限责任公司
U0356_KG,4859302,国网江苏省电力有限公司淮安供电分公司
U0356_KG,4860705,武汉大学; 中国电力科学研究院有限公司; 国网上海市电力公司
U0356_KG,4861450,清华大学; 国家电网有限公司大数据中心; 国网安徽省电力有限公司信息通信分公司
U0356_KG,4862556,中国石油天然气集团有限公司
U0356_KG,4862906,国网福建省电力有限公司电力科学研究院; 国网福建省电力有限公司
U0356_KG,4863422,合肥工业大学; 国网安徽省电力有限公司电力科学研究院
U0356_KG,4863515,贵州电网有限责任公司
U0356_KG,4864023,邢台嘉鸿信息技术有限公司
U0356_KG,4911324,云南电网有限责任公司德宏供电局
U0356_KG,4911355,广东电网有限责任公司汕头供电局
U0356_KG,4911382,中国电力科学研究院有限公司
U0356_KG,4911422,贵州电网有限责任公司
U0356_KG,4911423,贵州电网有限责任公司
U0356_KG,4911487,国网浙江省电力有限公司营销服务中心
U0356_KG,4911634,国网江苏省电力有限公司丰县供电分公司; 国网江苏省电力有限公司徐州供电分公司
U0356_KG,4911776,北京国电富通科技发展有限责任公司
U0356_KG,4911836,西安电力高等专科学校
U0356_KG,4911857,广东电网有限责任公司东莞供电局
U0356_KG,4912099,国网冀北电力有限公司智能配电网中心
U0356_KG,4912131,山东浪潮智慧能源科技有限公司
U0356_KG,4996815,中国南方电网有限责任公司超高压输电公司广州局
U0356_KG,4997217,国网北京市电力公司; 国家电网有限公司
U0356_KG,4997241,中国电建集团福建省电力勘测设计院有限公司
U0356_KG,4997242,广东电网有限责任公司梅州供电局
U0356_KG,4997375,国网甘肃省电力公司兰州供电公司
U0356_KG,4997427,湖南阳光电力科技有限公司
U0356_KG,4997456,国网甘肃省电力公司白银供电公司
U0356_KG,4997493,广州捷能电力科技有限公司
U0356_KG,4997581,山东迅康电气有限公司
U0356_KG,4997927,山东大学
U0356_KG,4997946,国电南瑞科技股份有限公司; 国电南瑞南京控制系统有限公司
U0356_KG,4997949,广东电网有限责任公司电力调度控制中心
U0356_KG,4998004,中国电力工程顾问集团西南电力设计院有限公司
U0356_KG,4998026,广东电网有限责任公司
U0356_KG,4998091,四川大学
U0356_KG,4998345,合肥优晟电力科技有限公司; 国网安徽省电力有限公司淮南供电公司
U0356_KG,4998511,国网湖北省电力有限公司襄阳供电公司
U0356_KG,4998694,国网河南省电力公司信息通信分公司; 河南九域腾龙信息工程有限公司; 河南先瑞能源科技集团有限公司
U0356_KG,4998813,国网宁夏电力有限公司营销服务中心(国网宁夏电力有限公司计量中心)
U0356_KG,4999400,甘肃同兴智能科技发展有限责任公司
U0356_KG,4999859,淮安舒显光电科技有限公司
U0356_KG,5000059,江苏欣网视讯软件技术有限公司; 南京欣网飞联无人机科技有限公司
U0356_KG,5000340,国网湖北省电力有限公司电力科学研究院
U0356_KG,5000450,国网信通亿力科技有限责任公司; 国网信息通信产业集团有限公司
U0356_KG,5000503,贵州黔源电力股份有限公司
U0356_KG,5000508,广州大学
U0356_KG,5000980,山东电工电气集团科学技术研究有限公司; 山东电工电气集团有限公司
U0356_KG,5001133,国网安徽省电力有限公司电力科学研究院
U0356_KG,5001137,广东电网有限责任公司电力调度控制中心
U0356_KG,5001390,安徽电力交易中心有限公司
U0356_KG,5001455,国网湖北省电力有限公司襄阳供电公司
U0356_KG,5001504,浙江大学
U0356_KG,5001742,国网内蒙古东部电力有限公司电力科学研究院; 国家电网有限公司
U0356_KG,5002041,国网浙江省电力有限公司湖州供电公司
U0356_KG,5002313,国网福建省电力有限公司三明供电公司; 国网福建省电力有限公司
U0356_KG,5002352,国网北京市电力公司
U0356_KG,5002353,国网北京市电力公司
U0356_KG,5002700,中国南方电网有限责任公司超高压输电公司大理局
U0356_KG,4904459,国网山西省电力有限公司忻州供电分公司; 国网信通亿力科技有限责任公司
U0356_KG,4904545,特变电工(天津)智慧能源管理有限公司; 特变电工股份有限公司新疆变压器厂; 西安交通大学
U0356_KG,4904547,江苏大盛铁塔制造有限公司
U0356_KG,4904691,清远市凯誉工程监理有限公司
U0356_KG,4904752,云南电网有限责任公司输电分公司
U0356_KG,4904899,广东电网有限责任公司
U0356_KG,4904903,云南电网有限责任公司临沧供电局
U0356_KG,4904904,云南电网有限责任公司临沧供电局
U0356_KG,4904984,中国电力工程顾问集团西南电力设计院有限公司
U0356_KG,4905015,国网陕西省电力有限公司电力科学研究院
U0356_KG,4905037,国网青海省电力公司信息通信公司
U0356_KG,4905147,国网河南省电力公司信息通信分公司; 北京万可信息技术有限公司
U0356_KG,4905640,湖南梧湘电力科技有限公司
U0356_KG,4905698,国网辽宁省电力有限公司抚顺供电公司; 长春晟德科技有限公司
U0356_KG,4905783,国网山东省电力公司电力科学研究院
U0356_KG,4906162,国网江西省电力有限公司万载县供电分公司
U0356_KG,4906184,上海德澜电气集团有限公司
U0356_KG,4906361,西安西热锅炉环保工程有限公司; 河北邯峰发电有限责任公司
U0356_KG,4906363,天地电研(北京)科技有限公司; 北京子衿智研科技有限公司; 曹宁; 董衍旭
U0356_KG,4906386,三峡大学
U0356_KG,4906445,国网浙江省电力有限公司金华供电公司
U0356_KG,4906707,国家电网有限公司华北分部
U0356_KG,4906921,国家电网有限公司西南分部
U0356_KG,4906952,国网甘肃省电力公司经济技术研究院
U0356_KG,4907053,无锡广盈集团有限公司
U0356_KG,4907253,国网浙江省电力有限公司信息通信分公司
U0356_KG,4907268,国网河南省电力公司濮阳供电公司
U0356_KG,4907481,国网湖北省电力有限公司直流公司
U0356_KG,4907501,国网山东省电力公司烟台供电公司
U0356_KG,4907659,国网安徽省电力有限公司电力科学研究院; 国网安徽省电力有限公司
U0356_KG,4908036,云南电网有限责任公司
U0356_KG,4908052,广东电网有限责任公司惠州供电局
U0356_KG,4908086,国电电力发展股份有限公司; 国能国华(北京)燃气热电有限公司
U0356_KG,4908137,华电新能新疆木垒新能源有限公司
U0356_KG,4908194,国网冀北电力有限公司信息通信分公司
U0356_KG,4908425,国网北京市电力公司; 国家电网有限公司
U0356_KG,4908544,中国电力工程顾问集团西北电力设计院有限公司
U0356_KG,4908545,西安热工研究院有限公司; 华能包头新能源发电有限公司
U0356_KG,4908659,国网重庆市电力公司营销服务中心; 国家电网有限公司
U0356_KG,4908754,国网重庆市电力公司营销服务中心; 国家电网有限公司
U0356_KG,4909300,国网四川省电力公司达州供电公司
U0356_KG,4909810,青海黄河上游水电开发有限责任公司; 国家电投集团黄河上游水电开发有限责任公司; 青海黄河上游水电开发有限责任公司拉西瓦发电分公司
U0356_KG,4909817,中国矿业大学
U0356_KG,4909879,国网冀北电力有限公司技能培训中心; 保定电力职业技术学院
U0356_KG,4909913,国网经济技术研究院有限公司
U0356_KG,4909915,中国南方电网有限责任公司
U0356_KG,4909990,国网江苏省电力有限公司; 国网江苏省电力有限公司经济技术研究院
U0356_KG,4910137,国网浙江省电力有限公司营销服务中心
U0356_KG,4910154,国网浙江省电力有限公司营销服务中心
U0356_KG,4874934,武汉中超电网建设监理有限公司
U0356_KG,4875773,国网经济技术研究院有限公司; 国网江西省电力有限公司鹰潭供电分公司
U0356_KG,4876077,中国长江三峡集团有限公司
U0356_KG,4876382,中国南方电网有限责任公司用户生态运营公司
U0356_KG,4876414,广东电网有限责任公司广州供电局
U0356_KG,4876690,国网吉林省电力有限公司白山供电公司
U0356_KG,4877639,国网湖北省电力有限公司经济技术研究院
U0356_KG,4877824,珠海市金锐电力科技有限公司
U0356_KG,4878636,内蒙古电力(集团)有限责任公司电力调度控制分公司; 北京用尚科技股份有限公司
U0356_KG,4878901,中国通信建设第三工程局有限公司
U0356_KG,4879337,河北工程大学; 北京清智易行科技有限公司
U0356_KG,4879356,湖南省融盛电力工程建设有限公司
U0356_KG,4879893,四川华体照明科技股份有限公司
U0356_KG,4880084,北京伯仲汇智科技有限公司
U0356_KG,4880102,海南电网有限责任公司
U0356_KG,4880343,北京这房行信息技术有限公司
U0356_KG,4881184,天津大学; 国网重庆市电力公司信息通信分公司; 中国汽车工业工程有限公司
U0356_KG,4881246,广西电网有限责任公司电力科学研究院; 南方电网科学研究院有限责任公司
U0356_KG,4881893,河北中兴冀能电力发展有限公司数字科技分公司; 国网河北省电力有限公司信息通信分公司; 国家电网有限公司
U0356_KG,4882006,安徽明生恒卓科技有限公司
U0356_KG,4882115,湖北融汇信息科技有限公司
U0356_KG,4882230,内蒙古电力(集团)有限责任公司数字研究分公司
U0356_KG,4882485,国网辽宁省电力有限公司经济技术研究院
U0356_KG,4947326,国网新疆电力有限公司昌吉供电公司
U0356_KG,4948071,国网浙江省电力有限公司绍兴供电公司
U0356_KG,4948100,北京中恒博瑞数字电力科技有限公司
U0356_KG,4948175,国网河北省电力有限公司经济技术研究院
U0356_KG,4948177,国网河北省电力有限公司营销服务中心; 国家电网有限公司
U0356_KG,4948363,广州市优普计算机有限公司
U0356_KG,4948566,贵州电网有限责任公司
U0356_KG,4948661,广西电网有限责任公司南宁供电局
U0356_KG,4948719,泉州亿兴电力工程建设有限公司鲤城自动化分公司
U0356_KG,4949157,上海电力大学; 国网河南省电力公司洛阳供电公司
U0356_KG,5012046,贵州乌江水电开发有限责任公司
U0356_KG,5012576,杭州极能数智装备有限公司
U0356_KG,5012877,斯普屹科技(北京)有限公司
U0356_KG,5013234,内蒙古电力(集团)有限责任公司内蒙古电力科学研究院分公司; 内蒙古电力(集团)有限责任公司; 浙江大学
U0356_KG,5013352,烟台海颐软件股份有限公司
U0356_KG,5013681,武汉大学
U0356_KG,5013994,国网北京市电力公司
U0356_KG,5014052,浙江图盛输变电工程有限公司温州鹿城分公司
U0356_KG,5014361,南方电网人工智能科技有限公司
U0356_KG,5014526,南方电网电力科技股份有限公司
U0356_KG,5015198,国网山东省电力公司菏泽供电公司; 山东大学
U0356_KG,5015252,北京协合运维风电技术有限公司
U0356_KG,5015319,国网江苏省电力有限公司营销服务中心; 华北电力大学; 国网江苏省电力有限公司; 国网信息通信产业集团有限公司; 国家电网有限公司
U0356_KG,5015375,国网冀北电力有限公司工程管理分公司
U0356_KG,5015504,四川省机场集团有限公司
U0356_KG,5015764,国网四川省电力公司自贡供电公司
U0356_KG,5016285,江阴长仪集团有限公司
U0356_KG,5016290,国网浙江省电力有限公司信息通信分公司; 国网浙江省电力有限公司; 西安交通大学
U0356_KG,5016466,国网浙江省电力有限公司温州供电公司
U0356_KG,5016551,云南电网有限责任公司
U0356_KG,5016697,国网浙江省电力有限公司物资分公司; 国网浙江浙电招标咨询有限公司; 国网浙江省电力有限公司
U0356_KG,5005090,深圳华建电力工程技术有限公司
U0356_KG,5005218,国网湖北省电力有限公司电力科学研究院
U0356_KG,5005404,南京深度智控科技有限公司
U0356_KG,5005480,北京子衿智研科技有限公司
U0356_KG,5005542,山东诚信工程建设监理有限公司
U0356_KG,5005625,厦门闽投科技服务有限公司
U0356_KG,5005657,武汉华源电力设计院有限公司
U0356_KG,5005659,国网河南省电力公司信息通信分公司
U0356_KG,5005803,浙江大学
U0356_KG,5006823,华能山东发电有限公司
U0356_KG,5006858,华能国际电力股份有限公司; 西安热工研究院有限公司
U0356_KG,5006917,湖南匡安网络技术有限公司; 湖南澧水流域水利水电开发有限责任公司
U0356_KG,5009078,广东电网有限责任公司
U0356_KG,5009103,南京丰千瑞智能科技有限公司
U0356_KG,5009179,深圳供电局有限公司
U0356_KG,5009531,浙江圣意电气科技有限公司
U0356_KG,5009656,国能江苏电力工程技术有限公司
U0356_KG,5009678,四川智合新能科技有限公司
U0356_KG,5009696,杭州鸿晟电力设计咨询有限公司
U0356_KG,5009776,国网江苏省电力有限公司; 国网信通亿力科技有限责任公司
U0356_KG,5009885,广东电网有限责任公司
U0356_KG,5009932,深圳市光辉电器实业有限公司
U0356_KG,5010096,杭州恒耀电力工程设计有限公司
U0356_KG,5010139,西安工业大学
U0356_KG,5010311,江苏濠汉信息技术有限公司
U0356_KG,5010358,国网山西省电力有限公司超高压输电分公司
U0356_KG,5010650,湖南新天电数科技有限公司
U0356_KG,5010992,宿迁逸达新材料有限公司
U0356_KG,4891341,国网天津市电力公司; 国家电网有限公司
U0356_KG,4891462,国网江西省电力有限公司电力科学研究院; 国网江西省电力有限公司
U0356_KG,4891641,国能宁夏六盘山能源发展有限公司
U0356_KG,4891674,国网河南省电力公司洛阳供电公司
U0356_KG,4891691,国网山东省电力公司莱芜供电公司
U0356_KG,4891721,湖北融汇信息科技有限公司
U0356_KG,4891729,河北中兴冀能电力发展有限公司数字科技分公司; 国网河北省电力有限公司信息通信分公司; 国家电网有限公司
U0356_KG,4910400,国网安徽省电力有限公司信息通信分公司
U0356_KG,4910405,国网新疆电力有限公司营销服务中心; 朗新科技集团股份有限公司
U0356_KG,4910407,国网新疆电力有限公司营销服务中心
U0356_KG,4910477,国网宁夏电力有限公司宁东供电公司; 国网宁夏电力有限公司
U0356_KG,4910669,国网四川省电力公司营销服务中心; 国网四川省电力公司
U0356_KG,5051679,three gorges international energy invest group co ltd
U0356_KG,5102976,"guizhou power grid co.,  ltd"
U0356_KG,5105260,"hubei huazhong electric power technology development co.,  ltd"
U0356_KG,4835173,广东电网有限责任公司; 广东电网有限责任公司电力调度控制中心
U0356_KG,4835408,科华数据股份有限公司; 深圳市康必达控制技术有限公司
U0356_KG,4836971,浙江财经大学
U0356_KG,4838357,国网江苏省电力有限公司南京供电分公司
U0356_KG,4838787,国网天津市电力公司电力科学研究院; 国网天津市电力公司; 国家电网有限公司
U0356_KG,4838828,国网天津市电力公司电力科学研究院; 国网天津市电力公司; 国家电网有限公司
U0356_KG,4838829,国网天津市电力公司电力科学研究院; 国网天津市电力公司; 国家电网有限公司
U0356_KG,4838867,国网宁夏电力有限公司电力科学研究院; 国网宁夏电力有限公司; 华南理工大学
U0356_KG,4840015,国网湖南省电力有限公司; 国网湖南省电力有限公司超高压变电公司; 国家电网有限公司
U0356_KG,4840245,国网浙江省电力有限公司; 国网浙江省电力有限公司金华供电公司
U0356_KG,4840704,国网安徽省电力有限公司电力科学研究院; 国网安徽省电力有限公司; 国网安徽省电力有限公司芜湖供电公司
U0356_KG,4841110,安徽宏源电力建设投资有限公司; 三峡大学; 安徽送变电工程有限公司
U0356_KG,4842450,广东电网有限责任公司
U0356_KG,4842660,中国电子科技集团公司第十研究所
U0356_KG,4842742,南京南瑞信息通信科技有限公司
U0356_KG,4842904,国网江苏省电力有限公司经济技术研究院
U0356_KG,4842985,中国电力科学研究院有限公司; 国网冀北电力有限公司; 中国科学院软件研究所; 国网新疆电力有限公司电力科学研究院
U0356_KG,4843788,国网冀北电力有限公司信息通信分公司; 国家电网有限公司
U0356_KG,4843947,杭州电子科技大学; 杭州钱航船舶修造有限公司; 杭州壹诺工业科技有限公司
U0356_KG,4845453,佰聆数据股份有限公司
U0356_KG,4847194,国网江苏省电力有限公司物资分公司; 江苏电力信息技术有限公司; 国网江苏省电力有限公司
U0356_KG,4847250,中国电力科学研究院有限公司
U0356_KG,4847320,湖南工业大学; 湖南昊实科技发展有限公司
U0356_KG,4847854,国能长源汉川发电有限公司; 国能信控互联技术有限公司
U0356_KG,4848067,广东电网有限责任公司; 广东电网有限责任公司东莞供电局
U0356_KG,4848115,东北电力大学
U0356_KG,4848494,国电南瑞科技股份有限公司
U0356_KG,4848535,国家电网有限公司大数据中心
U0356_KG,4848884,上海柒志科技有限公司
U0356_KG,4849093,中国南方电网有限责任公司
U0356_KG,4849163,雅砻江流域水电开发有限公司
U0356_KG,4849863,广州电力交易中心有限责任公司; 南方电网互联网服务有限公司
U0356_KG,4850031,国网信息通信产业集团有限公司; 福建亿榕信息技术有限公司
U0356_KG,4850122,国网江苏省电力有限公司苏州供电分公司; 国网江苏省电力有限公司
U0356_KG,4850158,广东电网有限责任公司茂名供电局
U0356_KG,4850202,国网智能电网研究院有限公司; 国网信息通信产业集团有限公司; 国网甘肃省电力公司; 国家电网有限公司
U0356_KG,4850419,鄂尔多斯应用技术学院
U0356_KG,4990548,国网上海市电力公司; 中国计量大学
U0356_KG,4990742,广西桂冠电力股份有限公司
U0356_KG,4990974,华能荆门热电有限责任公司; 西安热工研究院有限公司
U0356_KG,4990975,华能荆门热电有限责任公司; 西安热工研究院有限公司
U0356_LLM,5017473,浙江大学; 国网浙江省电力有限公司电力科学研究院
U0356_LLM,5017573,国网浙江省电力有限公司杭州供电公司; 国网浙江省电力有限公司; 国网浙江省电力有限公司杭州市萧山区供电公司
U0356_LLM,5017985,上海交通大学
U0356_LLM,5018089,国网吉林省电力有限公司电力科学研究院; 吉林省电力科学研究院有限公司
U0356_LLM,5018176,南通沃太新能源有限公司
U0356_LLM,5018337,华南理工大学
U0356_LLM,5018354,无锡九方科技有限公司
U0356_LLM,5018439,国网上海市电力公司
U0356_LLM,5018500,山东电工电气集团有限公司; 山东电工电气集团科学技术研究有限公司
U0356_LLM,5019242,哈尔滨工业大学
U0356_LLM,5019297,华南理工大学
U0356_LLM,5019377,国网山东省电力公司信息通信公司; 清华四川能源互联网研究院
U0356_LLM,5019379,武汉合智数字能源技术有限公司
U0356_LLM,5007089,辽宁岳能科技有限公司
U0356_LLM,5007191,国网甘肃省电力公司天水供电公司
U0356_LLM,5007387,中国地质大学(武汉); 国网湖北省电力有限公司电力科学研究院
U0356_LLM,5008067,湘潭大学; 长沙理工大学
U0356_LLM,5008340,国网北京市电力公司
U0356_LLM,5008375,深圳供电局有限公司
U0356_LLM,5008481,深圳供电局有限公司
U0356_LLM,5008557,国网安徽省电力有限公司宣城供电公司
U0356_LLM,5008719,深圳供电局有限公司
U0356_LLM,5008925,上海交通大学内蒙古研究院
U0356_LLM,5008935,上海国泉科技有限公司
U0356_LLM,5008998,成都高新蓉创芯华科技发展有限公司
U0356_LLM,4912232,国网新源控股有限公司; 河南天池抽水蓄能有限公司
U0356_LLM,4912335,湖北天存信息技术有限公司
U0356_LLM,4912691,天津市普迅电力信息技术有限公司; 思极智联(天津)信息通信科技有限公司
U0356_LLM,4912850,广西桂能科技发展有限公司
U0356_LLM,4912871,北京洛斯达科技发展有限公司
U0356_LLM,4913078,国网江苏省电力有限公司扬州供电分公司
U0356_LLM,4913272,国网辽宁省电力有限公司大连供电公司
U0356_LLM,4913442,国网河南省电力公司商丘供电公司
U0356_LLM,4913555,国网江苏省电力有限公司; 江苏电力信息技术有限公司
U0356_LLM,4913611,上海绿肆数创新能源科技有限公司
U0356_LLM,4913627,四川汇源光通信有限公司
U0356_LLM,4913780,广东电网有限责任公司阳江供电局
U0356_LLM,4882654,江苏上古科技有限公司
U0356_LLM,4882667,中国南方电网有限责任公司超高压输电公司广州局
U0356_LLM,4882757,国网浙江省电力有限公司营销服务中心
U0356_LLM,4882775,国网江西省电力有限公司电力科学研究院; 东华理工大学
U0356_LLM,4882989,国网浙江省电力有限公司衢州供电公司
U0356_LLM,4883113,贵州电网有限责任公司
U0356_LLM,4883168,安徽明生恒卓科技有限公司
U0356_LLM,4883390,清华大学
U0356_LLM,4883612,西安交通大学
U0356_LLM,4883613,西安交通大学
U0356_LLM,4883653,内蒙古电力(集团)有限责任公司锡林郭勒供电分公司
U0356_LLM,4883732,国家电网有限公司客户服务中心
U0356_LLM,4883901,广东电力交易中心有限责任公司
U0356_LLM,4884153,广东电网有限责任公司阳江供电局
U0356_LLM,4884195,贵州电网有限责任公司
U0356_LLM,4884200,贵州电网有限责任公司
U0356_LLM,4884492,触景无限科技(北京)有限公司
U0356_LLM,4884496,浙江大学
U0356_LLM,4884514,国家电网有限公司大数据中心; 国网信息通信产业集团有限公司; 国网浙江省电力有限公司信息通信分公司; 国家电网有限公司
U0356_LLM,4914362,中国南方电网有限责任公司超高压输电公司百色局
U0356_LLM,4914568,国家电网有限公司华东分部
U0356_LLM,4914809,国电南瑞科技股份有限公司
U0356_LLM,4914969,国电南瑞科技股份有限公司
U0356_LLM,4915004,中科知道(北京)科技有限公司
U0356_LLM,4915165,国网经济技术研究院有限公司; 国网河南省电力公司经济技术研究院; 重庆电力设计院有限责任公司
U0356_LLM,4915533,国网江苏省电力有限公司经济技术研究院
U0356_LLM,4915548,广东电网有限责任公司电力科学研究院
U0356_LLM,4915615,北京国电通网络技术有限公司; 国网信息通信产业集团有限公司
U0356_LLM,4915865,郑州东泽数字科技有限公司
U0356_LLM,4916122,国网浙江省电力有限公司经济技术研究院; 浙江华云信息科技有限公司
U0356_LLM,4916263,国网辽宁省电力有限公司电力科学研究院; 中国科学院沈阳计算技术研究所有限公司; 东北大学; 北京邮电大学; 沈阳工程学院
U0356_LLM,4884706,中国电建集团北京勘测设计研究院有限公司
U0356_LLM,4885114,北京远界科技有限公司
U0356_LLM,4885141,广东电网有限责任公司阳江供电局
U0356_LLM,4885393,普强时代(珠海横琴)信息技术有限公司
U0356_LLM,4885746,国网浙江省电力有限公司信息通信分公司; 国网浙江省电力有限公司; 西安交通大学
U0356_LLM,4885832,国网信息通信产业集团有限公司; 北京国网信通埃森哲信息技术有限公司
U0356_LLM,4886308,中国电力科学研究院有限公司; 国家电网有限公司; 国家电网有限公司华中分部
U0356_LLM,4916502,广东电网有限责任公司电力调度控制中心; 广东电网有限责任公司
U0356_LLM,4916617,广州南网科研技术有限责任公司
U0356_LLM,4917268,山东鲁软数字科技有限公司
U0356_LLM,4917367,广州南网科研技术有限责任公司
U0356_LLM,4917819,国网冀北电力有限公司计量中心
U0356_LLM,4917944,国网湖北省电力有限公司宜昌供电公司
U0356_LLM,4918066,华北电力科学研究院有限责任公司; 国家电网有限公司
U0356_LLM,4918080,中国电力科学研究院有限公司
U0356_LLM,4886834,国网天津市电力公司东丽供电分公司; 国网天津市电力公司; 国家电网有限公司
U0356_LLM,4887056,中国电力科学研究院有限公司; 国网北京市电力公司; 国家电网有限公司
U0356_LLM,4887271,北京中电飞华通信有限公司
U0356_LLM,4887509,广东电网有限责任公司阳江供电局
U0356_LLM,4888123,国能智深控制技术有限公司
U0356_LLM,4888238,贵州电网有限责任公司
U0356_LLM,4888262,贵州电网有限责任公司
U0356_LLM,4888276,贵州电网有限责任公司
U0356_LLM,4888570,四川中电启明星信息技术有限公司
U0356_LLM,4918606,云南电网有限责任公司
U0356_LLM,4918949,广东电网有限责任公司惠州供电局
U0356_LLM,4918969,国网江苏省电力有限公司建设分公司
U0356_LLM,4919003,华能国际工程技术有限公司; 华能阿荣旗新能源有限公司
U0356_LLM,4919037,广东电网有限责任公司惠州供电局
U0356_LLM,4919078,国网河南省电力公司信息通信分公司
U0356_LLM,4919125,哈尔滨工业大学
U0356_LLM,4919168,国网四川省电力公司营销服务中心
U0356_LLM,4919182,国网山西省电力有限公司太原供电分公司
U0356_LLM,4919362,国网山东省电力公司电力科学研究院
U0356_LLM,4919551,四川紫兰坝水电开发有限责任公司
U0356_LLM,4889444,中国电力工程顾问集团西南电力设计院有限公司
U0356_LLM,4889467,贵州电网有限责任公司
U0356_LLM,4889518,北京中电普华信息技术有限公司
U0356_LLM,4889549,广东电网有限责任公司惠州供电局; 广东电网有限责任公司
U0356_LLM,4889563,国网新疆电力有限公司哈密供电公司
U0356_LLM,4889624,江苏开放大学(江苏城市职业学院)
U0356_LLM,4889635,中国电力科学研究院有限公司; 国网福建省电力有限公司信息通信分公司; 国家电网有限公司
U0356_LLM,4889637,中国电力科学研究院有限公司; 国网四川省电力公司电力科学研究院; 国家电网有限公司; 国网冀北电力有限公司; 国网安徽省电力有限公司电力科学研究院
U0356_LLM,4889660,南京灵枢智联技术有限公司
U0356_LLM,4889882,国电南瑞南京控制系统有限公司
U0356_LLM,4889933,国网浙江省电力有限公司衢州供电公司
U0356_LLM,4890067,国网上海市电力公司
U0356_LLM,4890373,国网浙江省电力有限公司信息通信分公司; 清华大学
U0356_LLM,4890626,国网浙江省电力有限公司绍兴供电公司
U0356_LLM,4890828,国网天津市电力公司城东供电分公司; 国网天津市电力公司; 国家电网有限公司
U0356_LLM,4920453,广东电网有限责任公司电力调度控制中心; 广东电网有限责任公司
U0356_LLM,4920475,云南电网有限责任公司曲靖供电局
U0356_LLM,4921322,国网辽宁省电力有限公司信息通信分公司
U0356_LLM,4921431,华能能源交通产业控股有限公司
U0356_LLM,4921613,广东电网有限责任公司; 广东电网有限责任公司信息中心
U0356_LLM,4921742,国网山西省电力有限公司经济技术研究院; 华北电力大学
U0356_LLM,4921766,深圳供电局有限公司
U0356_LLM,4921822,北京中安瑞力科技有限公司
U0356_LLM,4921846,国网江苏省电力有限公司经济技术研究院
U0356_LLM,4921965,国网福建省电力有限公司南平供电公司; 国网福建省电力有限公司
U0356_LLM,4922105,国网河南省电力公司信息通信分公司; 国网河南省电力公司
U0356_LLM,4922128,安徽送变电工程有限公司
U0356_LLM,4922142,国家电投集团数字科技有限公司
U0356_LLM,4931265,国网河北省电力有限公司培训中心; 国家电网有限公司
U0356_LLM,4931342,国网上海市电力公司
U0356_LLM,4931498,北京中电普华信息技术有限公司
U0356_LLM,4931508,合肥工业大学
U0356_LLM,4931611,中国大唐集团科技创新有限公司; 清华大学
U0356_LLM,4931618,上海达卯科技有限公司
U0356_LLM,4931816,上海许继电气有限公司; 许继电气股份有限公司
U0356_LLM,4931817,山东鲁软数字科技有限公司
U0356_LLM,4932345,国网江苏省电力有限公司无锡供电分公司
U0356_LLM,4932389,青岛工业软件研究所
U0356_LLM,4932725,国网智能科技股份有限公司
U0356_LLM,4932881,沃太能源股份有限公司
U0356_LLM,4922435,国网河南省电力公司周口供电公司
U0356_LLM,4922723,国网江苏省电力有限公司信息通信分公司
U0356_LLM,4922731,国网上海电力设计有限公司
U0356_LLM,4922831,安徽明生恒卓科技有限公司
U0356_LLM,4922974,国网经济技术研究院有限公司; 国网湖北省电力有限公司经济技术研究院
U0356_LLM,4923108,国网天津市电力公司经济技术研究院; 国网天津市电力公司; 国家电网有限公司
U0356_LLM,4923167,山东鲁软数字科技有限公司
U0356_LLM,4923231,大连海事大学
U0356_LLM,4923243,山东鲁软数字科技有限公司
U0356_LLM,4923379,安徽继远软件有限公司
U0356_LLM,4923476,东风汽车集团股份有限公司
U0356_LLM,4924300,西安高压电器研究院股份有限公司
U0356_LLM,4924305,国网江苏省电力有限公司无锡供电分公司; 江苏方天电力技术有限公司
U0356_LLM,4932965,广东电网有限责任公司东莞供电局
U0356_LLM,4933276,国网宁夏电力有限公司电力科学研究院; 国网宁夏电力有限公司; 重庆大学
U0356_LLM,4933317,广东电网有限责任公司; 广东电网有限责任公司信息中心
U0356_LLM,4933395,国网宁夏电力有限公司电力科学研究院; 国网宁夏电力有限公司; 重庆大学
U0356_LLM,4933477,国网四川省电力公司经济技术研究院; 四川省新型电力系统研究院有限公司
U0356_LLM,4933626,南京南自信息技术有限公司
U0356_LLM,4933718,国网辽宁省电力有限公司经济技术研究院
U0356_LLM,4933751,南方电网人工智能科技有限公司
U0356_LLM,4933891,西安交通大学; 国网陕西省电力有限公司物资公司
U0356_LLM,4933893,西安交通大学; 国网陕西省电力有限公司物资公司
U0356_LLM,4934161,首都电力交易中心有限公司; 北京国网信通埃森哲信息技术有限公司
U0356_LLM,4934198,国网山东省电力公司电力科学研究院
U0356_LLM,4934353,国网上海市电力公司
U0356_LLM,4934486,国网浙江省电力有限公司温州供电公司; 武汉大学
U0356_LLM,4934572,广东睿云技术发展有限公司
U0356_LLM,4934744,中国南方电网有限责任公司超高压输电公司广州局
U0356_LLM,4934762,广东电网有限责任公司汕头供电局; 南方电网科学研究院有限责任公司
U0356_LLM,4934793,国网河南省电力公司; 河南送变电建设有限公司
U0356_LLM,4924515,江苏科鼎晶源智能科技有限公司
U0356_LLM,4924572,国网上海市电力公司
U0356_LLM,4924671,国网河南省电力公司营销服务中心
U0356_LLM,4924882,国网山西省电力有限公司营销服务中心
U0356_LLM,4925315,国网江苏省电力有限公司无锡供电分公司; 江苏方天电力技术有限公司
U0356_LLM,4925371,数盾信息科技股份有限公司
U0356_LLM,4925574,西安开天铁路电气股份有限公司
U0356_LLM,4925921,国网河南省电力公司营销服务中心
U0356_LLM,4935282,国网山东省电力公司电力科学研究院
U0356_LLM,4935283,国网福建省电力有限公司
U0356_LLM,4935496,南京南自华盾数字技术有限公司
U0356_LLM,4935753,江苏欧帝电子科技有限公司
U0356_LLM,4935827,河北电力工程监理有限公司; 江苏楚能工程技术有限公司
U0356_LLM,4935843,国网湖北省电力有限公司电力科学研究院; 武汉高德智感科技有限公司
U0356_LLM,4935866,国网湖北省电力有限公司电力科学研究院; 武汉高德智感科技有限公司
U0356_LLM,4935978,中国电力科学研究院有限公司; 国网江西省电力有限公司鹰潭供电分公司
U0356_LLM,4936190,北京中恒博瑞数字电力科技有限公司
U0356_LLM,4936192,珠海优特电力科技股份有限公司
U0356_LLM,4936222,陕西华电新能源发电有限公司
U0356_LLM,4936319,国网上海市电力公司
U0356_LLM,4936322,国网上海市电力公司超高压分公司
U0356_LLM,4936601,内蒙古电力(集团)有限责任公司内蒙古电力科学研究院分公司
U0356_LLM,4926540,国家电网有限公司华东分部; 国网安徽省电力有限公司
U0356_LLM,4926594,国网河南省电力公司信息通信分公司; 国网河南省电力公司洛阳供电公司; 国网河南省电力公司南阳供电公司
U0356_LLM,4926606,华能招采数字科技有限公司
U0356_LLM,4926633,国网重庆市电力公司经济技术研究院; 国网重庆市电力公司
U0356_LLM,4926927,中电信数智科技有限公司
U0356_LLM,4926970,云南电网有限责任公司
U0356_LLM,4926978,广东电网有限责任公司; 广东电网有限责任公司电力科学研究院
U0356_LLM,4927076,上海思格数字技术有限公司
U0356_LLM,4927096,杭州中恒电气股份有限公司; 北京中恒博瑞数字电力科技有限公司
U0356_LLM,4927113,国网陕西省电力有限公司信息通信公司
U0356_LLM,4927335,上海达卯科技有限公司
U0356_LLM,4927402,国网智能科技股份有限公司
U0356_LLM,4927406,广东电网有限责任公司; 广东电网有限责任公司信息中心
U0356_LLM,4927422,中国电力科学研究院有限公司; 国家电网有限公司
U0356_LLM,4927538,三峡大学
U0356_LLM,4927607,安徽同新源科技有限公司
U0356_LLM,4928066,国网上海市电力公司
U0356_LLM,4928068,国网上海市电力公司
U0356_LLM,4928069,国网上海市电力公司
U0356_LLM,4928417,国网信息通信产业集团有限公司; 国网思极网安科技(北京)有限公司
U0356_LLM,4928495,南京南自信息技术有限公司
U0356_LLM,4928502,国网信通亿力科技有限责任公司
U0356_LLM,4928503,国网信通亿力科技有限责任公司
U0356_LLM,4928506,国网信通亿力科技有限责任公司
U0356_LLM,4937061,广西电网有限责任公司
U0356_LLM,4937119,青海绿能数据有限公司
U0356_LLM,4937499,云南电网有限责任公司
U0356_LLM,4937521,福建亿榕信息技术有限公司
U0356_LLM,4938209,云南电网有限责任公司文山供电局
U0356_LLM,4938217,国网河南省电力公司信息通信分公司
U0356_LLM,4938433,北京国网信通埃森哲信息技术有限公司
U0356_LLM,4938617,广东电网有限责任公司; 广东电网有限责任公司信息中心
U0356_LLM,4938642,云南电网有限责任公司数智运营中心
U0356_LLM,4928770,中国电力科学研究院有限公司; 国家电网有限公司客户服务中心; 国网浙江省电力有限公司营销服务中心; 国家电网有限公司
U0356_LLM,4928841,格致电力(重庆)有限公司
U0356_LLM,4928973,国网智能科技股份有限公司
U0356_LLM,4929243,国网智能科技股份有限公司
U0356_LLM,4929276,国网雄安金融科技集团有限公司; 国网商用大数据有限公司; 国网数字科技控股有限公司
U0356_LLM,4929283,中科知道(北京)科技有限公司
U0356_LLM,4929734,中国电力科学研究院有限公司; 国家电网有限公司客户服务中心; 国网浙江省电力有限公司营销服务中心; 国家电网有限公司
U0356_LLM,4929826,中国南方电网有限责任公司超高压输电公司
U0356_LLM,4930010,国网四川省电力公司成都供电公司
U0356_LLM,4930042,国网上海市电力公司
U0356_LLM,4930160,江西博微新技术有限公司
U0356_LLM,4930235,北京国电通网络技术有限公司; 国网信息通信产业集团有限公司
U0356_LLM,4930302,国网四川省电力公司电力科学研究院
U0356_LLM,4930392,国家电网有限公司华东分部
U0356_LLM,4930426,华北电力大学; 国网甘肃省电力公司电力科学研究院
U0356_LLM,4930458,国网上海市电力公司
U0356_LLM,4930607,福建农林大学
U0356_LLM,4939093,云南电网有限责任公司数智运营中心
U0356_LLM,4939174,康威通信技术股份有限公司
U0356_LLM,4939414,许继电气股份有限公司; 许昌许继软件技术有限公司; 许继电气股份有限公司郑州研发中心分公司
U0356_LLM,4939525,张建新; 丁顺宇; 王琪然
U0356_LLM,4939576,国网四川省电力公司泸州供电公司
U0356_LLM,4939776,国网上海市电力公司; 中国标准化研究院
U0356_LLM,4939841,国网宁夏电力有限公司电力科学研究院; 国网宁夏电力有限公司
U0356_LLM,4940047,国网上海市电力公司
U0356_LLM,4940479,天津大学
U0356_LLM,4940535,中国电力科学研究院有限公司
U0356_LLM,4940569,中国联合网络通信集团有限公司; 联通(青海)绿电智算科技有限公司
U0356_LLM,4940604,果下科技股份有限公司
U0356_LLM,4940727,泰豪软件股份有限公司
U0356_LLM,4930669,国网浙江省电力有限公司宁波供电公司; 杭州电子科技大学
U0356_LLM,4930694,中国电力科学研究院有限公司; 国家电网有限公司客户服务中心; 国网浙江省电力有限公司营销服务中心; 国家电网有限公司
U0356_LLM,4930829,国网重庆市电力公司经济技术研究院
U0356_LLM,4931024,中国南方电网有限责任公司超高压输电公司
U0356_LLM,4991091,广西电网有限责任公司
U0356_LLM,4991344,国网山西省电力有限公司太原供电分公司
U0356_LLM,4991547,国网山西省电力有限公司太原供电分公司
U0356_LLM,4992068,湖北天存信息技术有限公司
U0356_LLM,4992237,国网湖北省电力有限公司宜昌供电公司; 三峡大学; 国网湖北省电力有限公司
U0356_LLM,4992372,智洋创新科技股份有限公司
U0356_LLM,4992557,华电四川发电有限公司瓦屋山分公司
U0356_LLM,4992598,国网上海市电力公司
U0356_LLM,4992661,国网浙江省电力有限公司科技创新中心
U0356_LLM,4941922,江苏濠汉信息技术有限公司
U0356_LLM,4941938,国网上海市电力公司; 上海交通大学
U0356_LLM,4942257,国网宁夏电力有限公司电力科学研究院; 国网宁夏电力有限公司
U0356_LLM,4942301,成都亿成科技有限公司
U0356_LLM,4942505,华北电力大学; 国家电网有限公司; 国网辽宁省电力有限公司电力科学研究院
U0356_LLM,4992767,国网河北省电力有限公司信息通信分公司
U0356_LLM,4992784,杭州电子科技大学
U0356_LLM,4992950,iec国际标准促进中心(南京); 东南大学
U0356_LLM,4993423,南京南瑞信息通信科技有限公司
U0356_LLM,4993560,格致电力(重庆)有限公司
U0356_LLM,4993751,浙江大学
U0356_LLM,4993931,国家电网有限公司西北分部
U0356_LLM,4994089,杭州榕数科技有限公司
U0356_LLM,4994554,国网浙江省电力有限公司台州市路桥区供电公司
U0356_LLM,4994571,南京南瑞信息通信科技有限公司
U0356_LLM,4994580,云南电网有限责任公司普洱供电局
U0356_LLM,4943444,国网信息通信产业集团有限公司; 福建亿榕信息技术有限公司
U0356_LLM,4943614,安徽继远软件有限公司
U0356_LLM,4943755,福建亿榕信息技术有限公司
U0356_LLM,4943895,山东山大电力技术股份有限公司
U0356_LLM,4944046,陕西华电新能源发电有限公司
U0356_LLM,4944277,国网湖南省电力有限公司; 国网湖南省电力有限公司长沙供电分公司; 国家电网有限公司
U0356_LLM,4944364,南京大学; 新疆维吾尔自治区应急管理科学研究院(新疆维吾尔自治区化学品登记中心、新疆维吾尔自治区劳动防护用品质量监督检验站)
U0356_LLM,4944507,四川省明厚天信息技术股份有限公司
U0356_LLM,4944922,国网上海市电力公司; 华东电力试验研究院有限公司; 西安艾飞能源数字技术有限公司
U0356_LLM,4944992,国网宁夏电力有限公司中卫供电公司
U0356_LLM,4891849,国网智能科技股份有限公司
U0356_LLM,4891964,国网天津市电力公司蓟州供电分公司; 国网天津市电力公司; 国家电网有限公司
U0356_LLM,4892025,国网四川省电力公司天府新区供电公司
U0356_LLM,4892099,中科知道(北京)科技有限公司
U0356_LLM,4892517,国网河南省电力公司信息通信分公司
U0356_LLM,4892525,国网辽宁省电力有限公司经济技术研究院
U0356_LLM,4892696,华南理工大学
U0356_LLM,4892741,国家电网有限公司信息通信中心
U0356_LLM,4892828,武昌理工学院; 北京中能启华数字科技有限公司
U0356_LLM,4893169,国网浙江省电力有限公司营销服务中心
U0356_LLM,4893428,国网上海市电力公司
U0356_LLM,4893720,南方电网数字传媒科技有限公司
U0356_LLM,4994801,浙江华云信息科技有限公司; 国网浙江省电力有限公司
U0356_LLM,4994928,四川嘉能佳电力集团有限责任公司
U0356_LLM,4995144,南京南瑞信息通信科技有限公司
U0356_LLM,4995187,广东电网有限责任公司
U0356_LLM,4995641,广东电力交易中心有限责任公司
U0356_LLM,4995949,中国电力科学研究院有限公司; 国网山东省电力公司; 国家电网有限公司
U0356_LLM,4995990,南京灵枢智联技术有限公司
U0356_LLM,4996100,国网汇通金财(北京)信息科技有限公司
U0356_LLM,4996367,北京铠沙世纪信息技术有限公司
U0356_LLM,4996524,国网江苏省电力有限公司南京供电分公司; 国网江苏省电力有限公司
U0356_LLM,4996559,国网江西省电力有限公司电力科学研究院; 中国科学技术大学
U0356_LLM,4996670,长沙德自信息技术有限公司
U0356_LLM,4945228,中国科学院自动化研究所; 国网山东省电力公司电力科学研究院; 中国电力科学研究院有限公司; 国家电网有限公司
U0356_LLM,4945322,国网福建省电力有限公司; 国网福建省电力有限公司应急中心
U0356_LLM,4945872,山东登远信息科技有限公司
U0356_LLM,4945902,国家电网有限公司客户服务中心
U0356_LLM,4945951,国网福建省电力有限公司; 国网福建省电力有限公司应急中心
U0356_LLM,4946024,青海黄化电业实业有限公司; 国网青海省电力公司黄化供电公司
U0356_LLM,4946648,南京南自华盾数字技术有限公司
U0356_LLM,4946974,国能内蒙古电力蒙西新能源有限公司
U0356_LLM,4947129,安徽明生恒卓科技有限公司
U0356_LLM,4894044,国网浙江省电力有限公司杭州供电公司
U0356_LLM,4894253,国网安徽省电力有限公司; 国网安徽省电力有限公司电力科学研究院; 国网安徽省电力有限公司宣城供电公司
U0356_LLM,4894399,国网山东省电力公司电力科学研究院
U0356_LLM,4894688,贵州电网有限责任公司
U0356_LLM,4894913,中国电力科学研究院有限公司; 国家电网有限公司; 国家电网有限公司华中分部
U0356_LLM,4894995,河海大学
U0356_LLM,4895177,国网河南省电力公司电力科学研究院; 北京航空航天大学; 国网河南省电力公司
U0356_LLM,4895183,南京悠阔电气科技有限公司
U0356_LLM,4895297,广东电网有限责任公司广州供电局
U0356_LLM,4895298,广东电网有限责任公司广州供电局
U0356_LLM,4895299,广东电网有限责任公司广州供电局
U0356_LLM,4895369,南京邮电大学
U0356_LLM,4895515,中国电力科学研究院有限公司
U0356_LLM,4895533,南京南瑞瑞中数据股份有限公司; 国网电力科学研究院有限公司
U0356_LLM,4895913,江苏电力信息技术有限公司
U0356_LLM,4896060,成都城电电力工程设计有限公司
U0356_LLM,4896142,南京南自华盾数字技术有限公司
U0356_LLM,4896171,广州市数字能源技术研究有限公司
U0356_LLM,4896561,中国大唐集团科学技术研究总院有限公司; 中国大唐集团科学技术研究总院有限公司中南电力试验研究院
U0356_LLM,4896794,贵州电网有限责任公司
U0356_LLM,4897036,福建亿兴电力设计院有限公司
U0356_LLM,4897096,国网福建省电力有限公司
U0356_LLM,4897188,国家电网有限公司华东分部
U0356_LLM,4897195,中国南方电网有限责任公司
U0356_LLM,4897198,中能拾贝(南京)科技有限公司
U0356_LLM,4897284,国能长源汉川发电有限公司
U0356_LLM,4897344,国电南京自动化股份有限公司
U0356_LLM,4897761,广东电网有限责任公司广州供电局
U0356_LLM,4897816,南方电网数字电网研究院股份有限公司
U0356_LLM,4949341,河海大学; 水利部南京水利水文自动化研究所; 水利部交通运输部国家能源局南京水利科学研究院
U0356_LLM,4949467,武汉理工大学
U0356_LLM,4949474,南京南瑞氢电智联科技有限公司
U0356_LLM,4949739,中国南方电网有限责任公司
U0356_LLM,4949955,国网上海市电力公司
U0356_LLM,4950499,中国长江三峡集团有限公司
U0356_LLM,4950507,三峡大学
U0356_LLM,4950608,中国长江三峡集团有限公司
U0356_LLM,4950649,南京南瑞信息通信科技有限公司; 国网河南省电力公司信息通信分公司
U0356_LLM,4950697,中国电建集团河南省电力勘测设计院有限公司; 中国电建集团华中电力设计研究院有限公司
U0356_LLM,5011285,国网湖北省电力有限公司技术培训中心
U0356_LLM,5011305,南方电网科学研究院有限责任公司
U0356_LLM,4898301,国网湖北省电力有限公司武汉供电公司
U0356_LLM,4898340,贵州电网有限责任公司
U0356_LLM,4898505,安徽明生恒卓科技有限公司
U0356_LLM,4898549,福建亿榕信息技术有限公司; 国网信息通信产业集团有限公司
U0356_LLM,4898848,贵州安融科技发展有限公司; 国网湖北省电力有限公司荆门供电公司; 荆门市荆科盛和电力技术有限责任公司
U0356_LLM,4899488,中国南方电网有限责任公司
U0356_LLM,4899521,山东浪潮智慧建筑科技有限公司
U0356_LLM,4899582,江苏电力信息技术有限公司
U0356_LLM,4899922,国网四川省电力公司天府新区供电公司
U0356_LLM,4900010,国网江苏省电力有限公司信息通信分公司; 江苏电力信息技术有限公司
U0356_LLM,4900342,国网山东省电力公司电力科学研究院
U0356_LLM,4901118,深圳供电局有限公司
U0356_LLM,4901405,山东大学
U0356_LLM,4901638,南方电网科学研究院有限责任公司
U0356_LLM,4901782,安徽明生恒卓科技有限公司
U0356_LLM,4901788,安徽明生恒卓科技有限公司
U0356_LLM,4901960,国网湖北省电力有限公司直流公司
U0356_LLM,4901964,国网电力科学研究院武汉南瑞有限责任公司
U0356_LLM,4902023,国网四川省电力公司天府新区供电公司
U0356_LLM,5003085,智博能源科技(江苏)有限公司; 国网江苏省电力有限公司; 江苏方天电力技术有限公司
U0356_LLM,5003087,广东电网有限责任公司
U0356_LLM,5003290,传申弘安智能(深圳)有限公司
U0356_LLM,5003406,华北电力大学
U0356_LLM,5003985,国网吉林省电力有限公司电力科学研究院; 国网吉林省电力有限公司; 东北电力大学; 吉林省电力科学研究院有限公司
U0356_LLM,5004365,建元未来城市投资发展有限公司
U0356_LLM,4902249,深圳供电局有限公司
U0356_LLM,4902541,国网上海市电力公司; 清华大学
U0356_LLM,4902548,湖北楚之屹新能源科技有限公司; 湖北第二师范学院; 孝感市光源电力集团有限责任公司; 湖北华辰凯龙电力有限公司; 中核汇能湖北新能源有限公司
U0356_LLM,4902678,国网河南省电力公司通许县供电公司
U0356_LLM,4902980,武汉大学; 国网上海市电力公司; 中国电力科学研究院有限公司
U0356_LLM,4903352,广东电网有限责任公司
U0356_LLM,4903484,国能锦界能源有限责任公司
U0356_LLM,4904097,中国南方电网有限责任公司
U0356_LLM,4904344,深圳供电局有限公司
U0356_LLM,4904545,特变电工(天津)智慧能源管理有限公司; 特变电工股份有限公司新疆变压器厂; 西安交通大学
U0356_LLM,4904726,国网上海市电力公司; 复旦大学
U0356_LLM,4904727,国网上海市电力公司; 复旦大学
U0356_LLM,4904753,国网黑龙江省电力有限公司经济技术研究院
U0356_LLM,4904904,云南电网有限责任公司临沧供电局
U0356_LLM,4905158,南方电网数字电网研究院股份有限公司
U0356_LLM,4905159,南方电网数字电网研究院股份有限公司
U0356_LLM,4905311,特变电工(天津)智慧能源管理有限公司; 特变电工股份有限公司新疆变压器厂; 西安交通大学
U0356_LLM,4905632,国网湖北省电力有限公司经济技术研究院
U0356_LLM,4905822,国网信息通信产业集团有限公司; 北京国网信通埃森哲信息技术有限公司
U0356_LLM,4905847,中国电力科学研究院有限公司; 国网山东省电力公司菏泽供电公司; 国网信息通信产业集团有限公司
U0356_LLM,4906101,北京安心易维科技有限公司
U0356_LLM,4875372,华电电力科学研究院有限公司
U0356_LLM,4875460,国网冀北电力有限公司信息通信分公司; 国网冀北电力有限公司; 国家电网有限公司
U0356_LLM,4875784,云南能点科技有限公司
U0356_LLM,4876144,上海长庚信息技术股份有限公司
U0356_LLM,4876998,浙江大学
U0356_LLM,4878655,昆明能瑞科技有限公司
U0356_LLM,4878995,雄安科迪新能源科技有限公司
U0356_LLM,4879950,国网浙江省电力有限公司温州供电公司; 武汉大学
U0356_LLM,4880439,湖北荣创科技有限公司
U0356_LLM,4880573,中科知道(北京)科技有限公司
U0356_LLM,4880964,国网江苏省电力有限公司东海县供电分公司
U0356_LLM,4881442,雅砻江流域水电开发有限公司; 清华大学
U0356_LLM,4881505,浙江大学
U0356_LLM,4882006,安徽明生恒卓科技有限公司
U0356_LLM,4882061,中国电建集团河北省电力勘测设计研究院有限公司
U0356_LLM,4882115,湖北融汇信息科技有限公司
U0356_LLM,4882206,国网河南省电力公司直流分公司; 国网河南省电力公司
U0356_LLM,4882245,山东浪潮智慧能源科技有限公司
U0356_LLM,4947326,国网新疆电力有限公司昌吉供电公司
U0356_LLM,4947361,国网湖南省电力有限公司; 国网湖南省电力有限公司长沙供电分公司; 国家电网有限公司
U0356_LLM,4947702,国网陕西省电力有限公司培训中心
U0356_LLM,4947703,国网陕西省电力有限公司培训中心
U0356_LLM,4948071,国网浙江省电力有限公司绍兴供电公司
U0356_LLM,4948100,北京中恒博瑞数字电力科技有限公司
U0356_LLM,4948363,广州市优普计算机有限公司
U0356_LLM,4948393,广东电网有限责任公司云浮供电局
U0356_LLM,4948408,广东电网有限责任公司
U0356_LLM,4948439,北京大学
U0356_LLM,4948659,广西电网有限责任公司南宁供电局
U0356_LLM,4948661,广西电网有限责任公司南宁供电局
U0356_LLM,4948713,桂林理工大学
U0356_LLM,4949246,安徽明生恒卓科技有限公司
U0356_LLM,4949254,安徽明生恒卓科技有限公司
U0356_LLM,5011946,北京启京科技有限公司
U0356_LLM,5012027,烟台海颐软件股份有限公司
U0356_LLM,5012552,中国南方电网有限责任公司
U0356_LLM,5012690,国网天津市电力公司蓟州供电分公司; 国网天津市电力公司; 国家电网有限公司
U0356_LLM,5013522,江西科晨洪兴信息技术有限公司
U0356_LLM,5013523,江西科晨洪兴信息技术有限公司
U0356_LLM,5013575,江西科晨洪兴信息技术有限公司
U0356_LLM,5013735,武汉光谷信息技术股份有限公司
U0356_LLM,5013840,山东大学
U0356_LLM,5014121,武汉光谷信息技术股份有限公司
U0356_LLM,5014679,哈尔滨华创弦柯电气有限公司
U0356_LLM,5015319,国网江苏省电力有限公司营销服务中心; 华北电力大学; 国网江苏省电力有限公司; 国网信息通信产业集团有限公司; 国家电网有限公司
U0356_LLM,5015561,山东大学
U0356_LLM,5016290,国网浙江省电力有限公司信息通信分公司; 国网浙江省电力有限公司; 西安交通大学
U0356_LLM,5016957,湖南师范大学
U0356_LLM,5017118,南方电网人工智能科技有限公司
U0356_LLM,5017426,国网浙江省电力有限公司金华供电公司; 国网浙江省电力有限公司; 南京南瑞信息通信科技有限公司
U0356_LLM,4906402,南方电网电力科技股份有限公司
U0356_LLM,4906522,安徽送变电工程有限公司
U0356_LLM,4906674,南京中电科能技术有限公司
U0356_LLM,4906681,广州城市理工学院
U0356_LLM,4907053,无锡广盈集团有限公司
U0356_LLM,4907251,广东电网有限责任公司电力调度控制中心
U0356_LLM,4907301,南京南瑞信息通信科技有限公司
U0356_LLM,4907416,深圳供电局有限公司
U0356_LLM,4907536,国网山东省电力公司烟台供电公司
U0356_LLM,4907538,国网青海省电力公司海北供电公司; 国网青海省电力公司
U0356_LLM,4908546,安徽中科智充新能源科技有限公司
U0356_LLM,4908572,深圳供电局有限公司
U0356_LLM,4908659,国网重庆市电力公司营销服务中心; 国家电网有限公司
U0356_LLM,4908754,国网重庆市电力公司营销服务中心; 国家电网有限公司
U0356_LLM,4908762,江苏电力信息技术有限公司
U0356_LLM,4908795,国网江苏省电力有限公司扬州市江都区供电分公司; 国网江苏省电力有限公司扬州供电分公司
U0356_LLM,4908826,北京航空航天大学
U0356_LLM,4909300,国网四川省电力公司达州供电公司
U0356_LLM,4909394,国网青海省电力公司信息通信公司; 国网青海省电力公司
U0356_LLM,4909745,广州伟宏智能科技有限公司
U0356_LLM,4909817,中国矿业大学
U0356_LLM,4909880,国网河南省电力公司; 国网河南省电力公司三门峡供电公司; 河海大学
U0356_LLM,4910166,中国四维测绘技术有限公司
U0356_LLM,4861980,浙江小桔绿色能源科技有限公司
U0356_LLM,4862810,国网智能科技股份有限公司
U0356_LLM,4863056,贵州电网有限责任公司
U0356_LLM,4863621,国网浙江省电力有限公司经济技术研究院; 国网浙江省电力有限公司
U0356_LLM,4911090,南方电网数字电网集团(贵州)有限公司
U0356_LLM,4911148,中国电力科学研究院有限公司
U0356_LLM,4911152,中国电力科学研究院有限公司
U0356_LLM,4911153,国网北京市电力公司; 北京邮电大学
U0356_LLM,4911277,浙江华云信息科技有限公司
U0356_LLM,4911422,贵州电网有限责任公司
U0356_LLM,4911465,广西电网有限责任公司
U0356_LLM,4911487,国网浙江省电力有限公司营销服务中心
U0356_LLM,4911488,国网浙江省电力有限公司营销服务中心
U0356_LLM,4911535,浙江大有实业有限公司杭州科技发展分公司; 浙江大有实业有限公司
U0356_LLM,4911607,南京南瑞信息通信科技有限公司
U0356_LLM,4911897,南方电网调峰调频发电有限公司工程建设管理分公司; 广州启安众智建设管理有限责任公司
U0356_LLM,4996997,大连理工大学
U0356_LLM,4997147,国网天津市电力公司东丽供电分公司; 国网天津市电力公司; 国家电网有限公司
U0356_LLM,4997278,烟台海颐软件股份有限公司
U0356_LLM,4997966,南昌科晨电力试验研究有限公司; 国网江西省电力有限公司电力科学研究院
U0356_LLM,4998027,广东电网有限责任公司
U0356_LLM,4998091,四川大学
U0356_LLM,4998153,三峡金沙江川云水电开发有限公司
U0356_LLM,4998369,国网信息通信产业集团有限公司; 福建亿榕信息技术有限公司; 国网江苏省电力有限公司
U0356_LLM,4998646,上海迈能创豪能源科技有限公司
U0356_LLM,4998694,国网河南省电力公司信息通信分公司; 河南九域腾龙信息工程有限公司; 河南先瑞能源科技集团有限公司
U0356_LLM,4998959,国网湖南省电力有限公司电力科学研究院; 国网湖南省电力有限公司; 国家电网有限公司
U0356_LLM,4999289,湖南誉甄文化传媒有限公司
U0356_LLM,4999739,国网新疆电力有限公司营销服务中心
U0356_LLM,5000073,云南电力试验研究院(集团)有限公司; 云南电网有限责任公司数智运营中心
U0356_LLM,5000508,广州大学
U0356_LLM,5000553,国网浙江省电力有限公司营销服务中心
U0356_LLM,5000980,山东电工电气集团科学技术研究有限公司; 山东电工电气集团有限公司
U0356_LLM,5001127,国网安徽省电力有限公司电力科学研究院
U0356_LLM,5001133,国网安徽省电力有限公司电力科学研究院
U0356_LLM,5001391,安徽电力交易中心有限公司
U0356_LLM,5001504,浙江大学
U0356_LLM,5001658,国网山东省电力公司单县供电公司
U0356_LLM,5002486,中国南方电网有限责任公司超高压输电公司广州局
U0356_LLM,5002498,东方电气自动控制工程有限公司
U0356_LLM,5002555,辽宁岳能科技有限公司
U0356_LLM,5002866,国网河北省电力有限公司信息通信分公司; 北京西清能源科技有限公司
U0356_LLM,5002867,国网河北省电力有限公司信息通信分公司; 北京西清能源科技有限公司
U0356_LLM,5005480,北京子衿智研科技有限公司
U0356_LLM,5005522,国网电力科学研究院有限公司; 南京南瑞信息通信科技有限公司
U0356_LLM,5005659,国网河南省电力公司信息通信分公司
U0356_LLM,5005660,国网河南省电力公司信息通信分公司
U0356_LLM,5005713,中国电力工程顾问集团华东电力设计院有限公司
U0356_LLM,5005774,国网福建省电力有限公司厦门供电公司; 国网福建省电力有限公司
U0356_LLM,5005803,浙江大学
U0356_LLM,5006135,天津大学
U0356_LLM,5006394,国网河南省电力公司信息通信分公司
U0356_LLM,5006565,长江证券股份有限公司
U0356_LLM,5006858,华能国际电力股份有限公司; 西安热工研究院有限公司
U0356_LLM,5009174,深圳供电局有限公司
U0356_LLM,5009403,江苏鼎峯云计算有限公司
U0356_LLM,5009678,四川智合新能科技有限公司
U0356_LLM,5009776,国网江苏省电力有限公司; 国网信通亿力科技有限责任公司
U0356_LLM,5009885,广东电网有限责任公司
U0356_LLM,5010406,国网江苏省电力有限公司南通供电分公司
U0356_LLM,5010437,国网青海省电力公司信息通信公司; 国网青海省电力公司
U0356_LLM,5075244,"energy doctor co.,  ltd."
U0356_LLM,5078553,义泽科技有限公司 高雄市鼓山区美术南二路70巷37号2楼 (中华民国)
U0356_LLM,4891599,中国南方电网有限责任公司
U0356_LLM,4891648,天序智能科技(嘉兴)有限公司
U0356_LLM,4910670,国家电投集团数字科技有限公司; 国核信息科技有限公司
U0356_LLM,4910873,成都太阳高科技有限责任公司
U0356_LLM,5024027,dr. ing. h.c. f. porsche aktiengesellschaft
U0356_LLM,5063956,kookmin university industry academy cooperation foundation
U0356_LLM,4848728,国网山东省电力公司电力科学研究院
U0356_LLM,4990417,陕西电盈科技发展有限公司
U0356_LLM,4990473,深圳供电局有限公司
U0356_LLM,4990975,华能荆门热电有限责任公司; 西安热工研究院有限公司
U0356_LLM,4990977,华能荆门热电有限责任公司; 西安热工研究院有限公司
U0356_LLM,4991083,国网浙江省电力有限公司
