category_id,source,records,first_half_2026,mean_cosine
F0423,patent,6613,6524,0.7023792274867499
F0230,patent,2543,2495,0.6954871877131386
F0293,patent,6417,6253,0.6810541993568151
F0189,patent,401,391,0.6672173236076374
F0178,patent,1093,1077,0.6942693374076243
F0322,patent,3675,3622,0.7045247827419618
F0114,patent,367,357,0.6877800773534852
F0482,patent,2857,2802,0.7044623686293434
F0148,patent,541,523,0.6836718854093288
F0176,patent,968,950,0.6679822449718625
F0317,patent,1913,1896,0.6918878415711438
F0315,patent,744,741,0.7227319688886724
F0393,patent,294,290,0.6984468966114278
F0448,patent,606,599,0.6887722064559609
F0042,patent,267,261,0.6836248397380672
F0033,patent,2242,2218,0.7009550237315345
F0296,patent,302,296,0.7020353019632251
F0035,patent,72,71,0.6575958074794875
F0103,patent,22,22,0.6524866331707347
F0340,patent,47,46,0.6760040103121007
F0238,patent,525,514,0.6788111354055859
F0123,patent,99,98,0.7183355887730917
F0079,patent,72,71,0.6949191706048118
F0094,patent,353,345,0.6636188808649187
F0169,patent,409,406,0.7010915611658819
F0421,patent,637,624,0.6718628225932878
F0283,patent,21,19,0.6592001829828534
F0266,patent,1581,1560,0.6743940140234376
F0432,patent,2476,2444,0.7099507300119986
F0259,patent,118,117,0.698882618192899
F0299,patent,169,166,0.6766060442614132
F0161,patent,25,24,0.6555235123634339
F0267,patent,85,85,0.7098928030799417
F0380,patent,680,673,0.7279015204485725
F0084,patent,77,75,0.6852104958001669
F0006,patent,749,737,0.6982134864709088
F0141,patent,60,59,0.6606047411759695
F0075,patent,305,300,0.6906630449607724
F0358,patent,141,138,0.6754335169251083
F0125,patent,93,91,0.6809461873064759
F0214,patent,27,27,0.6935661523430435
F0209,patent,282,276,0.6925269933879799
F0453,patent,101,100,0.6919079523275394
F0490,patent,79,76,0.6768177732636657
F0156,patent,55,53,0.6818709080869502
F0338,patent,6,6,0.6529243985811869
F0333,patent,71,69,0.682580054645807
F0345,patent,100,96,0.7075507295131683
F0498,patent,19,18,0.6956338505995902
F0454,patent,79,79,0.689371974407872
F0234,patent,91,88,0.7111892765694923
F0429,patent,19,18,0.6997918549336886
F0071,patent,916,911,0.722640834065504
F0118,patent,55,52,0.6998693086884239
F0305,patent,48,48,0.7303794100880623
F0440,patent,148,147,0.7266372683885935
F0485,patent,173,170,0.7506979841717406
F0251,patent,205,205,0.7320062169214574
F0162,patent,40,39,0.6906784608960151
F0112,patent,21,21,0.6850643498556954
F0469,patent,410,403,0.7228924553568771
F0098,patent,336,335,0.7367782670827139
F0415,patent,457,447,0.725542353983781
F0313,patent,16,15,0.7105880416929722
F0281,patent,65,64,0.6834067078737113
F0307,patent,2,2,0.6729018986225128
F0323,patent,72,72,0.701147106786569
F0324,patent,10,9,0.6738222658634185
F0294,patent,11,11,0.6526422554796393
F0210,patent,51,51,0.7406525156077217
F0185,patent,27,27,0.6834082228166086
F0368,patent,1,1,0.6744314432144165
F0131,patent,27,27,0.6905580361684164
F0199,patent,32,32,0.7190827783197165
F0132,patent,26,26,0.6813950905433068
F0043,patent,12,12,0.6965546210606893
F0227,patent,17,16,0.6397887538461124
F0456,patent,50,49,0.6895209443569184
F0198,patent,9,9,0.6991611917813619
F0072,patent,36,34,0.715416646665997
F0166,patent,9,9,0.6840143402417501
F0177,patent,11,10,0.6648207577792081
F0074,patent,41,41,0.671374070935133
F0306,patent,9,9,0.6779035793410407
F0167,patent,5,5,0.659916877746582
F0386,patent,3,3,0.6900533239046732
F0348,patent,4,4,0.7000101059675217
F0154,patent,4,4,0.6901119202375412
F0099,patent,1,1,0.6951466798782349
F0366,patent,9,9,0.664650128947364
F0029,patent,5,5,0.7257825136184692
F0279,patent,2,2,0.6812695860862732
F0036,patent,6,6,0.6713152726491293
F0329,patent,3,3,0.7005989154179891
F0086,patent,1,1,0.5681203603744507
F0383,patent,1,1,0.6558236479759216
F0280,patent,4,3,0.6899193525314331
F0012,patent,1,1,0.6306626796722412
F0093,patent,1,1,0.6605499982833862
F0239,patent,1,1,0.7142359614372253
F0273,policy,208,5,0.601335822389676
F0250,policy,438,23,0.639919799348535
F0200,policy,1414,70,0.6447277006283508
F0319,policy,863,26,0.6340679671369311
F0092,policy,130,11,0.6235174408325782
F0493,policy,71,0,0.6102434833284834
F0252,policy,36,6,0.6952870024575127
F0350,policy,81,2,0.6252159115708904
F0263,policy,251,8,0.6363387325132985
F0164,policy,20,2,0.6510327488183976
F0073,policy,119,4,0.6572319088863725
F0236,policy,32,0,0.6081016715615988
F0201,policy,60,3,0.6561918089787165
F0222,policy,27,0,0.6540729204813639
F0328,policy,55,1,0.6502255829897794
F0109,policy,19,0,0.6493944431606092
F0246,policy,6,1,0.6358907322088877
F0459,policy,9,0,0.6423637270927429
F0442,policy,4,0,0.6810276657342911
F0005,policy,136,2,0.6187896987094599
F0184,policy,15,0,0.6554408470789591
F0220,policy,1,0,0.5622751116752625
F0396,policy,16,1,0.69245345890522
F0158,policy,1,0,0.6858085989952087
F0120,policy,3,0,0.6689713001251221
F0037,policy,24,0,0.6593502213557562
F0354,policy,10,0,0.6465187668800354
F0048,policy,3,0,0.6944450934727987
F0472,policy,2,0,0.5949539542198181
F0347,policy,1,0,0.6955665946006775
F0244,patent,26926,26570,0.6703363621867111
F0115,patent,1704,1681,0.6614002046031011
F0073,patent,13134,12919,0.685350474890861
F0347,patent,3228,3167,0.7086489105128592
F0246,patent,2681,2631,0.6868387025845936
F0183,patent,1418,1403,0.6870164972938839
F0491,patent,1077,1057,0.69180090563543
F0500,patent,1402,1386,0.695138348109712
F0013,patent,8004,7879,0.6824416777510931
F0430,patent,3179,3132,0.6918044187580875
F0048,patent,4384,4320,0.6879847519045329
F0034,patent,130,125,0.6710242555691646
F0416,patent,2769,2708,0.6720088447375864
F0460,patent,1096,1074,0.7265677698989854
F0220,patent,2200,2165,0.7127606065164913
F0339,patent,198,195,0.6934954966559554
F0372,patent,45,45,0.689655425813463
F0076,patent,2678,2638,0.6756838764424997
F0492,patent,53,53,0.6726092291328142
F0292,patent,267,261,0.6495101293374537
F0350,patent,385,378,0.6958039958755692
F0351,patent,423,414,0.6805313731198052
F0262,patent,198,194,0.685467746221658
F0473,patent,174,174,0.7005524385249478
F0472,patent,236,231,0.6950113397028487
F0109,patent,1357,1347,0.7150016799514225
F0017,patent,491,483,0.6733571184142787
F0116,patent,27,27,0.6949312399934839
F0226,patent,775,759,0.6883501124382019
F0222,patent,93,93,0.6641082238125545
F0060,patent,682,667,0.6877117924326676
F0468,patent,48,46,0.6755688041448593
F0153,patent,269,267,0.6518046109206614
F0171,patent,122,119,0.6635421177402872
F0471,patent,322,308,0.7060471053079048
F0137,patent,580,572,0.6900407450980154
F0206,patent,327,319,0.6680204310548414
F0124,patent,47,45,0.6552158556085952
F0273,patent,14,14,0.6991872148854392
F0497,patent,87,85,0.6805866956710815
F0078,patent,169,168,0.685211315310213
F0002,patent,222,219,0.7025021722724846
F0065,patent,256,250,0.6895230601076037
F0218,patent,569,563,0.7205790848011292
F0406,patent,406,403,0.6942276584691015
F0127,patent,263,260,0.6978702012576984
F0320,patent,129,122,0.6966099531151527
F0092,patent,373,368,0.6956410812308897
F0312,patent,306,298,0.6803146039738375
F0158,patent,78,75,0.6851406746949905
F0484,patent,127,123,0.68844391558114
F0172,patent,1039,1022,0.6907249017330863
F0195,patent,201,195,0.7093842856919588
F0442,patent,44,44,0.6878545920957219
F0135,patent,4969,4942,0.7290402342433971
F0164,patent,127,126,0.6804330940321675
F0426,patent,7,7,0.6574275408472333
F0184,patent,413,405,0.7012233846701375
F0493,patent,127,125,0.6761491575579005
F0250,patent,151,150,0.712805105360928
F0037,patent,1224,1211,0.7168226523531808
F0062,patent,156,153,0.6984746391192461
F0212,patent,1637,1616,0.7021667002247978
F0459,patent,103,102,0.7301072837079613
F0110,patent,1169,1165,0.7421686906300619
F0428,patent,89,89,0.6775144439065055
F0435,patent,846,837,0.7227766678688374
F0229,patent,237,237,0.7380376292180412
F0005,patent,120,120,0.7304142609238624
F0186,patent,35,32,0.7058468903814044
F0422,patent,354,352,0.7347274279527072
F0077,patent,48,47,0.7074769934018453
F0483,patent,669,661,0.7390804542910714
F0319,patent,247,247,0.7274051940875498
F0389,patent,46,45,0.6888883476671965
F0128,patent,14,14,0.6974457928112575
F0499,patent,261,257,0.6819856148569977
F0455,patent,3,3,0.6783025860786438
F0414,patent,24,24,0.7031318917870522
F0088,patent,166,165,0.7297894846962159
F0446,patent,519,510,0.7017945074162272
F0192,patent,48,47,0.6495307783285776
F0354,patent,21,21,0.6922927725882757
F0120,patent,52,51,0.6892943118627255
F0486,patent,61,61,0.6723861283943301
F0427,patent,13,12,0.6783786599452679
F0342,patent,58,58,0.6901138363213375
F0474,patent,68,67,0.6885897604858174
F0140,patent,52,51,0.703738156419534
F0144,patent,40,39,0.7339123502373696
F0193,patent,19,18,0.6938961712937606
F0044,patent,14,14,0.6932954490184784
F0087,patent,5,5,0.730855393409729
F0477,patent,22,22,0.6824145804752003
F0082,patent,4,4,0.6680275350809097
F0396,patent,5,5,0.7303460955619812
F0047,patent,18,18,0.7369445496135287
F0096,patent,27,26,0.696737285013552
F0286,patent,36,36,0.7197253157695135
F0418,patent,21,21,0.7198387895311628
F0258,patent,4,4,0.6512449830770493
F0382,patent,19,19,0.7157729550411827
F0376,patent,14,14,0.6995512076786586
F0328,patent,2,2,0.7013852000236511
F0225,patent,6,6,0.6780061821142832
F0309,patent,3,2,0.6398530999819437
F0046,patent,4,4,0.6863612979650497
F0357,patent,2,2,0.7203660011291504
F0441,patent,3,3,0.6680688460667928
F0252,patent,7,7,0.7338607396398272
F0285,patent,10,10,0.7179719567298889
F0496,patent,2,2,0.7079793214797974
F0059,patent,6,6,0.6630090971787771
F0095,patent,1,1,0.7047184705734253
F0439,patent,1,1,0.7072975635528564
F0263,patent,1,1,0.6387698650360107
F0436,patent,3,3,0.7278548081715902
F0236,patent,4,4,0.714611679315567
F0142,patent,2,2,0.7393970489501953
F0424,patent,1,1,0.7327861189842224
F0209,policy,90,5,0.6577021492852105
F0199,policy,125,4,0.6671891069412231
F0490,policy,241,6,0.6104736496304081
F0482,policy,13,1,0.6791055477582492
F0154,policy,35,5,0.6801811354500907
F0249,policy,56,2,0.6862093657255173
F0166,policy,20,6,0.6563295692205429
F0305,policy,15,0,0.6653952876726786
F0114,policy,3,0,0.5959362188975016
F0239,policy,5,0,0.6464184165000916
F0323,policy,6,1,0.6685808201630911
F0276,policy,3,1,0.623479982217153
F0132,policy,4,0,0.605023592710495
F0178,policy,5,0,0.6086689472198487
F0333,policy,3,0,0.6437921126683553
F0141,policy,25,1,0.6421978259086609
F0248,policy,2,0,0.6984706521034241
F0315,policy,3,0,0.6054788629213969
F0210,policy,23,0,0.6413231958513674
F0119,policy,1,1,0.5957311391830444
F0380,policy,8,0,0.6679091453552246
F0086,policy,6,0,0.6422202587127686
F0307,policy,3,0,0.6005694270133972
F0368,policy,1,0,0.646818220615387
F0028,patent,1265,1248,0.6728786373798084
F0385,patent,540,535,0.663014281127188
F0009,patent,1124,1103,0.6755139370087627
F0316,patent,7331,7171,0.7032487050050473
F0464,patent,571,563,0.7013010578898748
F0117,patent,135,134,0.6790259405418678
F0344,patent,999,989,0.6915826693669453
F0232,patent,456,451,0.6974403072606054
F0462,patent,74,73,0.7153415438291189
F0018,patent,1466,1441,0.6946299522911868
F0265,patent,400,393,0.6816531410813331
F0050,patent,289,286,0.724712718110596
F0278,patent,621,616,0.6844262921291849
F0401,patent,1171,1154,0.7075941968330657
F0235,patent,231,228,0.6802815905897133
F0290,patent,291,286,0.6972661016323313
F0450,patent,1256,1241,0.6910671141401977
F0390,patent,16,16,0.6402410082519054
F0081,patent,974,958,0.6785760797269536
F0318,patent,3432,3363,0.7059126750398905
F0016,patent,574,562,0.7143920153275599
F0056,patent,1549,1520,0.7187075001182212
F0270,patent,1435,1418,0.70225112425741
F0494,patent,1080,1063,0.6858422038731752
F0405,patent,178,172,0.6980259793528011
F0476,patent,687,674,0.6795801312121762
F0314,patent,328,328,0.7320210979115672
F0067,patent,364,355,0.7443090891772575
F0475,patent,673,657,0.6446977781151237
F0111,patent,2618,2583,0.7059078291229295
F0404,patent,14,14,0.6499029014791761
F0004,patent,73,72,0.6764646246008676
F0379,patent,3473,3443,0.7284200978903821
F0298,patent,463,459,0.7022476063691256
F0070,patent,303,300,0.6593847005280724
F0388,patent,387,380,0.6977327507595683
F0061,patent,451,447,0.6622032556195481
F0365,patent,374,370,0.6696875351954271
F0181,patent,13,13,0.6197077907048739
F0391,patent,244,240,0.6906276000816314
F0160,patent,86,86,0.6468060085939806
F0208,patent,383,379,0.6971424993895986
F0107,patent,458,456,0.711052379363489
F0321,patent,1064,1040,0.7177964230453161
F0378,patent,274,270,0.6718247663365663
F0359,patent,414,409,0.7165805436850746
F0219,patent,43,43,0.6693210587945095
F0420,patent,18,18,0.7099829713503519
F0425,patent,56,54,0.6790629784975734
F0188,patent,17,14,0.6545202311347512
F0026,patent,390,387,0.7191816290219625
F0409,patent,108,108,0.6921483372096662
F0242,patent,48,45,0.6652080255250136
F0053,patent,645,637,0.7430535166762596
F0470,patent,285,281,0.7258295506761785
F0085,patent,328,327,0.7315036478202518
F0291,patent,7,7,0.7350282328469413
F0058,patent,49,49,0.7230151174019794
F0194,patent,170,168,0.6970397570553948
F0054,patent,131,127,0.7135883287619088
F0300,patent,10,9,0.698454761505127
F0488,patent,73,72,0.6705683943343489
F0090,patent,3,3,0.7324207425117493
F0355,patent,48,47,0.6581621853013834
F0264,patent,26,26,0.6723382289593036
F0284,patent,46,46,0.6915996683680493
F0403,patent,5,5,0.673328697681427
F0336,patent,33,31,0.7111427531097875
F0113,patent,15,15,0.6897502342859904
F0387,patent,16,15,0.6677946783602238
F0055,patent,3,3,0.7146552006403605
F0211,patent,18,18,0.7165192464987437
F0089,patent,39,39,0.6944900567714984
F0327,patent,12,10,0.7070009062687556
F0027,patent,16,16,0.700730711221695
F0335,patent,2,2,0.7129946947097778
F0147,patent,23,23,0.7035993259886036
F0353,patent,67,67,0.7222103574382726
F0024,patent,18,18,0.662114335430993
F0102,patent,2,2,0.6381210088729858
F0049,patent,7,7,0.7071943623679025
F0419,patent,26,25,0.6528888253065256
F0466,patent,16,16,0.6750748045742512
F0346,patent,6,5,0.6730818450450897
F0066,patent,22,21,0.6879928193309091
F0255,patent,26,25,0.6506704665147341
F0021,patent,3,3,0.699667235215505
F0371,patent,7,6,0.6803694537707737
F0174,patent,5,5,0.6579522132873535
F0105,patent,19,19,0.6770430552332025
F0106,patent,17,17,0.668252285789041
F0121,patent,31,31,0.7274490614091197
F0395,patent,4,4,0.615498274564743
F0091,patent,3,3,0.6572418610254923
F0223,patent,2,2,0.636025071144104
F0451,patent,1,1,0.6696194410324097
F0461,patent,3,3,0.6432096759478251
F0030,patent,8,8,0.6727399975061417
F0411,patent,7,7,0.6948071207318988
F0003,patent,2,2,0.7410558760166168
F0433,patent,1,1,0.6642314195632935
F0373,patent,2,2,0.6595907509326935
F0191,patent,3,3,0.7160736918449402
F0481,patent,1,1,0.5419087409973145
F0360,patent,2,2,0.7515072226524353
F0138,patent,1,1,0.7179126739501953
F0478,patent,1,1,0.6725695133209229
F0146,patent,2,2,0.6833036541938782
F0289,policy,33,0,0.6773202509591074
F0277,policy,219,11,0.651787375750607
F0022,policy,298,29,0.6289107540509845
F0190,policy,217,7,0.670406308042289
F0023,policy,45,1,0.6655315452151829
F0332,policy,1,0,0.6365969181060791
F0136,policy,1,0,0.5847684741020203
F0064,policy,29,1,0.6433734236092403
F0224,policy,13,3,0.6436670468403742
F0271,policy,4,0,0.5923335552215576
F0175,policy,6,0,0.5788099070390066
F0452,policy,27,0,0.6229027377234565
F0480,policy,92,2,0.5868348408004512
F0202,policy,7,0,0.6910920654024396
F0269,policy,3,1,0.6791922251383463
F0261,policy,4,0,0.6335498839616776
F0207,policy,1,0,0.6122910976409912
F0349,policy,5,0,0.6694597482681275
F0068,policy,4,0,0.5906422138214111
F0233,policy,2,0,0.5734501481056213
F0213,policy,1,0,0.674694299697876
F0311,policy,5,0,0.5990647435188293
F0139,policy,2,0,0.6375467777252197
F0165,policy,1,0,0.5997322797775269
F0025,policy,1,0,0.6777118444442749
F0052,policy,1,0,0.6668649315834045
F0343,patent,2605,2572,0.6757745408508462
F0139,patent,16493,16126,0.6806755104297968
F0023,patent,592,585,0.7172632043224734
F0233,patent,2493,2451,0.7029737490417964
F0480,patent,7752,7651,0.6649128986893547
F0489,patent,3403,3345,0.6842270528713185
F0271,patent,1453,1436,0.6777380413214913
F0257,patent,1887,1864,0.7021623207389456
F0392,patent,831,818,0.6813638934016084
F0277,patent,6456,6379,0.7014016013827908
F0325,patent,5660,5580,0.689198903586755
F0479,patent,683,669,0.6814116518808144
F0038,patent,348,340,0.6816292405128479
F0341,patent,2960,2901,0.6736458781603221
F0149,patent,560,550,0.6686556744788374
F0364,patent,196,194,0.6887245968896516
F0444,patent,819,805,0.7154255138212071
F0165,patent,2363,2300,0.6756659177365668
F0374,patent,68,65,0.662833406644709
F0063,patent,1061,1045,0.6744237416314135
F0163,patent,438,430,0.7006629406045016
F0134,patent,664,658,0.7031927778419241
F0228,patent,151,148,0.6924338084182992
F0155,patent,402,396,0.7007900021265988
F0288,patent,1440,1417,0.6975439377542999
F0014,patent,182,182,0.6856463685795501
F0182,patent,327,319,0.6994295472034257
F0352,patent,21,21,0.6827248675482613
F0311,patent,3533,3490,0.6971855524441287
F0310,patent,254,246,0.6745873867996096
F0202,patent,1535,1511,0.7457087216625773
F0203,patent,1992,1976,0.7270355822750364
F0187,patent,1301,1282,0.6819022401399928
F0437,patent,137,136,0.6750992118877216
F0363,patent,1274,1250,0.6937781719248186
F0243,patent,868,859,0.7098272765561733
F0256,patent,611,605,0.7020226396047152
F0465,patent,206,203,0.681484841895335
F0221,patent,235,230,0.6693348960673555
F0224,patent,98,93,0.6873071029478189
F0282,patent,239,236,0.6918438810184909
F0452,patent,1171,1158,0.7136499211383008
F0008,patent,490,484,0.6853098553054187
F0303,patent,272,271,0.702083881944418
F0304,patent,305,297,0.6871966270149731
F0326,patent,226,225,0.6637059916964675
F0122,patent,416,408,0.7243871988298801
F0377,patent,311,301,0.7101029793932507
F0268,patent,461,457,0.6803660882786401
F0205,patent,22,21,0.6655000096017664
F0457,patent,5,5,0.6531678080558777
F0069,patent,83,83,0.6873116062348148
F0216,patent,12,12,0.6866378684838613
F0495,patent,1429,1415,0.7381831387108735
F0097,patent,21,21,0.6704100852920896
F0010,patent,119,118,0.6670227431449569
F0241,patent,478,475,0.7124051446695208
F0019,patent,35,34,0.6979552286011832
F0410,patent,185,184,0.7143846605275128
F0443,patent,51,50,0.6880221144825804
F0400,patent,647,641,0.7112431845856597
F0463,patent,27,26,0.6766690655990883
F0334,patent,439,435,0.684776831053384
F0349,patent,480,477,0.7231666274368763
F0237,patent,390,387,0.7189920180883163
F0190,patent,43,42,0.7245675477870676
F0031,patent,52,51,0.6730726281037698
F0295,patent,47,47,0.6971897901372707
F0370,patent,95,94,0.7049385773508172
F0007,patent,136,135,0.7284084155279047
F0308,patent,168,166,0.7439901811026391
F0362,patent,567,561,0.7401302782736547
F0104,patent,613,610,0.7448771170068527
F0215,patent,420,415,0.7363015494176319
F0269,patent,984,977,0.7475108747802129
F0361,patent,9,9,0.6856249504619174
F0287,patent,153,151,0.7005912439495909
F0231,patent,268,265,0.7002410434964877
F0253,patent,367,363,0.736348886255997
F0394,patent,28,28,0.6857031200613294
F0025,patent,222,218,0.735506747488503
F0011,patent,239,234,0.6882783276765416
F0126,patent,152,151,0.7217546830836096
F0168,patent,361,358,0.7363992714815853
F0159,patent,108,105,0.7025397762104317
F0051,patent,60,58,0.6973019212484359
F0129,patent,39,39,0.6829899962131794
F0413,patent,18,18,0.6942827271090614
F0438,patent,144,141,0.723775926977396
F0398,patent,36,36,0.726467682255639
F0041,patent,177,174,0.704743100088195
F0384,patent,38,38,0.7240137787241685
F0449,patent,23,23,0.6986817173335863
F0402,patent,256,252,0.7146130634937435
F0289,patent,54,54,0.7222738564014435
F0367,patent,101,100,0.7111295626895262
F0083,patent,17,17,0.7237898987882277
F0136,patent,72,69,0.6846251272492938
F0431,patent,13,13,0.6906319764944223
F0052,patent,12,12,0.7258251508076986
F0173,patent,230,228,0.7000000616778498
F0240,patent,4,4,0.7143132984638214
F0408,patent,10,10,0.679010558128357
F0356,patent,12,12,0.7055659492810568
F0020,patent,17,17,0.6693653779871324
F0302,patent,14,14,0.6588682617459979
F0331,patent,20,20,0.6763170003890991
F0133,patent,23,21,0.6748657278392626
F0458,patent,24,24,0.6807458673914274
F0032,patent,10,10,0.7216842830181122
F0080,patent,15,15,0.6733549396197002
F0261,patent,54,51,0.6562890112400055
F0207,patent,21,20,0.6498262286186218
F0057,patent,7,7,0.6783994010516575
F0467,patent,1,1,0.600986659526825
F0297,patent,6,5,0.7081328729788462
F0151,patent,4,4,0.6945592015981674
F0015,patent,5,5,0.6154732227325439
F0375,patent,2,2,0.6534059643745422
F0150,patent,3,3,0.6587084929148356
F0022,patent,1,1,0.5567487478256226
F0260,patent,5,4,0.6441202282905578
F0337,patent,12,12,0.6887870828310648
F0001,patent,25,25,0.6900160074234009
F0412,patent,1,1,0.6775350570678711
F0487,patent,1,1,0.6600483655929565
F0332,patent,1,1,0.6976133584976196
F0143,patent,3,3,0.7154349088668823
F0130,patent,3,3,0.6920617620150248
F0330,patent,2,2,0.7173757553100586
F0180,patent,1,1,0.6511704921722412
F0152,patent,1,0,0.6494101285934448
F0101,patent,1,1,0.7121011018753052
F0175,patent,1,1,0.6161339282989502
F0058,policy,402,17,0.6756260675280842
F0290,policy,46,5,0.6301274338494176
F0360,policy,82,3,0.6923971379675516
F0388,policy,49,2,0.6338168966526888
F0145,policy,26,2,0.6015334610755627
F0254,policy,81,3,0.5725194392380891
F0181,policy,5,0,0.5850794911384583
F0481,policy,12,4,0.5926850984493891
F0272,policy,52,0,0.5846081364613313
F0049,policy,12,0,0.6845663438240687
F0395,policy,2,0,0.54665607213974
F0081,policy,36,0,0.6609307825565338
F0028,policy,8,0,0.6357498168945312
F0450,policy,5,0,0.5704525709152222
F0401,policy,1,0,0.6692376732826233
F0316,policy,11,1,0.6635381850329313
F0053,policy,2,1,0.6804007589817047
F0121,policy,2,0,0.6621203422546387
F0040,policy,3,0,0.6176628271738688
F0030,policy,3,0,0.6280296444892883
F0475,policy,4,0,0.6368374079465866
F0223,policy,1,0,0.4701575040817261
F0314,policy,2,0,0.6750068068504333
F0107,policy,1,0,0.7122067809104919
