category_id,review_display_name,core_followup,emerging_followup,potential_followup,decision,reason,displayed_paper_ids,displayed_transfer_ids,reviewer_type,expert_confirmed,topic_purity_estimated
N0029,Power (physics) / Electric power system / Power flow,False,False,False,范围过宽或样本混杂，暂缓认定,电力系统控制、船舶管理、仪表、直流电机与数据中心供电混合；政策不能统一支持全部任务。,W4412972444 | W7157088337 | W4416939949 | W7161596954 | W7153064688,patent:CN202511432471A | patent:JP2025132307 | patent:US18931587 | policy:c4eeeae042dd6dcb39789c9e | policy:f21d7303d144acfbb014729e | policy:d0132ba56302084d1b596458,agent_assisted,False,False
N0038,Energy (signal processing) / Statistics / Mathematics,False,False,False,范围过宽或样本混杂，暂缓认定,能源信号歧义词统摄能源政策、调度和Title Pending记录，主题边界不足。,W7163046566 | W7155175543 | W7130380866 | W7204625743 | W7154566761,patent:CN202511671862.1 | policy:7affe15ed6211fc8777461c6 | policy:bb2e4e50f2a84569b486cc17 | policy:c05135e5267f9ae3be1d4bbd,agent_assisted,False,False
N0061,新型储能系统与控制,False,False,True,有样本依据的条件性跟踪方向,论文与专利涉及储能材料、储能变流器和充放电控制；政策有规模化建设及工程质量监督。技术路线较宽，需进一步拆解有界任务。,W4415688224 | W7162414967 | W7163704126 | W4414492826,patent:CN202510726318A | patent:CN202510820499A | patent:WO2025198359 | policy:9e7c8df4657d57c603743b6a | policy:080ab2483072b79ce1fa1842 | policy:e3c83675d10ade0c57da3ef1,agent_assisted,False,False
N0070,Artificial neural network / Artificial intelligence / Machine learning,False,False,False,范围过宽或样本混杂，暂缓认定,混有云服务价格、停电预测、充电控制、太阳风和森林火灾；通用神经网络主题需重分。,W4415500527 | W4413161559 | W7155697737 | W4417128314 | W7153584570,patent:CN202511687191.8 | patent:CN202511717794A,agent_assisted,False,False
N0087,Process (computing) / Process engineering / Engineering,False,False,False,范围过宽或样本混杂，暂缓认定,污水风险、异丙苯精馏、水泥光催化、通信和煤层注水混合，Process不是统一能源任务。,W7204477178 | W7126155583 | W4413387909 | W7169944362 | W7153130755,patent:CN202511199669A | patent:CN202511960586.0 | patent:CN202520448294.8,agent_assisted,False,False
N0138,Context (archaeology) / Environmental economics / Energy transition,False,False,False,范围过宽或样本混杂，暂缓认定,财政不确定性、微电网、核能身份、外科手术与叶绿素发电混合，Context标签过宽。,W4415596473 | W7138910846 | W7128696948 | W7172284583 | W7131098359,policy:e1e6485bd7dd81d52d92e07a,agent_assisted,False,False
N0155,电力设备与光伏故障诊断,False,True,False,有样本依据的条件性跟踪方向,已显示五篇均涉及配网故障、光伏面板、逆变器或电力转换电路诊断；暂可作为能源技术跟踪方向。,W7124952223 | W4416842784 | W4412762478 | W7148858886 | W7203617490,patent:CN202311470684.7 | patent:CN202510491832A | patent:CN202511213230A,agent_assisted,False,False
N0160,Faraday efficiency / Reversible hydrogen electrode / Dendrite (mathematics),False,False,False,范围过宽或样本混杂，暂缓认定,电池阳极、超级电容和CO2电还原混合，效率与枝晶指标不足以代表单一方向。,W7129222495 | W7165405358 | W4415711963 | W7135180257 | W7140061212,,agent_assisted,False,False
N0166,Thermal / Process engineering / Mechanical engineering,False,False,False,范围过宽或样本混杂，暂缓认定,储热、电池热失控、磁热效应与移动热源混合；建议分解后再识别。,W4415526120 | W4414423874 | W7150964332 | W7134991973 | W7162532441,patent:CN202511854575.4 | patent:CN202211128896.2 | patent:CN202210987112.5,agent_assisted,False,False
N0172,相变材料与热能储存,True,False,False,有样本依据的条件性跟踪方向,代表样本明确涉及PCM储热、太阳能热利用和热性能；核心数量门槛对摘要与日期过滤敏感，暂列条件性跟踪。,W4416424754 | W7164850308 | W4415426088 | W4414791469 | W4415977609,patent:CN202511730026.6 | patent:CN202511271813A | patent:CN202510862728A,agent_assisted,False,False
N0186,Field (mathematics) / Electromagnetic field / Mathematics,False,False,False,范围过宽或样本混杂，暂缓认定,数学Field、多种统一场叙述、光谱与水下运载器混杂，暂不认定能源新兴热点。,W7163992389 | W7162863163 | W7134251017 | W7103886981 | W7153476972,patent:CN202610353466.2,agent_assisted,False,False
N0189,电力网络安全与工业互联网防护,False,False,True,有样本依据的条件性跟踪方向,专利样本有配网终端加密和漏洞定位；已核读新能源涉网通知的网络安全条款及工业互联网电力安全指南。通用IoT和防爆控制文献仍需过滤。,W4411875271 | W7165611780 | W4417224611 | W4415970948 | W7202168538,patent:CN202512051353.5 | patent:CN202411038725.X | patent:CN120389515 | policy:2ef232a8f62910d5036950b3 | policy:e4802e449fadd07f9bf9ef78,agent_assisted,False,False
N0191,电动车充电与车网互动,False,False,True,有样本依据的条件性跟踪方向,专利样本涉及充电负荷预测、分层调度和电碳市场；政策有充电网络行动和V2G互动试点。当前仅为跟踪线索，尚未核验全部同任务专利与主体多样性。,W4412815274 | W7166007741 | W7124961385 | W7162519475 | W7161151798,patent:CN202511947097.1 | patent:CN202211406084.X | patent:CN202510730531A | policy:2ef92b30a52b553ec9577639 | policy:e95e33304b2b5076ca5d34d7 | policy:463ecfae63ca59868312b882,agent_assisted,False,False
N0193,Robustness (evolution) / Control engineering / Robust control,False,False,False,范围过宽或样本混杂，暂缓认定,预测、STATCOM、氢能枢纽、对抗扰动和半导体鲁棒性混合，Robustness为通用词。,W4412958257 | W7134814323 | W7162445395 | W4416011382 | W7160165155,patent:CN202511601327.9 | patent:CN202510563212A | patent:CN202512052361.1,agent_assisted,False,False
N0195,海上风电布局与运行,False,True,False,有样本依据的条件性跟踪方向,四篇样本为海上风场布局、极端风、机侧储能及浮式平台，另含海域地质评价；明确限定风电子范围。,W4413301139 | W7164806676 | W7136355946 | W7165382447 | W4414973861,patent:CN202511604231.8 | patent:CN202511707501.8 | patent:CN202211200817.4 | policy:2029ee90ed79f5b43a16b6e7,agent_assisted,False,False
N0254,能源系统柔性与需求响应,False,True,False,有样本依据的条件性跟踪方向,样本涉及光伏灌溉储能、建筑热惯性、P2P能源交易和水能耦合调度；共同任务是需求与储能柔性。,W7164200378 | W4413133539 | W7161727441 | W7162109800 | W7155064301,patent:CN202511171369A | patent:CN120978829 | patent:CN202510685980A | policy:0a87e8ad001fecac05e85b30,agent_assisted,False,False
N0265,Stability (learning theory) / Mathematics / Machine learning,False,False,False,范围过宽或样本混杂，暂缓认定,电力预测、等离子体稳定性、电池相、树根土壤与恶意软件混合，Stability缺乏统一对象。,W4414748525 | W7127197767 | W7140212223 | W7170063061 | W7131128033,patent:CN202511544608.5 | patent:CN202511201580.5A | patent:CN202511047278A,agent_assisted,False,False
N0269,Sustainability / Ecology / Environmental resource management,False,False,False,范围过宽或样本混杂，暂缓认定,绿色化学、就业、消费者、电动车和木结构建筑混合，通用可持续性主题边界宽。,W7160891411 | W4415643049 | W7154967369 | W7129515913 | W7159648534,policy:7b240bd2f3b8b598cbb51db9 | policy:88856efc3096d2d200869cbf | policy:5443a63363ee1068af08b43f,agent_assisted,False,False
N0293,Transmission (telecommunications) / Transmission system / Power transmission,False,False,False,范围过宽或样本混杂，暂缓认定,汽车传动、量子输运、火车传动、HVDC与机械摩擦混合，Transmission存在明显多义。,W7160921327 | W7160500493 | W4412623380 | W7162957307 | W7125390480,patent:CN202511467821.0 | patent:CN202511191289A | patent:CN202511549873.2,agent_assisted,False,False
N0315,Biochar / Pulp and paper industry / Charcoal,False,False,False,范围过宽或样本混杂，暂缓认定,生物炭样本主要为药物/PFOS污染治理、土壤与固碳；不宜直接列为能源电力核心技术。,W4414620031 | W4414307512 | W4413269657 | W4415648555 | W7155175319,,agent_assisted,False,False
N0332,Key (lock) / Process management / Sustainable energy,False,False,False,范围过宽或样本混杂，暂缓认定,Key通用词汇聚催化、锂电掺杂、光伏积尘、游戏与宣传资料，不能作为单一技术热点。,W4415602985 | W4415244129 | W4414910040 | W4416327393 | W7151770411,policy:e92d1b0459ecbf1af7399b9f | policy:4ad54e4039cdcba0a6548fbf | policy:0a00beae8388d2bc78ade4d5,agent_assisted,False,False
N0337,能源效率与节能系统,False,True,False,有样本依据的条件性跟踪方向,样本涉及建筑冷热源、氢储能转换、热电转换及工业节能；属于较宽的能效研究方向，不能解释为单一新技术。,W7134113147 | W7155633745 | W7161537958 | W7166876118 | W7154486201,policy:bb6251da2eac7ade161c7708 | policy:508df8ab528d116ff0f11e56 | policy:7fd6cbc5c1c9389e2261549f,agent_assisted,False,False
N0339,Modular design / Scalability / High-voltage direct current,False,False,False,范围过宽或样本混杂，暂缓认定,模块化储热、电动车火灾、热电测量、小堆和鱼道混合，Modular design对象不统一。,W7166563401 | W7135028815 | W4414862198 | W7161387989 | W7161556150,patent:CN202510706435A | patent:CN202423294932U | patent:CN202422073309U,agent_assisted,False,False
N0343,Software deployment / Carbon capture and storage (timeline) / Scalability,False,False,False,范围过宽或样本混杂，暂缓认定,光伏回收、缺陷识别、概念性供能架构、CCUS和网络教学混合，Deployment增长可能反映通用词或收录变化。,W4416121034 | W7117648925 | W7117941515 | W7131283385 | W7163905054,policy:acee112cacaeefe25026ea5f | policy:d9199446ab434db42db198e3 | policy:c0d4a67dc2dd398f9374ccd0,agent_assisted,False,False
N0358,Raw material / Biorefinery / Metallurgy,False,False,False,范围过宽或样本混杂，暂缓认定,关键矿物、碳存储、碳纤维、电池二次原料和Ti-Al-C-N混合，宜先区分资源循环与材料制备。,W4413947974 | W7140127169 | W7118975283 | W7119509743 | W7125631918,policy:9fbfac8d21ccec5fcfa17d7b,agent_assisted,False,False
N0369,Government (linguistics) / Public economics / Economic growth,False,False,False,范围过宽或样本混杂，暂缓认定,数字变电站、可再生能源成本、金矿、森林与预测史混合，Government不足以界定技术方向。,W7160158813 | W7134826622 | W4416998551 | W4415171349 | W7140494047,policy:f2c3b209b30e19dc768045c5 | policy:89e139019c071b355c9f4644 | policy:798a7d8a54b143beb6c8c95e,agent_assisted,False,False
N0381,Sensitivity (control systems) / Electronic engineering / Parametric statistics,False,False,False,范围过宽或样本混杂，暂缓认定,柔性压力传感器、沼气模型、统计阈值与伤口绷带混合，Sensitivity为通用指标。,W7160236153 | W4412555352 | W7155203625 | W7111076660 | W4416323718,,agent_assisted,False,False
N0388,能源材料电子结构,False,True,False,有样本依据的条件性跟踪方向,样本为热电金属间化合物、能源采集钙钛矿、卤化物和钴酸锂电子结构；属于材料机理研究，不能推断工程成熟度。,W7151352305 | W7161562553 | W7160407727 | W7164338201,,agent_assisted,False,False
N0395,湍流与聚变等离子体输运,False,True,False,有样本依据的条件性跟踪方向,已显示样本多数是等离子体湍流、EAST、L-H转变，另含含氢管流；两类子任务仍需区分。,W4416416436 | W7161293928 | W4413076932 | W7164997434 | W7150168559,,agent_assisted,False,False
N0408,Monte Carlo method / Statistical physics / Computational physics,False,False,False,范围过宽或样本混杂，暂缓认定,配电电压、离子推进、核反应中子源、表面银簇与聚变靶设计混合，Monte Carlo为跨领域方法。,W4414156357 | W7131393132 | W7162045327 | W7162204049 | W7128519750,,agent_assisted,False,False
N0409,建筑暖通与热储能控制,False,True,False,有样本依据的条件性跟踪方向,摘要明确涉及ATES模型预测控制和住宅负荷/温度预测，另有HVAC物联网及通风研究；保留建筑用能边界。,W4414595204 | W7163393800 | W7111165024 | W7167394866 | W7162543912,patent:CN202511162001A | patent:KR1020240083636,agent_assisted,False,False
N0412,Electric power / Electric power industry / Electric energy,False,False,False,范围过宽或样本混杂，暂缓认定,核电、航空推进、行业治理、负荷预测及数据通信混合，Electric power范围过宽；另有旧规重发日期。,W4412021715 | W7162765415 | W7133236432 | W7163678402 | W4415091642,patent:US18806264 | patent:CN202511926032.9 | patent:CN202510858687A | policy:a8fca12e7e7341d71ecca04a | policy:d11d0bb98bd31de90437b70a | policy:bfeb5830e2f4a417e2a38695,agent_assisted,False,False
N0432,Resource (disambiguation) / Natural resource / Natural resource economics,False,False,False,范围过宽或样本混杂，暂缓认定,未完成充分范围审阅,W7131833772 | W7164865833 | W4413395156 | W4414118446 | W7123349806,,agent_assisted,False,False
N0443,Aerodynamics / Aerospace engineering / Airfoil,False,False,False,范围过宽或样本混杂，暂缓认定,无人机、航空涡轮、翼型与冷却塔风载混合；不能从Aerodynamics直接认定能源技术。,W7160552087 | W7165490139 | W4416999669 | W7127628776 | W7204041457,patent:CN202580005665.8 | patent:CN202610433325.1 | patent:CN202610330386.5,agent_assisted,False,False
N0446,Noise (video) / Noise reduction / Phase noise,False,False,False,范围过宽或样本混杂，暂缓认定,电池异常、GaN电路噪声、电压调节与蜂蜡提取混合，Noise不是统一任务。,W7133348681 | W4412744157 | W7163675539 | W7131650600,patent:CN202211023626.5 | patent:CN202211697987.8 | patent:CN202510529007A,agent_assisted,False,False
N0458,Computation / Computational science / Finite element method,False,False,False,范围过宽或样本混杂，暂缓认定,通信计算、材料声子、AI威胁检测、超智能数学与V2G认证混合，Computation过宽。,W4411948639 | W7107856736 | W7161392637 | W7134278877 | W4416519378,patent:CN120414465 | patent:CN202511132674.1 | patent:CN202210951346.4,agent_assisted,False,False
N0470,能源与材料生命周期评价,False,True,False,有样本依据的条件性跟踪方向,样本涵盖烹饪设备、锂电回收、废物能源回收，也有一般聚合物足迹；属跨领域评价方法主题，保留范围限制。,W4416417444 | W7117869227 | W7131106719 | W4415666234 | W7163909483,,agent_assisted,False,False
N0473,Identification (biology) / System identification / Set (abstract data type),False,False,False,范围过宽或样本混杂，暂缓认定,有机薄膜、风电预测、能源枢纽、银行服务及Holstein模型混合，Identification多义。,W7159887161 | W7154347682 | W7161767209 | W7162304340 | W4413506790,patent:CN202511792615.7 | patent:CN202610418234.0 | patent:CN202410966717.5,agent_assisted,False,False
N0474,强化学习用于微电网与能源调度,True,False,False,有样本依据的条件性跟踪方向,代表样本覆盖微电网控制、电动车路径和地方能源市场；含一般网络攻击MDP样本，需约束能源应用范围，且核心数量门槛过滤敏感。,W4413581216 | W7156967936 | W7130566392 | W7154540760 | W7167721429,patent:CN202511737826.0,agent_assisted,False,False
N0493,Sustainable development / Economic growth / Sustainable energy,False,False,False,范围过宽或样本混杂，暂缓认定,能源技术选择、铁载能体、金融转型、氢物流与人口碳生产率混合，可作背景议题但不归为统一技术热点。,W4416305600 | W4417502911 | W4414330178 | W4417246744 | W4414219425,policy:c2cc0bbd0ce28dd104d9970a | policy:b8b8adce295a99d75bb9ecdc | policy:7142f0d1b5eae03fa19059bf,agent_assisted,False,False
