category_id,year0_institutions,year1_institutions,year2_institutions,year3_institutions,year4_institutions,recent_institutions,core_institutions_1y,core_institutions_3y,core_institutions_5y,citation_cohort_percentile
C0001,48,40,49,43,30,48,48,127,183,0.3949681268190703
C0002,1936,1476,1191,1080,895,1936,1936,3000,3483,0.6346819276689296
C0003,253,284,262,287,273,253,253,657,1010,0.28598198169166
C0004,1286,1020,943,870,870,1286,1286,2385,3081,0.32308360837514594
C0005,933,918,797,702,630,933,933,1720,2096,0.5874043083466682
C0006,35,13,25,7,10,35,35,71,87,0.13650198166825833
C0007,940,854,733,749,715,940,940,1696,2122,0.5197838436534963
C0008,45,33,36,45,55,45,45,109,204,0.20549702837331385
C0009,2321,1879,1493,1364,1171,2321,2321,3332,3733,0.6328002599241704
C0010,1575,745,675,687,646,1575,1575,2287,2788,0.34424765450745687
C0011,1352,1168,894,917,797,1352,1352,2164,2597,0.6341195875550799
C0012,700,621,604,596,533,700,700,1415,1881,0.44330182878801117
C0013,385,282,288,233,231,385,385,786,1047,0.3663585480198866
C0014,4,0,2,3,0,4,4,6,9,0.08791019279264622
C0015,1455,1244,1092,900,898,1455,1455,2642,3204,0.4330721756900483
C0016,1218,1022,1005,825,890,1218,1218,2445,3176,0.3447104730385351
C0017,471,446,428,428,442,471,471,1056,1524,0.21627576639434892
C0018,761,500,450,415,379,761,761,1357,1743,0.3388126336519761
C0019,663,669,611,459,535,663,663,1495,1927,0.3236019325629173
C0020,1048,1091,1085,1014,1040,1048,1048,2285,3019,0.5533326927769086
C0021,1181,1141,1003,889,818,1181,1181,2375,3003,0.40191487472730514
C0022,56,84,61,95,73,56,56,182,301,0.385209731345148
C0023,2,2,1,2,0,2,2,5,7,0.07400704607085626
C0024,756,621,537,356,283,756,756,1582,1942,0.20493874003298249
C0025,6,1,4,4,0,6,6,11,15,0.14183139665242883
C0026,422,419,421,449,491,422,422,1022,1533,0.3073751135646488
C0027,488,444,411,458,400,488,488,1052,1496,0.23465842096977899
C0028,1131,1024,874,760,554,1131,1131,2165,2642,0.3930986646332398
C0029,712,655,623,584,510,712,712,1400,1817,0.27087300995924557
C0030,157,142,168,122,145,157,157,432,628,0.4657132165323652
C0031,757,621,623,553,548,757,757,1450,1875,0.3058867838382345
C0032,99,80,80,87,71,99,99,231,343,0.3020189740320711
C0033,849,819,716,643,647,849,849,1869,2458,0.19538690318974655
C0034,1043,829,748,738,697,1043,1043,1881,2414,0.4884390427407456
C0035,77,103,78,97,78,77,77,250,397,0.23741781438295295
C0036,18,12,8,9,3,18,18,37,47,0.20555437203083066
C0037,2294,1911,1756,1514,1387,2294,2294,3574,4127,0.6326380445716413
C0038,836,635,629,495,548,836,836,1687,2216,0.2511580449487081
C0039,146,84,75,57,34,146,146,284,357,0.3474419637905244
C0040,2077,2096,1758,1251,1040,2077,2077,3836,4418,0.4136886123974658
C0041,11,37,9,10,4,11,11,56,66,0.45547912179345795
C0042,47,63,65,46,55,47,47,156,235,0.319780494522524
C0043,925,658,627,613,529,925,925,1594,2051,0.38161270269863845
C0044,793,679,570,520,475,793,793,1417,1761,0.5098049266193913
C0045,1085,1112,1046,942,993,1085,1085,2114,2706,0.46450245988940436
C0046,537,463,423,380,355,537,537,1068,1392,0.4711308959581591
C0047,1230,1169,1049,923,900,1230,1230,2257,2810,0.5562227548825134
C0048,1091,771,702,635,701,1091,1091,1847,2338,0.35246209210652496
C0049,115,183,173,142,106,115,115,416,583,0.481008293063182
C0050,1360,1273,1041,899,754,1360,1360,2315,2694,0.5862414991983712
C0051,40,36,35,24,40,40,40,109,168,0.19986843509419372
C0052,55,26,19,29,43,55,55,98,168,0.07701009308334116
C0053,19,9,14,36,35,19,19,42,110,0.11810229067275003
C0054,7,10,16,7,9,7,7,32,47,0.18716101361627122
C0055,823,727,703,742,680,823,823,1636,2164,0.38449923995159563
C0056,1336,1076,921,770,681,1336,1336,2310,2767,0.4430459922789798
C0057,920,731,712,748,779,920,920,1686,2287,0.3113901821692895
C0058,1387,1354,1060,942,866,1387,1387,2570,3138,0.45325111637068266
C0059,1406,1090,1034,871,886,1406,1406,2461,3046,0.5191041330522213
C0060,2472,2310,2039,1758,1594,2472,2472,3889,4450,0.6349768724880849
C0061,1506,1252,1212,1196,1085,1506,1506,2683,3335,0.47979820536124074
C0062,911,706,585,624,613,911,911,1590,2076,0.4001385307790475
C0063,1844,1401,1385,1254,1211,1844,1844,3053,3804,0.4596248475833664
C0064,73,41,63,48,31,73,73,168,231,0.43060085409534077
C0065,503,388,317,293,316,503,503,966,1291,0.275034436581468
C0066,869,732,669,531,571,869,869,1730,2213,0.22046708608950755
C0067,2315,2137,1898,1705,1514,2315,2315,3628,4227,0.601439792990236
C0068,887,721,646,679,585,887,887,1622,2110,0.5196730244914027
C0069,831,678,577,538,546,831,831,1509,1934,0.394757629304841
C0070,1292,1371,1136,948,788,1292,1292,2765,3441,0.3950192716143777
C0071,917,796,844,849,848,917,917,1754,2332,0.44499735358698383
C0072,1946,1631,1334,969,697,1946,1946,3426,3957,0.4815688091658135
C0073,1382,1195,1238,1071,1001,1382,1382,2519,3112,0.4808782258011526
C0074,0,0,0,1,2,0,0,0,3,0.0
C0075,1214,1048,976,912,805,1214,1214,2113,2555,0.5767341105734468
C0076,1653,1416,1357,1303,1165,1653,1653,2751,3349,0.5501966217965529
C0077,46,37,27,36,26,46,46,105,157,0.20992337464130312
C0078,0,0,0,0,1,0,0,0,1,0.0
C0079,23,41,29,33,12,23,23,86,128,0.2056648866281968
C0080,1900,1792,1717,1463,1408,1900,1900,3420,4107,0.5728715527225788
C0081,6,12,7,10,7,6,6,25,40,0.07724640195469179
C0082,808,713,642,559,619,808,808,1706,2266,0.3174508979011365
C0083,778,674,634,604,649,778,778,1532,2056,0.305919616987625
C0084,4,7,1,13,4,4,4,12,25,0.5089168278537617
C0085,1042,827,788,692,703,1042,1042,1842,2272,0.5207527129861272
C0086,1491,1285,1152,1048,964,1491,1491,2715,3358,0.38856324535003606
C0087,54,28,19,24,27,54,54,98,137,0.2672305710736643
C0088,1312,868,823,793,677,1312,1312,2264,2858,0.3727661096176993
C0089,844,725,660,707,710,844,844,1685,2324,0.24394799149333246
C0090,22,27,40,36,23,22,22,82,129,0.2177565846738203
C0091,646,486,429,420,392,646,646,1129,1426,0.27903207656060064
C0092,17,4,13,5,9,17,17,33,47,0.15363269161091503
C0093,798,523,444,372,375,798,798,1324,1594,0.2614958626446727
C0094,1069,799,853,759,767,1069,1069,1934,2456,0.4186226326928348
C0095,172,116,92,79,70,172,172,346,460,0.24243171119721285
C0096,22,24,12,16,23,22,22,57,93,0.11795698830274967
C0097,222,203,197,216,165,222,222,515,755,0.2748849438305704
C0098,1177,718,690,611,579,1177,1177,1887,2344,0.36487027734021155
C0099,29,8,20,14,14,29,29,57,80,0.2174082016101096
C0100,656,577,513,467,530,656,656,1227,1579,0.2630579609729538
C0101,359,394,467,352,388,359,359,1043,1472,0.14014317286900266
C0102,1350,980,909,831,728,1350,1350,2316,2840,0.34057830382837817
C0103,1007,811,814,839,866,1007,1007,1866,2444,0.4641029284660486
C0104,603,419,438,405,376,603,603,1167,1562,0.2384549080107264
C0105,1185,1017,1069,971,913,1185,1185,2247,2839,0.41747646069014344
C0106,1506,1371,1217,929,812,1506,1506,2970,3594,0.31918614710605414
C0107,216,192,248,169,222,216,216,560,812,0.3929166819020911
C0108,11,12,14,26,18,11,11,37,80,0.230099965359794
C0109,1241,1179,1003,876,813,1241,1241,2126,2536,0.5981148864792492
C0110,11,2,5,9,15,11,11,18,37,0.15003838354179871
C0111,9,6,0,4,5,9,9,15,24,0.08064342089036873
C0112,272,176,168,162,168,272,272,541,766,0.17874023069768194
C0113,2236,2016,2085,2014,1905,2236,2236,3912,4778,0.5130739144338794
C0114,1317,1082,951,890,838,1317,1317,2299,2885,0.5348777656267633
C0115,1321,906,726,680,676,1321,1321,2061,2508,0.46570076912876673
C0116,1,3,11,14,3,1,1,15,31,0.1993622683594267
C0117,1115,835,779,822,716,1115,1115,2013,2645,0.2891247023740269
C0118,0,0,0,0,0,0,0,0,0,0.0
C0119,9,3,4,5,2,9,9,16,23,0.0
C0120,546,601,536,459,500,546,546,1347,1824,0.26294752619058753
C0121,1414,883,786,758,695,1414,1414,2099,2534,0.362907540593139
C0122,2169,1901,1704,1597,1565,2169,2169,3438,4061,0.48778413365646167
C0123,602,552,490,406,490,602,602,1062,1322,0.33006634847215843
C0124,717,421,319,252,170,717,717,1127,1302,0.40184504502042556
C0125,1253,935,900,818,725,1253,1253,2130,2612,0.46155197127186964
C0126,1619,1586,1402,1296,1163,1619,1619,2746,3300,0.6159689740894381
C0127,1063,936,772,788,709,1063,1063,1811,2268,0.5523489783454044
C0128,1532,1480,1506,1350,1362,1532,1532,2989,3740,0.4990918800649087
C0129,1685,1362,1211,1153,1210,1685,1685,2898,3594,0.4400686242613185
C0130,1579,983,738,732,629,1579,1579,2541,3058,0.2747027421440368
C0131,10,30,7,27,10,10,10,46,81,0.314380471015889
C0132,1714,1433,1202,1162,1068,1714,1714,2764,3275,0.6145492328766333
C0133,1486,1657,1329,1138,942,1486,1486,3104,3755,0.3813908771744665
C0134,1094,972,889,926,865,1094,1094,2058,2676,0.3658460630098656
C0135,11,14,8,10,13,11,11,32,53,0.16630858269527718
C0136,957,829,828,731,765,957,957,1937,2554,0.2595766649085468
C0137,1374,1269,1066,978,766,1374,1374,2509,3025,0.5279785286256619
C0138,1678,1319,1176,1033,946,1678,1678,2880,3494,0.4132250019467281
C0139,404,311,276,282,284,404,404,761,1033,0.30153748279927467
C0140,1483,1069,947,873,766,1483,1483,2445,3008,0.45648952661338416
C0141,1589,1185,1045,1003,1026,1589,1589,2463,2983,0.493608173002362
C0142,10,2,4,2,17,10,10,16,34,0.18598124151992532
C0143,1192,1093,942,914,856,1192,1192,2074,2582,0.39440010190972985
C0144,883,706,629,618,586,883,883,1755,2370,0.2800052274523573
C0145,1458,1157,845,685,695,1458,1458,2615,3170,0.25210325429313934
C0146,1806,1512,1320,1146,985,1806,1806,2832,3229,0.6319844464651336
C0147,2,2,0,0,2,2,2,4,6,0.2931587082079232
C0148,11,1,15,9,27,11,11,27,60,0.282503214153165
C0149,633,1027,889,963,831,633,633,2016,2958,0.255633639636433
C0150,782,630,596,434,440,782,782,1520,1911,0.5344166597826147
C0151,1669,1396,1276,1149,1071,1669,1669,2924,3577,0.5233218518171813
C0152,805,875,862,825,800,805,805,1791,2326,0.48802088072929567
C0153,626,502,513,493,449,626,626,1219,1690,0.3890642819380161
C0154,866,697,722,659,639,866,866,1573,2054,0.3456479844559461
C0155,2360,2115,1729,1530,1366,2360,2360,3626,4124,0.6293196971384605
C0156,1112,936,898,762,823,1112,1112,2137,2732,0.35463005488599164
C0157,68,36,32,32,64,68,68,125,208,0.23539560017207398
C0158,1668,1411,1310,1198,1151,1668,1668,2750,3310,0.5463947374718555
C0159,1358,1025,1006,803,615,1358,1358,2526,3057,0.35163421443166243
C0160,211,192,121,223,166,211,211,494,805,0.17582059217073367
C0161,746,669,524,470,413,746,746,1492,1901,0.2765724079018114
C0162,340,259,298,255,199,340,340,753,1015,0.3324567694040059
C0163,223,208,211,221,240,223,223,541,828,0.329731013432438
C0164,365,316,337,373,292,365,365,803,1145,0.23002116473200984
C0165,472,380,409,375,371,472,472,1010,1386,0.2976432459539573
C0166,1080,1112,937,892,850,1080,1080,2124,2750,0.4303484005165699
C0167,773,705,597,580,616,773,773,1498,1936,0.4085232782940577
C0168,605,467,433,428,363,605,605,1110,1466,0.3516228627759833
C0169,1431,1176,840,751,669,1431,1431,2353,2782,0.5208963321993544
C0170,2055,1783,1494,1145,1034,2055,2055,3720,4452,0.3203791223599089
C0171,706,624,690,634,580,706,706,1456,1930,0.3340276836635838
C0172,853,746,706,717,632,853,853,1686,2228,0.384810691088737
C0173,62,55,89,67,63,62,62,192,302,0.4398765379999641
C0174,321,270,370,248,278,321,321,816,1140,0.30093821695795786
C0175,916,676,636,547,530,916,916,1613,2028,0.42386111595126125
C0176,1270,1135,1145,1077,953,1270,1270,2331,2955,0.3385905795437696
C0177,973,852,873,853,825,973,973,1886,2468,0.4206412311816503
C0178,1335,1022,960,892,871,1335,1335,2288,2827,0.47146766898438497
C0179,796,622,499,488,459,796,796,1345,1712,0.4030076131364423
C0180,43,32,36,57,28,43,43,107,180,0.3117744268327057
C0181,345,347,336,286,313,345,345,773,1040,0.28200615122643274
C0182,578,455,382,265,266,578,578,1182,1499,0.26004720005822696
C0183,1339,1088,1031,1013,992,1339,1339,2278,2899,0.36361737321869725
C0184,2927,2585,2247,2095,1904,2927,2927,4314,4945,0.5619285711524619
C0185,980,801,812,846,759,980,980,1900,2508,0.34144791219621795
C0186,829,494,533,461,454,829,829,1302,1608,0.45443743547887777
C0187,22,17,14,46,29,22,22,52,120,0.14120699910513232
C0188,891,785,795,793,693,891,891,1748,2335,0.2961215659294481
C0189,1611,1274,1045,1037,975,1611,1611,2584,3155,0.38812735998976905
C0190,43,15,9,32,46,43,43,64,137,0.2324306662424746
C0191,1737,1365,1136,873,773,1737,1737,2678,3031,0.5803655545097243
C0192,1269,1052,995,937,855,1269,1269,2058,2500,0.5401057483835207
C0193,228,132,121,145,102,228,228,437,607,0.26650922437022045
C0194,1494,1669,1383,1143,1099,1494,1494,3194,3909,0.33979971480930216
C0195,1714,1501,1299,922,885,1714,1714,3216,3825,0.3588071529122826
C0196,1329,1112,891,899,803,1329,1329,2288,2904,0.4090651992455124
C0197,737,791,640,590,597,737,737,1599,2079,0.4402346379633975
C0198,2,3,1,6,0,2,2,6,12,0.3073443424826053
C0199,18,16,19,22,28,18,18,53,102,0.12237892784209896
C0200,670,593,544,525,524,670,670,1278,1676,0.34332211613008357
C0201,1045,906,878,760,814,1045,1045,1980,2485,0.5347200493299009
C0202,1695,1613,1564,1450,1266,1695,1695,3117,3780,0.5827911368883001
C0203,853,747,875,804,802,853,853,1917,2589,0.38366618302070926
C0204,3,8,0,0,0,3,3,11,11,0.0
C0205,1096,823,775,604,575,1096,1096,1922,2383,0.43472887259413856
C0206,1482,1475,1324,1235,1285,1482,1482,2692,3285,0.48692329360503334
C0207,22,16,11,22,21,22,22,46,89,0.2234458251661094
C0208,1110,665,611,535,516,1110,1110,2012,2627,0.17198857453015926
C0209,1238,963,974,936,914,1238,1238,2085,2595,0.48823606530126745
C0210,1384,812,778,693,627,1384,1384,2142,2558,0.34152332103869565
C0211,980,949,965,947,776,980,980,1967,2512,0.35210732689725066
C0212,726,658,670,562,593,726,726,1382,1690,0.30565009460968323
C0213,508,365,344,279,298,508,508,957,1215,0.2821376178721057
C0214,538,579,430,342,419,538,538,1231,1593,0.2908985692769287
C0215,13,8,5,13,17,13,13,26,55,0.4058608908870678
C0216,628,465,408,475,384,628,628,1265,1764,0.19777173874163953
C0217,804,673,628,580,562,804,804,1573,2062,0.4299521874519885
C0218,1284,1694,1446,997,886,1284,1284,3128,3796,0.2758482678244066
C0219,1220,758,725,687,665,1220,1220,2058,2613,0.29480595968861756
C0220,447,398,362,359,323,447,447,912,1201,0.2987050651431669
C0221,1581,1338,1118,1026,962,1581,1581,2579,3062,0.5288940085255067
C0222,1266,1141,1139,1156,1025,1266,1266,2408,3116,0.5337030913835656
C0223,1009,784,671,626,628,1009,1009,1768,2244,0.33293871623185134
C0224,1621,1030,866,760,688,1621,1621,2720,3304,0.3676921720048756
C0225,1250,1130,1013,1039,963,1250,1250,2405,3123,0.4748988366542783
C0226,1388,1374,1382,1286,1114,1388,1388,2612,3232,0.6166832862221416
C0227,922,583,525,456,431,922,922,1567,1961,0.33259886254966486
C0228,775,745,680,589,645,775,775,1774,2398,0.2175410839013041
C0229,1,0,0,1,1,1,1,1,3,0.0
C0230,973,653,597,568,503,973,973,1629,2075,0.32376766494399134
C0231,1,4,7,0,0,1,1,12,12,0.147151470312029
C0232,1059,847,852,875,815,1059,1059,1934,2524,0.4195905927881496
C0233,1503,1251,1154,991,981,1503,1503,2426,2915,0.5939644305761361
C0234,551,541,555,590,540,551,551,1203,1671,0.31130383992219823
C0235,1213,1004,908,961,825,1213,1213,2279,2956,0.3299616489575254
C0236,1282,1062,839,587,477,1282,1282,2184,2523,0.5284068097594621
C0237,2451,2091,1900,1673,1525,2451,2451,4385,5399,0.33027822034873583
C0238,464,364,362,246,236,464,464,1050,1355,0.21262656994178852
C0239,949,761,720,618,661,949,949,1730,2199,0.4811781416323296
C0240,489,451,397,401,478,489,489,969,1330,0.4514345976453908
C0241,1612,1092,1064,966,930,1612,1612,2377,2804,0.5610046487079184
C0242,196,151,138,84,147,196,196,422,594,0.2462576873957042
C0243,1321,1052,1095,1055,947,1321,1321,2403,3071,0.42405335921054965
C0244,3,1,0,1,0,3,3,4,5,0.03261624072115838
C0245,1400,1295,1177,1022,904,1400,1400,2423,2873,0.6222226157699083
C0246,344,294,207,206,175,344,344,633,827,0.47439343206853046
C0247,1307,1117,978,969,889,1307,1307,2304,2865,0.4578945559092439
C0248,22,17,15,16,14,22,22,54,83,0.07582547319310308
C0249,798,810,799,718,684,798,798,1748,2333,0.35112032955160066
C0250,996,889,823,713,632,996,996,2028,2568,0.33662443528695063
C0251,1506,1258,986,880,730,1506,1506,2486,2923,0.4504550766819138
C0252,1060,801,659,569,575,1060,1060,1866,2311,0.33446203376868233
C0253,1409,1197,953,892,799,1409,1409,2273,2701,0.5552019188062142
C0254,2344,1935,1626,1460,1316,2344,2344,3414,3903,0.6138724710566831
C0255,1051,1123,917,820,804,1051,1051,1927,2325,0.5334252130928081
C0256,1452,1264,1128,1054,1064,1452,1452,2375,2887,0.45130765402289313
C0257,970,928,928,811,747,970,970,1854,2336,0.48661033452728
C0258,2376,1813,1563,1226,1123,2376,2376,3780,4405,0.4387969316520055
C0259,1123,1055,926,805,761,1123,1123,1840,2150,0.6056086515487002
C0260,25,16,25,20,21,25,25,60,97,0.145337182059049
C0261,7,13,5,14,16,7,7,24,52,0.06679662854451249
C0262,3,3,0,3,0,3,3,6,9,0.4289322070645246
C0263,1169,1114,1142,969,1034,1169,1169,2202,2743,0.5542409787997077
C0264,1506,1711,1485,1034,886,1506,1506,3347,4051,0.3754378946220751
C0265,531,295,281,277,219,531,531,874,1137,0.3404589216458707
C0266,765,745,640,604,548,765,765,1408,1784,0.5896499675756277
C0267,747,794,701,696,685,747,747,1746,2371,0.22747817533749298
C0268,0,1,10,10,1,0,0,11,22,0.1912254731129051
C0269,971,966,955,953,913,971,971,1953,2516,0.4678550453718532
C0270,1067,852,646,646,672,1067,1067,1850,2321,0.3239507692484889
C0271,1474,1208,997,1006,901,1474,1474,2703,3405,0.4136448849995185
C0272,854,716,713,679,579,854,854,1759,2350,0.38095892061788156
C0273,43,18,42,24,44,43,43,101,160,0.1712856884498977
C0274,14,13,15,12,8,14,14,42,60,0.2049608393930196
C0275,907,790,755,784,741,907,907,1634,2116,0.3538441987737283
C0276,1635,1534,1382,1140,1117,1635,1635,2739,3189,0.5549807436564445
C0277,997,1383,1260,1143,1136,997,997,2620,3491,0.4614140375949138
C0278,1825,1568,1321,1247,1045,1825,1825,2751,3186,0.6532207423061067
C0279,8,1,0,1,0,8,8,9,10,0.28280836116549585
C0280,857,699,590,434,449,857,857,1646,2031,0.27003366578384913
C0281,18,18,31,13,18,18,18,62,90,0.17616849019819494
C0282,1089,1087,959,723,608,1089,1089,2335,2882,0.27069837528565854
C0283,0,0,6,0,1,0,0,6,7,0.20695512370513613
C0284,18,10,9,6,9,18,18,36,51,0.06435025968254696
C0285,1118,865,773,709,678,1118,1118,1907,2393,0.4530395475230217
C0286,1619,1319,1265,1205,1063,1619,1619,2600,3102,0.5894335212776426
C0287,477,482,429,323,333,477,477,1058,1343,0.2446546759106198
C0288,253,191,201,198,121,253,253,525,694,0.4238642696837249
C0289,1002,1055,928,922,863,1002,1002,2127,2726,0.4375826796587671
C0290,1140,1248,1242,1260,1213,1140,1140,2559,3403,0.5015078249258457
C0291,1,0,0,0,1,1,1,1,2,0.0
C0292,428,395,317,310,242,428,428,985,1322,0.23014581161527015
C0293,1616,1273,1049,923,708,1616,1616,2820,3376,0.41159090447693436
C0294,244,144,150,151,127,244,244,472,657,0.28975614370962255
C0295,910,790,725,728,740,910,910,1726,2295,0.40145558909746865
C0296,667,462,457,409,302,667,667,1302,1675,0.33118459272564005
C0297,1475,1240,891,750,595,1475,1475,2406,2760,0.5937039869895929
C0298,687,576,587,535,546,687,687,1311,1682,0.3990477283202139
C0299,180,134,133,139,120,180,180,389,576,0.4012693865450258
C0300,217,162,172,124,130,217,217,504,708,0.04745208352385187
C0301,782,572,565,510,492,782,782,1389,1747,0.34930797310377276
C0302,868,756,657,571,540,868,868,1568,1969,0.5357432558765807
C0303,389,253,266,243,261,389,389,753,1057,0.3426912179753562
C0304,2261,1982,1935,1926,1722,2261,2261,3938,4880,0.4759355561027971
C0305,4,13,3,3,5,4,4,20,28,0.14576948008252202
C0306,557,523,591,634,622,557,557,1298,1898,0.25020072589541537
C0307,1352,1031,1046,909,876,1352,1352,2434,3021,0.3235054985552146
C0308,186,72,73,73,89,186,186,311,443,0.11577749852716913
C0309,75,72,76,79,53,75,75,206,306,0.26261928135453805
C0310,665,534,714,643,619,665,665,1493,2060,0.35399499308626686
C0311,835,793,724,652,625,835,835,1664,2130,0.3145101436623171
C0312,29,39,26,25,20,29,29,92,133,0.02717557745856182
C0313,960,764,649,548,535,960,960,1671,2050,0.3663739319270604
C0314,56,49,55,65,24,56,56,156,231,0.2844497886849374
C0315,1230,950,828,750,648,1230,1230,1970,2338,0.4434554973367708
C0316,922,816,758,808,661,922,922,1943,2649,0.3346317091578909
C0317,1170,975,920,849,840,1170,1170,2146,2730,0.5150041203480737
C0318,579,479,381,368,347,579,579,1095,1452,0.29907274176424936
C0319,477,363,309,311,336,477,477,837,1086,0.25009014126625667
C0320,1273,1121,972,810,635,1273,1273,2315,2777,0.48998517075969295
C0321,431,266,214,189,168,431,431,728,898,0.3335858698418165
C0322,78,88,65,83,77,78,78,213,324,0.5528593399736942
C0323,870,669,543,465,484,870,870,1548,1957,0.1920166195075375
C0324,958,965,937,955,923,958,958,2015,2690,0.5039233813299154
C0325,24,16,16,27,19,24,24,56,102,0.14940548955556637
C0326,483,860,925,629,709,483,483,1806,2495,0.22155372796010103
C0327,1097,673,671,538,529,1097,1097,1806,2226,0.41778027227442416
C0328,1533,1289,1198,1165,1020,1533,1533,2698,3376,0.36743640457915555
C0329,18,15,45,32,30,18,18,74,122,0.13658365722069232
C0330,1589,1364,1161,1015,911,1589,1589,2628,3111,0.5984943871873046
C0331,2,4,0,0,0,2,2,6,6,0.04815043791859866
C0332,523,405,325,268,269,523,523,1033,1332,0.24984960279788831
C0333,667,488,428,372,442,667,667,1202,1592,0.29962948472949585
C0334,1381,1162,1009,1035,915,1381,1381,2414,3003,0.5751650534848485
C0335,11,8,19,16,8,11,11,38,58,0.22833779832446266
C0336,360,311,253,194,173,360,360,702,848,0.5970207514354101
C0337,261,269,240,253,189,261,261,679,987,0.20974666041869713
C0338,1651,1227,1105,940,862,1651,1651,2699,3255,0.5188088435102202
C0339,1237,889,692,522,478,1237,1237,2166,2558,0.3352118959152912
C0340,1277,1163,1119,1203,1065,1277,1277,2398,3093,0.5266664577864706
C0341,1588,1407,1385,1295,1259,1588,1588,2722,3314,0.4370034513111541
C0342,1268,1097,970,965,882,1268,1268,2280,2849,0.5571679526883742
C0343,1329,1148,927,773,702,1329,1329,2236,2688,0.5635178956919904
C0344,0,0,0,6,2,0,0,0,8,0.13995532461126248
C0345,636,610,587,553,498,636,636,1336,1747,0.48614475878808133
C0346,1105,984,752,621,661,1105,1105,1871,2254,0.5523104933447603
C0347,403,398,387,337,334,403,403,993,1377,0.16999995585673464
C0348,1250,941,813,610,650,1250,1250,2089,2472,0.41035133729260126
C0349,1302,1356,1186,1167,1069,1302,1302,2464,3025,0.5379330061491513
C0350,716,635,681,578,460,716,716,1581,2078,0.12671824708042695
C0351,223,146,121,82,82,223,223,433,541,0.3040962363128955
C0352,930,570,555,553,476,930,930,1605,2158,0.23682146688090305
C0353,113,88,51,35,62,113,113,230,309,0.17991432656618725
C0354,1384,1366,1241,1106,1063,1384,1384,2931,3756,0.37066097770206313
C0355,885,927,834,889,899,885,885,1856,2485,0.43307360624332664
C0356,153,95,87,62,74,153,153,319,433,0.24877435971241793
C0357,1233,790,707,535,525,1233,1233,2023,2388,0.4913797159929235
C0358,1504,1339,1305,1207,1146,1504,1504,2594,3093,0.5921023384436266
C0359,10,3,0,5,0,10,10,13,18,0.06364125087938036
C0360,1251,1052,849,808,781,1251,1251,2053,2527,0.5942283490941247
C0361,3,14,19,1,5,3,3,35,41,0.2336840803465958
C0362,1601,1500,1482,1370,1337,1601,1601,2915,3595,0.5287316035405609
C0363,381,550,548,528,445,381,381,1138,1578,0.41866015452836713
C0364,688,555,515,525,530,688,688,1190,1515,0.48988371784947315
C0365,51,47,37,38,39,51,51,128,200,0.16329392781547528
C0366,1063,851,855,646,693,1063,1063,1938,2389,0.5377810478273632
C0367,1405,1111,1012,998,947,1405,1405,2435,3139,0.4528982763590074
C0368,793,615,571,526,535,793,793,1460,1925,0.40680417248619954
C0369,1934,1704,1490,1268,1241,1934,1934,3139,3649,0.5976519862649795
C0370,212,214,156,101,100,212,212,468,577,0.41899381459366386
C0371,764,770,724,607,622,764,764,1654,2121,0.2691616458681823
C0372,315,321,340,317,287,315,315,858,1282,0.1988001634123119
C0373,15,6,16,11,7,15,15,34,52,0.13685673363239798
C0374,18,3,8,5,3,18,18,27,35,0.5600553203534067
C0375,563,561,490,479,459,563,563,1167,1533,0.2926984981674055
C0376,12,2,5,6,7,12,12,18,31,0.13900058343225108
C0377,6,4,7,14,1,6,6,17,32,0.0805421085576241
C0378,1220,976,849,802,727,1220,1220,1971,2437,0.479484327214803
C0379,535,421,437,414,354,535,535,1118,1500,0.2409320561504725
C0380,321,234,272,276,272,321,321,710,1056,0.15160484790376152
C0381,598,375,351,234,185,598,598,1011,1210,0.5080589891355307
C0382,1776,1639,1595,1481,1527,1776,1776,3234,4021,0.5356745464264064
C0383,1145,1035,995,771,696,1145,1145,2345,2895,0.35887152862195953
C0384,12,4,0,8,7,12,12,16,30,0.18829432404753801
C0385,876,653,604,637,580,876,876,1392,1754,0.3319992436046218
C0386,837,809,704,676,678,837,837,1708,2200,0.21792803582247633
C0387,709,669,671,542,674,709,709,1358,1726,0.5440592632800878
C0388,97,74,62,82,58,97,97,216,320,0.2774202661438314
C0389,1005,787,698,708,658,1005,1005,1902,2507,0.31468604351711355
C0390,0,1,2,4,6,0,0,3,13,0.1078038784692585
C0391,832,810,769,626,539,832,832,1808,2321,0.35362624528141556
C0392,39,39,60,70,70,39,39,136,265,0.10335453944322251
C0393,1578,1323,1263,1286,1184,1578,1578,2693,3329,0.45867916214049215
C0394,1455,1237,1127,953,816,1455,1455,2779,3406,0.384138587936492
C0395,1123,994,942,793,845,1123,1123,2092,2604,0.4968252552786697
C0396,77,85,83,59,78,77,77,229,344,0.03249242013123251
C0397,8,0,0,1,1,8,8,8,10,0.0
C0398,1402,1215,1165,1089,1018,1402,1402,2626,3323,0.4867790723443918
C0399,1457,1514,1463,1416,1356,1457,1457,2891,3647,0.5299530620898686
C0400,920,668,610,429,497,920,920,1834,2302,0.26300414337066236
C0401,329,263,335,268,245,329,329,831,1213,0.05149416671523689
C0402,1568,1280,1276,1112,1178,1568,1568,2773,3421,0.40124932349832076
C0403,190,156,181,141,133,190,190,468,664,0.15856910069794256
C0404,53,40,13,26,36,53,53,103,156,0.15866307686282466
C0405,1381,1032,895,953,863,1381,1381,2352,2972,0.37129997875774795
C0406,756,331,290,251,259,756,756,1139,1428,0.2267079925197605
C0407,1446,1187,933,797,685,1446,1446,2174,2487,0.6945368272525241
C0408,810,734,622,656,558,810,810,1545,1980,0.36653357193791225
C0409,1241,1043,916,878,867,1241,1241,2175,2706,0.3841089742960878
C0410,1014,971,912,888,895,1014,1014,2019,2712,0.4919909804350465
C0411,16,12,8,18,7,16,16,36,61,0.14420130422681543
C0412,869,743,685,559,522,869,869,1572,1923,0.4862894139240063
C0413,10,5,16,15,17,10,10,31,60,0.3140199794491415
C0414,1239,848,852,733,739,1239,1239,2073,2631,0.40317538552319676
C0415,424,451,357,346,334,424,424,1061,1486,0.23944348073959992
C0416,987,926,983,918,819,987,987,2023,2604,0.4068600956171147
C0417,1054,957,859,728,642,1054,1054,2027,2508,0.47872352974861626
C0418,368,252,190,184,109,368,368,749,972,0.15037632664428766
C0419,1116,1100,1033,884,821,1116,1116,2215,2747,0.5838710127915752
C0420,852,634,559,514,485,852,852,1418,1742,0.3667992712677413
C0421,567,470,457,456,496,567,567,1179,1631,0.32145924225974076
C0422,21,15,11,13,19,21,21,45,74,0.1481340195934964
C0423,1634,1775,1410,1174,1045,1634,1634,3473,4283,0.34972258790935945
C0424,1001,766,849,675,697,1001,1001,1882,2335,0.3565694265946161
C0425,301,279,196,218,161,301,301,656,880,0.24461655243614436
C0426,1311,1149,971,868,921,1311,1311,2222,2710,0.5461362309531372
C0427,225,176,224,171,199,225,225,559,815,0.11348228772921003
C0428,1292,943,868,808,640,1292,1292,2452,3068,0.38552230043746427
C0429,1088,1228,1160,1203,1079,1088,1088,2384,3073,0.4131077970640282
C0430,320,285,343,361,344,320,320,769,1162,0.2095486892034001
C0431,1343,1078,954,889,792,1343,1343,2214,2630,0.5967948260986132
C0432,19,27,42,35,28,19,19,87,146,0.13499978556650963
C0433,227,107,100,104,99,227,227,398,547,0.35571972620660347
C0434,7,4,0,5,16,7,7,11,31,0.05234455779694169
C0435,786,593,512,562,497,786,786,1552,2115,0.24779642009804034
C0436,1986,1396,1112,935,797,1986,1986,2706,2980,0.6599905049326973
C0437,1869,867,830,711,734,1869,1869,2571,3034,0.34481924834213656
C0438,29,22,22,31,40,29,29,73,139,0.13569377579319672
C0439,320,284,256,237,204,320,320,700,949,0.2136751388569062
C0440,548,555,562,592,642,548,548,1259,1805,0.3709014057453459
C0441,138,162,113,100,98,138,138,334,451,0.5538033283556898
C0442,1,1,1,0,2,1,1,3,5,0.012037609479649665
C0443,1534,1213,1082,878,901,1534,1534,2689,3255,0.41308065148614237
C0444,347,307,268,193,152,347,347,789,990,0.2605359700113895
C0445,498,511,507,418,450,498,498,1116,1452,0.25377391158499835
C0446,1813,1251,1030,850,741,1813,1813,2896,3350,0.4181707538167992
C0447,71,45,41,54,26,71,71,145,214,0.15682584247373205
C0448,985,878,790,641,736,985,985,2084,2760,0.3156176220289229
C0449,30,51,22,20,30,30,30,95,137,0.4167262343477956
C0450,588,506,464,411,386,588,588,1168,1561,0.3406030684052559
C0451,825,762,610,634,605,825,825,1576,2043,0.3329377646091314
C0452,1311,1222,1164,957,841,1311,1311,2562,3140,0.41230944941553843
C0453,8,2,1,3,2,8,8,11,16,0.029133885718934122
C0454,503,367,431,367,396,503,503,1002,1359,0.23829338931089794
C0455,1475,1303,1164,1182,1023,1475,1475,2825,3651,0.4344001861995757
C0456,28,36,28,41,29,28,28,89,152,0.189553307639602
C0457,670,502,463,374,457,670,670,1264,1641,0.3173958353846176
C0458,789,509,477,460,503,789,789,1441,1966,0.26924515325756737
C0459,1201,965,914,859,820,1201,1201,2117,2655,0.4609467579888148
C0460,933,707,724,660,627,933,933,1726,2215,0.3811787463879701
C0461,1808,1407,1246,1056,942,1808,1808,2764,3206,0.6211223892035996
C0462,403,395,341,371,373,403,403,825,1174,0.31630397294199303
C0463,1413,847,782,674,616,1413,1413,2310,2847,0.37061135563751135
C0464,1146,949,732,648,587,1146,1146,1904,2277,0.5138626342473924
C0465,799,766,745,709,767,799,799,1618,2154,0.3202190777884502
C0466,13,9,15,7,3,13,13,37,47,0.10994381056984373
C0467,2,16,0,6,0,2,2,18,24,0.1295816430997153
C0468,2100,1417,1011,877,746,2100,2100,3073,3469,0.38259759015331685
C0469,414,498,412,405,368,414,414,1020,1401,0.4089892294047761
C0470,14,14,24,23,18,14,14,52,88,0.2968100756493564
C0471,28,20,35,26,31,28,28,83,137,0.19348329697082323
C0472,775,701,759,720,729,775,775,1513,1998,0.32519486539204195
C0473,1572,1083,787,669,594,1572,1572,2249,2563,0.47633546616656386
C0474,1013,850,845,792,706,1013,1013,1964,2533,0.3835063280203682
C0475,1224,921,872,884,809,1224,1224,2054,2629,0.45996036010663466
C0476,1392,1601,1388,1219,984,1392,1392,2957,3620,0.549156968441075
C0477,29,21,16,10,29,29,29,66,100,0.13734119419687407
C0478,1823,1990,1771,1594,1391,1823,1823,3699,4531,0.5754869568380533
C0479,8,2,6,13,8,8,8,16,37,0.08342523290369384
C0480,5,15,7,8,1,5,5,27,36,0.08563094184266666
C0481,1210,1008,934,870,812,1210,1210,2173,2707,0.5207113863939388
C0482,1772,1347,1198,1119,905,1772,1772,2735,3179,0.5761532621406991
C0483,1311,1261,1070,1032,962,1311,1311,2301,2789,0.5714371384088075
C0484,856,703,724,702,653,856,856,1761,2373,0.22715086258096367
C0485,1023,972,811,707,672,1023,1023,1745,2074,0.5369775836195017
C0486,2237,1832,1578,1375,1287,2237,2237,4052,5009,0.276769653972771
C0487,959,801,583,473,381,959,959,1547,1780,0.6251286282339023
C0488,80,50,33,41,26,80,80,145,188,0.5977046046040853
C0489,90,69,36,54,48,90,90,169,242,0.5407255380392861
C0490,270,221,226,176,213,270,270,622,864,0.38392336439467956
C0491,4,6,1,3,2,4,4,10,13,0.5806571432195643
C0492,0,9,2,3,0,0,0,10,12,0.7282616056428388
C0493,1487,1389,1176,1123,925,1487,1487,2451,2869,0.6564505076393689
C0494,11,0,0,0,0,11,11,11,11,0.7095157203731429
C0495,15,4,7,3,3,15,15,25,30,0.4264189259291107
C0496,9,3,9,10,5,9,9,21,34,0.35903239161914663
C0497,52,9,23,9,16,52,52,81,104,0.44769889227263376
C0498,548,452,427,312,302,548,548,1183,1524,0.5554084926903742
C0499,78,67,68,62,60,78,78,178,250,0.4588440562404996
C0500,131,145,96,78,83,131,131,324,424,0.4453390365287028
C0501,564,419,297,226,189,564,564,891,996,0.6308370126921802
C0502,58,33,41,27,49,58,58,118,170,0.35286056509381647
C0503,0,0,0,0,0,0,0,0,0,0.0
C0504,129,182,105,93,78,129,129,360,475,0.5188638847126524
C0505,1,1,0,1,5,1,1,2,8,0.1251680231841164
C0506,349,266,251,199,208,349,349,735,959,0.3099871156767988
C0507,11,1,9,3,1,11,11,21,25,0.34055573962422286
C0508,47,8,19,35,28,47,47,68,112,0.44810692839211236
C0509,215,176,203,239,215,215,215,489,769,0.3390816519495747
C0510,785,751,795,577,532,785,785,1488,1765,0.6618232175300247
C0511,4,1,0,0,1,4,4,5,6,0.6724159276747668
C0512,130,110,90,85,53,130,130,282,343,0.3917456785416997
C0513,135,102,71,73,53,135,135,236,284,0.46587949596719747
C0514,136,109,60,49,49,136,136,237,291,0.5081636685169386
C0515,343,270,247,222,222,343,343,665,875,0.5698965804626234
C0516,312,358,295,256,272,312,312,696,919,0.6083916562233154
C0517,123,144,87,65,66,123,123,273,343,0.41129613801706183
C0518,296,274,214,174,158,296,296,578,704,0.5939806322849105
C0519,133,131,93,71,77,133,133,305,382,0.5712636502375985
C0520,213,179,156,134,113,213,213,394,489,0.6191569878998481
C0521,364,373,306,295,220,364,364,738,913,0.6563425957899757
C0522,4,0,0,0,0,4,4,4,4,0.0
C0523,0,0,0,0,0,0,0,0,0,0.0
C0524,141,117,116,63,71,141,141,307,374,0.48457541412412786
C0525,92,112,87,74,76,92,92,262,377,0.5094121705353056
C0526,171,115,95,107,93,171,171,317,434,0.6275889445740536
C0527,454,442,407,294,257,454,454,1057,1322,0.3966619083546958
C0528,19,9,15,9,12,19,19,43,60,0.42550798188934963
C0529,202,179,123,102,87,202,202,355,420,0.6304392567856315
C0530,1303,1162,944,889,758,1303,1303,2069,2403,0.5981037915687646
C0531,101,84,77,65,75,101,101,231,322,0.6496507368352124
C0532,607,509,347,273,262,607,607,978,1139,0.6730923925983412
C0533,458,265,244,225,198,458,458,686,826,0.4120885684381867
C0534,614,457,315,248,131,614,614,1092,1239,0.6406724725664273
C0535,40,36,39,13,23,40,40,87,109,0.42435043665913635
C0536,27,45,20,42,24,27,27,82,136,0.5599874945545462
C0537,2804,2555,2261,2160,1847,2804,2804,4372,5099,0.6091726326786164
C0538,66,93,46,77,36,66,66,183,278,0.36764636878727297
C0539,118,124,91,108,86,118,118,293,439,0.29627486197569647
C0540,138,116,118,112,121,138,138,283,422,0.4458345120659747
C0541,76,62,42,51,77,76,76,163,252,0.4513833920138269
C0542,453,293,217,184,141,453,453,747,875,0.47767126113419683
C0543,168,133,92,59,62,168,168,324,382,0.5663293115741486
C0544,39,22,21,31,36,39,39,77,130,0.3969969289722243
C0545,180,151,161,123,123,180,180,417,585,0.5347606721028515
C0546,6,27,21,19,12,6,6,51,74,0.34125716175336396
C0547,44,7,11,12,5,44,44,60,75,0.451582340732334
C0548,119,124,99,96,64,119,119,278,368,0.3450360294868829
C0549,42,36,30,23,6,42,42,88,100,0.43300584541390885
C0550,216,181,175,121,133,216,216,445,575,0.452081342090862
C0551,161,163,166,113,101,161,161,397,521,0.36710247881649705
C0552,647,558,447,464,398,647,647,1206,1554,0.54959856941856
C0553,577,519,325,211,193,577,577,1148,1358,0.36799599787708903
C0554,108,98,87,52,65,108,108,258,339,0.5121588239943546
C0555,484,420,357,309,248,484,484,813,945,0.6249062071097895
C0556,1094,910,722,584,465,1094,1094,1623,1783,0.6961864706258148
C0557,1034,1024,907,939,827,1034,1034,2059,2637,0.5774462194452549
C0558,142,125,86,102,55,142,142,303,392,0.5764917029285546
C0559,38,23,18,9,6,38,38,72,83,0.6786436408604098
C0560,282,234,213,190,163,282,282,481,584,0.5365235374023596
C0561,85,40,39,41,44,85,85,150,217,0.35163913994120427
C0562,5,7,1,7,6,5,5,13,25,0.3918606267526512
C0563,18,20,15,23,30,18,18,53,100,0.2689423685809473
C0564,342,314,285,231,236,342,342,625,760,0.43014551748231084
C0565,243,71,55,89,61,243,243,313,397,0.587741640284351
C0566,217,82,106,85,78,217,217,335,425,0.5486572250920082
C0567,4,13,13,7,17,4,4,30,53,0.48052564731008907
C0568,0,0,0,2,0,0,0,0,2,0.0
C0569,430,354,310,331,324,430,430,801,1100,0.5669051295067141
C0570,210,130,96,154,168,210,210,371,576,0.5406540978096456
C0571,79,60,46,37,40,79,79,172,237,0.358948023889279
C0572,358,337,323,267,153,358,358,768,930,0.43775558984633584
C0573,1,0,0,0,0,1,1,1,1,0.0
C0574,68,51,51,49,47,68,68,150,216,0.390082963047161
C0575,197,214,228,255,214,197,197,506,759,0.5448586945729375
C0576,593,410,325,184,141,593,593,960,1080,0.6526464608146867
C0577,515,428,287,147,132,515,515,841,921,0.6717749282301072
C0578,122,143,119,123,122,122,122,307,429,0.5193216262222258
C0579,6,3,4,1,4,6,6,13,18,0.23470796421258255
C0580,0,4,2,1,0,0,0,6,7,0.3547838766961826
C0581,111,166,131,137,132,111,111,341,500,0.4107506012267886
C0582,255,237,233,261,206,255,255,552,771,0.47119912290617244
C0583,163,74,117,106,130,163,163,279,404,0.5038948323886746
C0584,156,251,235,275,274,156,156,416,621,0.5363288597379242
C0585,37,12,14,10,41,37,37,51,79,0.5555981647410373
C0586,103,167,147,163,126,103,103,301,395,0.5603717373351816
C0587,483,448,404,329,350,483,483,1067,1376,0.4241410931798694
C0588,12,12,7,2,7,12,12,31,40,0.15641195224169765
C0589,32,24,27,28,32,32,32,67,100,0.26095015549680084
C0590,172,154,147,167,171,172,172,389,587,0.444075890575686
C0591,59,58,54,53,39,59,59,156,219,0.5864559067928383
C0592,615,567,455,346,303,615,615,1149,1385,0.561098821494533
C0593,939,694,488,403,302,939,939,1463,1677,0.6235132229912176
C0594,99,69,51,34,22,99,99,208,255,0.35495606115594974
C0595,0,0,0,0,0,0,0,0,0,0.0
C0596,32,4,32,12,9,32,32,63,78,0.3254073781494451
C0597,184,105,52,34,36,184,184,286,328,0.5673606587090607
C0598,648,514,320,175,147,648,648,1065,1156,0.6145721381014443
C0599,0,0,3,1,0,0,0,3,4,0.8151631009517611
C0600,261,130,130,84,40,261,261,426,494,0.5896671468792438
C0601,76,103,108,154,82,76,76,242,377,0.5079162797075962
C0602,350,559,416,341,267,350,350,935,1105,0.6848832949793661
C0603,722,632,549,482,400,722,722,1409,1770,0.617621272746091
C0604,291,218,235,192,141,291,291,568,722,0.5425591960972644
C0605,135,86,65,42,49,135,135,226,271,0.6414647844912003
C0606,402,185,182,148,147,402,402,606,732,0.3812666353645427
C0607,71,108,79,71,52,71,71,235,315,0.38261215180923014
C0608,72,60,73,73,64,72,72,175,267,0.405744044739639
C0609,63,51,59,75,52,63,63,151,244,0.3887377237010273
C0610,0,0,0,0,0,0,0,0,0,0.0
C0611,13,15,7,1,4,13,13,34,37,0.08570695419475995
C0612,63,74,22,13,28,63,63,141,176,0.2898532859172032
C0613,33,26,21,30,26,33,33,71,112,0.4383629599751344
C0614,50,58,45,74,47,50,50,125,203,0.298100926844734
C0615,132,124,109,136,119,132,132,285,428,0.4252903941399641
C0616,578,472,413,381,326,578,578,937,1110,0.6706266817191836
C0617,19,8,8,6,13,19,19,35,53,0.40383740087591596
C0618,31,21,17,34,31,31,31,67,121,0.5252100597579789
C0619,355,117,143,112,87,355,355,542,665,0.5279796406305043
C0620,0,4,7,0,0,0,0,11,11,0.38783070102642975
C0621,15,15,5,16,19,15,15,35,68,0.14330938731211793
C0622,321,317,219,259,262,321,321,593,781,0.36355689197069185
C0623,254,182,119,84,57,254,254,462,544,0.559364104981311
C0624,333,219,145,81,43,333,333,560,624,0.5948223009085255
C0625,130,102,103,103,58,130,130,316,435,0.45628692418827915
C0626,163,116,122,57,90,163,163,346,443,0.4802260108453955
C0627,39,80,60,30,39,39,39,144,180,0.4410205663772009
C0628,6,3,3,9,8,6,6,12,27,0.3668904759535445
C0629,74,62,85,49,53,74,74,185,246,0.519051487148963
C0630,225,237,230,243,273,225,225,568,822,0.4299522411843295
C0631,204,199,127,121,100,204,204,474,631,0.48714536066481134
C0632,140,90,87,72,93,140,140,264,377,0.5077095745724504
C0633,377,332,310,227,235,377,377,707,859,0.45278512422068223
C0634,674,473,398,308,295,674,674,1106,1300,0.5344442742769899
C0635,89,104,73,75,62,89,89,214,281,0.5601246837142245
C0636,233,198,187,119,97,233,233,431,506,0.5366812420595491
C0637,42,32,24,19,13,42,42,91,105,0.39554386485421
C0638,19,37,25,22,14,19,19,75,105,0.3132362510800131
C0639,0,0,1,0,0,0,0,1,1,0.25161636703815177
C0640,0,0,0,0,0,0,0,0,0,0.0
C0641,0,3,0,0,0,0,0,3,3,0.3768685938039848
C0642,265,400,307,224,126,265,265,755,941,0.566001385766127
C0643,9,7,15,4,7,9,9,28,37,0.46683412498525845
C0644,159,151,141,119,155,159,159,389,550,0.5098574691133088
C0645,45,59,55,58,30,45,45,147,208,0.28146834256728204
C0646,39,39,63,30,49,39,39,120,187,0.3594349282776334
C0647,158,139,87,127,102,158,158,297,421,0.34793194317515835
C0648,37,19,35,30,13,37,37,82,119,0.5193268890759996
C0649,0,0,0,0,0,0,0,0,0,0.0
C0650,119,58,62,51,63,119,119,193,251,0.4279468140205579
C0651,338,338,247,245,218,338,338,656,832,0.4766591135236566
C0652,7,2,12,1,3,7,7,21,25,0.33497924027795756
C0653,122,117,91,94,72,122,122,234,277,0.32677230994417017
C0654,16,17,4,8,5,16,16,37,50,0.1926321463717239
C0655,0,0,1,0,0,0,0,1,1,0.36962788259958074
C0656,148,84,91,62,33,148,148,278,326,0.5681104067418634
C0657,86,93,92,41,55,86,86,229,279,0.44648336589058124
C0658,6,3,1,0,0,6,6,10,10,0.8077667471652966
C0659,7,0,0,0,0,7,7,7,7,0.0
C0660,21,42,7,5,15,21,21,63,81,0.643473126441098
C0661,43,44,34,22,22,43,43,116,149,0.44201224896956043
C0662,92,99,90,86,100,92,92,251,374,0.3941398500649637
C0663,23,13,17,12,16,23,23,50,68,0.3896423406055859
C0664,28,22,16,23,21,28,28,64,101,0.3105129287326033
C0665,319,218,193,102,142,319,319,601,752,0.429516181950377
C0666,33,29,5,19,17,33,33,63,92,0.315810904325001
C0667,302,284,266,233,227,302,302,610,813,0.46413450982613014
C0668,11,16,42,12,0,11,11,64,76,0.41977326316325736
C0669,8,4,8,3,2,8,8,18,22,0.24449369139511715
C0670,167,140,128,119,129,167,167,345,469,0.5284517571173911
C0671,714,673,585,407,411,714,714,1411,1692,0.5543516737591719
C0672,522,363,294,221,164,522,522,761,854,0.5593623283631625
C0673,76,80,67,44,37,76,76,174,204,0.6310762975919648
C0674,161,153,60,96,89,161,161,331,454,0.2839494039408326
C0675,567,462,341,304,193,567,567,1009,1196,0.5272437097497233
C0676,412,422,299,314,270,412,412,858,1149,0.4860570525221328
C0677,157,172,123,142,140,157,157,388,559,0.44649866952063516
C0678,218,299,268,187,231,218,218,620,827,0.5030168149868384
C0679,36,34,24,22,24,36,36,91,127,0.3339270922347334
C0680,523,457,471,402,367,523,523,1058,1380,0.566201775949722
C0681,75,81,72,76,46,75,75,177,250,0.6443844275969116
C0682,11,9,11,25,35,11,11,27,79,0.6208779125041376
C0683,31,23,19,6,8,31,31,64,73,0.6095957920476444
C0684,439,328,233,133,133,439,439,694,766,0.6702295524804468
C0685,85,99,87,100,64,85,85,230,333,0.5647986554657255
C0686,278,195,134,133,135,278,278,491,613,0.4742372966491079
C0687,112,150,155,108,137,112,112,328,462,0.5451214743536986
C0688,148,153,144,115,145,148,148,365,511,0.42049373822229413
C0689,202,205,220,215,203,202,202,499,726,0.4714139197181827
C0690,9,4,6,5,1,9,9,18,21,0.1862834670319014
C0691,0,0,0,0,0,0,0,0,0,0.0
C0692,0,0,0,0,0,0,0,0,0,0.0
C0693,222,134,198,147,147,222,222,474,663,0.5376868558606528
C0694,237,191,146,99,112,237,237,456,540,0.4374316484830816
C0695,190,186,140,86,76,190,190,379,435,0.5294347969244679
C0696,171,112,125,93,61,171,171,335,416,0.6137388804790266
C0697,100,140,131,130,111,100,100,292,407,0.6340380547776306
C0698,22,23,17,9,22,22,22,59,83,0.30690085481942087
C0699,14,13,9,17,17,14,14,34,62,0.4025621567797682
C0700,450,369,323,327,296,450,450,834,1082,0.41809382623997676
C0701,3,0,0,0,2,3,3,3,5,0.0
C0702,0,0,0,0,0,0,0,0,0,0.0
C0703,3,4,10,7,1,3,3,15,22,0.4858945575976741
C0704,17,14,14,5,5,17,17,43,52,0.15144354979734795
C0705,17,15,18,13,8,17,17,38,53,0.4427262885545122
C0706,2,0,0,3,2,2,2,2,7,0.2375459879968759
C0707,37,54,27,29,16,37,37,100,135,0.5351885647078157
C0708,0,0,0,1,0,0,0,0,1,0.0
C0709,22,19,27,17,13,22,22,58,73,0.4151659255884463
C0710,56,43,38,30,19,56,56,104,123,0.4046077231022586
C0711,30,39,39,32,51,30,30,103,166,0.2590045467235164
C0712,517,433,304,299,299,517,517,987,1284,0.4566119213473419
C0713,186,140,112,100,96,186,186,364,482,0.48027328678245956
C0714,779,635,553,500,445,779,779,1209,1417,0.6421514539273558
C0715,261,201,180,148,115,261,261,528,665,0.5805992832999276
C0716,98,59,58,82,72,98,98,190,303,0.4577342120967259
C0717,30,11,22,12,13,30,30,57,79,0.4298540881787838
C0718,213,152,161,142,159,213,213,408,561,0.40599044979203813
C0719,107,128,204,87,124,107,107,413,569,0.38603962339383646
C0720,127,156,169,127,119,127,127,409,575,0.3657094355389844
C0721,13,14,0,1,5,13,13,27,32,0.21264371685062686
C0722,10,19,19,10,8,10,10,35,47,0.4298913309686283
C0723,530,499,411,423,328,530,530,991,1276,0.5643278105582973
C0724,130,129,124,78,81,130,130,358,470,0.5713549704958963
C0725,323,193,163,196,141,323,323,551,752,0.54152005239308
C0726,139,62,44,62,64,139,139,213,293,0.47461221476538035
C0727,887,710,596,508,468,887,887,1429,1674,0.6119511337179444
C0728,917,708,559,413,364,917,917,1357,1527,0.6699781863070269
C0729,102,47,29,43,28,102,102,165,223,0.48786958045134826
C0730,0,3,0,2,0,0,0,3,5,0.8706579269219006
C0731,14,2,10,21,8,14,14,26,47,0.23683794912519945
C0732,0,0,0,0,0,0,0,0,0,0.0
C0733,9,12,2,17,1,9,9,23,40,0.4140344668904166
C0734,1,0,0,0,2,1,1,1,3,0.35746189872931783
C0735,0,0,0,0,0,0,0,0,0,0.28890262751159196
C0736,74,81,57,71,62,74,74,170,254,0.36706660238557265
C0737,85,61,41,64,55,85,85,158,246,0.3445774159728146
C0738,39,11,14,18,17,39,39,62,88,0.2083202526647915
C0739,239,255,219,207,183,239,239,617,860,0.5396141181786287
C0740,25,27,46,32,21,25,25,91,132,0.5627034872345696
C0741,68,59,73,54,43,68,68,173,229,0.3754008648344757
C0742,129,196,181,220,165,129,129,402,581,0.6124674189690825
C0743,375,332,238,120,77,375,375,647,692,0.7537747700260121
C0744,831,679,638,627,609,831,831,1458,1858,0.608208643470832
C0745,141,125,114,57,92,141,141,277,335,0.5506777996231065
C0746,136,144,124,125,125,136,136,334,478,0.2964872144385222
C0747,728,398,223,186,162,728,728,1109,1273,0.45968765828435526
C0748,55,41,18,14,10,55,55,104,123,0.6179426192299919
C0749,0,0,0,0,0,0,0,0,0,0.0
C0750,327,253,169,158,140,327,327,648,837,0.5085195866837132
