doc_id,category_id,remaining_policy_documents,numeric_pass_after_removal,independent_policy_family_test
policy:cad1a32de27647d6987bf870,F0200,69,False,False
policy:72bd636c264a539ed91c254e,F0290,4,False,False
policy:76be01d3d0ba102c233a6b56,F0200,69,False,False
policy:60bf50f0436efd67a4117904,F0250,22,False,False
policy:13e455cae9711bbb2dc56a85,F0092,10,False,False
policy:016d28c43ed697abe836499b,F0200,69,False,False
policy:7d7c57a3218ec3715b820bcd,F0319,25,False,False
policy:6245fc33f2f700a051df8b06,F0263,7,False,False
policy:4ad1db219e20de8fbd3e0790,F0319,25,False,False
policy:16a4f075a5605f4b2c299cef,F0290,4,False,False
policy:8dfa2487a308fdc65770761f,F0200,69,False,False
policy:5cd391e1eb23fdc8e5ad6b3c,F0022,28,False,False
policy:0064f9122ee779eda36e045b,F0200,69,False,False
policy:823bf3ded105adba67361c67,F0200,69,False,False
policy:9acc49e103d664d1559f79e7,F0481,3,False,False
policy:6579e019dda388a2fd6413f2,F0263,7,False,False
policy:aa4e42a333bdd852a67c5dee,F0350,1,False,False
policy:34098c20abf6780b66d50c75,F0058,16,False,False
policy:7d9f0dd6193feafc6ab4ab8e,F0058,16,False,False
policy:7579a91fb2fded7347b0496e,F0200,69,False,False
policy:8731915d0910424d24af3d59,F0319,25,False,False
policy:b31f63b8bce62b7e2fb911e6,F0319,25,False,False
policy:a3537522cc7e05170ad29280,F0360,2,False,False
policy:d97e71ac4d43cd80542c0003,F0200,69,False,False
policy:066bee92c0e5ed12b8acc469,F0200,69,False,False
policy:487ddc97fa234b04333bf36d,F0200,69,False,False
policy:0cbf5ee1a28ab7968a8abb55,F0200,69,False,False
policy:8a89c6bbc838a6f28376ad8b,F0254,2,False,False
policy:ef5162df8827c67b207a6eae,F0200,69,False,False
policy:a14b321c0ac0281206e864d3,F0200,69,False,False
policy:51696cb51c7637a2bde357ee,F0190,6,False,False
policy:d79d86efcb4d071bdd38268c,F0319,25,False,False
policy:a87d278d035f0b020a838e00,F0252,5,False,False
policy:e73adbe27ae569bf5fb860f0,F0145,1,False,False
policy:5e2273e3033df33ff1fb6302,F0199,3,False,False
policy:4a6170aedb9b9aef53033149,F0058,16,False,False
policy:a989bb6a486faacc252fd43f,F0263,7,False,False
policy:08044de086bf7f47c21d6d0f,F0200,69,False,False
policy:bafe2937e43211ed427818b6,F0250,22,False,False
policy:983a8c3832672fefe3b4a55b,F0250,22,False,False
policy:48d7f08178817596dfdaac1d,F0277,10,True,False
policy:b4164bebd13887b2045b0dfc,F0263,7,False,False
policy:73415842940d19f159a38183,F0154,4,False,False
policy:b0c81d6c636c5a4c7af82cae,F0323,0,False,False
policy:4a167b8c5f4e79330c496e66,F0092,10,False,False
policy:098a1fc15002dab8ae089873,F0360,2,False,False
policy:e10c6c7a5cd52ec8570c3265,F0058,16,False,False
policy:9fd0d2d7c1434f3a3a0c8130,F0058,16,False,False
policy:3d838280a5b90c9c57a60936,F0073,3,True,False
policy:8052f3f44741e0fa8ba84005,F0200,69,False,False
policy:36e38c46cf21c4c1e4b97105,F0250,22,False,False
policy:d6fcae029890117a018c78ee,F0250,22,False,False
policy:adf3596db0f3ea0673228416,F0252,5,False,False
policy:7f3b31db2cdda4b4d3f5e93e,F0224,2,False,False
policy:813e651ef0f2af3fb39cd6b6,F0250,22,False,False
policy:f2ef3a49aa47ab5f85e4e07c,F0277,10,True,False
policy:8679c5aa754f9596157875da,F0058,16,False,False
policy:7bd992cc6028f98df961acf8,F0190,6,False,False
policy:64413ab3a9bdb94d23212077,F0166,5,False,False
policy:af440ca2d9938ab6c827a299,F0058,16,False,False
policy:825fe9dfa42f3439bce9d282,F0250,22,False,False
policy:cc5a62ca74c9382e4581b346,F0166,5,False,False
policy:af58f544a956444a879df58b,F0276,0,False,False
policy:6bebab52eda33c0ecb951164,F0166,5,False,False
policy:9e45b04a0f9f87cd8d3ec1f5,F0058,16,False,False
policy:4346cc32b9d814c146f6275f,F0166,5,False,False
policy:f57225ab89cd2b7e05014e5c,F0058,16,False,False
policy:1c7c94c81448ad03ef820755,F0023,0,False,False
policy:bbc91ee59f5aa753d66fea73,F0316,0,False,False
policy:f8f2dcc372a4dfc568c3b901,F0022,28,False,False
policy:641f0b4b0a161e982ad1b0b8,F0269,0,False,False
policy:dff789542fc3af39a5e70079,F0490,5,False,False
policy:b890d7d20af04d7739d852cc,F0277,10,True,False
policy:34f69a758f5b441e29c7b499,F0022,28,False,False
policy:c7501954665c73d58eb2bc4e,F0022,28,False,False
policy:16f9112e7b7a756f589f9eaa,F0022,28,False,False
policy:8a772534703adfd1cff37f60,F0319,25,False,False
policy:c5d9097d5d16276452001b8d,F0319,25,False,False
policy:c2a527ec3684b4cde6b88b3f,F0154,4,False,False
policy:e95b68d67c1cbdafd0dfc285,F0200,69,False,False
policy:9b023d4996261bd4cd672a7a,F0064,0,False,False
policy:2f6ad6b4ffb74ffeabb87dc0,F0319,25,False,False
policy:588f68dc7a984c53d4641a3c,F0058,16,False,False
policy:511748b820788b12ed8e2cb0,F0490,5,False,False
policy:2070703b46c4f527235ef606,F0490,5,False,False
policy:f49071d934b11c97c81f9298,F0319,25,False,False
policy:14f0b47e788742c5f2e7ab6f,F0319,25,False,False
policy:c77d840c2615b83a2d40230d,F0273,4,False,False
policy:b62cfb39936460b673950498,F0490,5,False,False
policy:a886a6cd17d90c922854997e,F0490,5,False,False
policy:d66ffaaa4dd5b974a407d059,F0290,4,False,False
policy:3168f9e9aef52820c94ffc51,F0164,1,False,False
policy:cffe63e57ae430276a84fa9e,F0022,28,False,False
policy:d8b1d67c06f2979c6ef7170f,F0273,4,False,False
policy:c1db110ce6ffb7f4337f201d,F0200,69,False,False
policy:3a0463647110814753a31775,F0200,69,False,False
policy:c262391ca3aef9000abf48e6,F0022,28,False,False
policy:257b5e74ae7ee78e95d9fbba,F0022,28,False,False
policy:d1cb7f250e36d4adc27eb7b1,F0022,28,False,False
policy:7d91279698c56973a18d9eee,F0022,28,False,False
policy:74ee5247f870adfe6144e4eb,F0022,28,False,False
policy:6a8d15c41739ac78e7f3dc80,F0360,2,False,False
policy:a227774c528df48753ddd9cb,F0022,28,False,False
policy:5565eaab9666665f67c64411,F0022,28,False,False
policy:765fc7f0a3ab9034dead5971,F0022,28,False,False
policy:4f7b7876ae55c1ba1def4c9a,F0200,69,False,False
policy:85d77f62009b53acfb32ddbd,F0022,28,False,False
policy:6778305a13c3f11c355209df,F0200,69,False,False
policy:02bc27199ef528e848c5fa17,F0319,25,False,False
policy:9517b58f6de5a1b489460bc1,F0200,69,False,False
policy:5ebbf0951069e6cdcf785f3a,F0319,25,False,False
policy:c2d95330e051cfc7dc5e659c,F0058,16,False,False
policy:ecf915de30048d630eb58edf,F0480,1,False,False
policy:645db2bb15aaaca3b7fa6fa9,F0058,16,False,False
policy:2b617661bc70898c0afc6bbd,F0209,4,False,False
policy:a08775488fc2eefec6f26476,F0058,16,False,False
policy:e007c649a69309a402be0399,F0058,16,False,False
policy:28d8a66b77678231db10ece0,F0273,4,False,False
policy:14bf3bc647654b566ec8629f,F0200,69,False,False
policy:043dfc224ff2b3c4a3a57532,F0250,22,False,False
policy:08f614edf4262b0b6873a0b1,F0319,25,False,False
policy:3145441d6212506d4542c4df,F0277,10,True,False
policy:4eb3a60030f6f9e70867f2ff,F0092,10,False,False
policy:e179a6791d7df202c95e7554,F0319,25,False,False
policy:9b2940bd7454394c71827a2c,F0200,69,False,False
policy:b31c919d8db13fba280df096,F0319,25,False,False
policy:d216132a9955a410d5fb4aca,F0190,6,False,False
policy:6faa617695e66e714e78bdc3,F0200,69,False,False
policy:4c6a4b54b03d145ccc74b326,F0200,69,False,False
policy:0d8a6e3c79bc057b8bd00e43,F0092,10,False,False
policy:cf171dc2afcd499e293a65e6,F0154,4,False,False
policy:1c1f8aa12d75ee21634d2597,F0319,25,False,False
policy:1441602ac65fc3d4fdd6c282,F0199,3,False,False
policy:51c56e6394db19b73695ee58,F0250,22,False,False
policy:19f6649ca26613b1c8bec851,F0250,22,False,False
policy:28825e9c1bb804c54ccc4be1,F0319,25,False,False
policy:4ba3588387a27b163f19c40b,F0058,16,False,False
policy:c114f8fb631df1cf7ef07ea1,F0250,22,False,False
policy:7416e6c112c3756bc0073c3c,F0200,69,False,False
policy:f9ead17447bef68123bd3078,F0092,10,False,False
policy:f5ed89487b47b6ae31d99122,F0200,69,False,False
policy:9059b84850f903e68b881fab,F0277,10,True,False
policy:c5b79156c98ec9218e91f920,F0200,69,False,False
policy:4717deebe9c09442a1221aa8,F0396,0,False,False
policy:85c4f6c327cd65a68fb27f00,F0190,6,False,False
policy:088e82bf95756054dba9b9c9,F0250,22,False,False
policy:1a136b69c2657fae6f70207e,F0250,22,False,False
policy:eb1a73d6f7e6f66ada4fa75a,F0200,69,False,False
policy:3e6d03885e025e36a4292141,F0200,69,False,False
policy:246675cf9ee70e142ae49d49,F0073,3,True,False
policy:89da76a0e9bcd0ee16e34bba,F0263,7,False,False
policy:78e0e50519f39eb352000bfa,F0250,22,False,False
policy:e6c773ad157ddd142c3557db,F0277,10,True,False
policy:8397e9e7795e7f38255597c1,F0092,10,False,False
policy:a0cf3127134682fe110bb255,F0277,10,True,False
policy:952139c03006e109eb2e3571,F0200,69,False,False
policy:b4db40c93cc05ef7b391e95f,F0022,28,False,False
policy:77760114955037ccd1a7337f,F0022,28,False,False
policy:9bf27053cf61f8aa66f5a8f8,F0201,2,False,False
policy:a550c26e4caa3932658a709c,F0200,69,False,False
policy:4b14228b334aa0317ffccee2,F0022,28,False,False
policy:75782284e3f3e46f678f0e5d,F0319,25,False,False
policy:caef5e83768f3dba9cc82c1a,F0200,69,False,False
policy:aabd4724f3ec10430000f8e1,F0092,10,False,False
policy:722974bd7c172cab4fea6739,F0200,69,False,False
policy:b9b7e0fda4fa6ce3f3104f17,F0092,10,False,False
policy:f2c2a8cf7aee685c7f0e50bf,F0319,25,False,False
policy:eff75361286e87e0da8c088e,F0200,69,False,False
policy:dbd7ea8dba3c7c548a008e1a,F0200,69,False,False
policy:752f0fa5591d4599c8b5a475,F0092,10,False,False
policy:56173940ade2dd07583a8556,F0092,10,False,False
policy:65e31976905db50902b827b2,F0200,69,False,False
policy:0c4609258d389f740e3c85d5,F0200,69,False,False
policy:dc89d75b8fcf21ec31139918,F0200,69,False,False
policy:1cdcf32a7e3def6f11d47dff,F0022,28,False,False
policy:fb7213a8f98e676b700ea08c,F0200,69,False,False
policy:795cd3fe01986ca41106fc24,F0200,69,False,False
policy:d25e28495ac7016f07798a6e,F0254,2,False,False
policy:bb51bc6b7c749a44524153b9,F0200,69,False,False
policy:99a4585a60257749aad85415,F0480,1,False,False
policy:64869033651dfc67484d7be3,F0022,28,False,False
policy:839fbc195f538549165672eb,F0200,69,False,False
policy:78208ddbd3fa7950b09622c8,F0250,22,False,False
policy:cbaeb763b4d77bbab44d98df,F0250,22,False,False
policy:0a74bda5857a163476638da2,F0388,1,False,False
policy:7c0d674a3769d8cf8e47f1d6,F0200,69,False,False
policy:a41393ac2b0514d9d6d80764,F0073,3,True,False
policy:558e6d61a71a6d804443dab5,F0200,69,False,False
policy:b6f34c9184ff13323dcd9c12,F0250,22,False,False
policy:23466eadf2563af04139efda,F0190,6,False,False
policy:61c058414f001c6d6dd5adfe,F0200,69,False,False
policy:814396b41ca400d599d76f1e,F0053,0,False,False
policy:8537fe58412322e359cc4cd0,F0154,4,False,False
policy:bcc247e77cdf435f5b93499f,F0190,6,False,False
policy:1432351bac763ac04af0faa0,F0481,3,False,False
policy:3682f8d9fa4134b49bdf9394,F0022,28,False,False
policy:75f85e117d45b0d90eb28337,F0058,16,False,False
policy:f2f3a82e966de9be9d11d1b2,F0166,5,False,False
policy:10eadd51074d4adada67cc8f,F0319,25,False,False
policy:820c30114ab1b25db3eec207,F0250,22,False,False
policy:91103dbd4267b8764548f3fe,F0022,28,False,False
policy:ad1972c124d39e94dc529a76,F0481,3,False,False
policy:ae66eaeb500d222358800dd2,F0022,28,False,False
policy:4215b44fbfec7dbb81cbdf98,F0250,22,False,False
policy:ebe8c8354108d6acfddb1db6,F0022,28,False,False
policy:a122383080a8ccaf9bde8760,F0250,22,False,False
policy:e8a5e9e44afd390e0c702818,F0022,28,False,False
policy:a9b0a18e82dd9f4494b5703a,F0022,28,False,False
policy:5b8688d399590ab0c49a0a96,F0022,28,False,False
policy:ba9c8c8886b2a238735a74c4,F0166,5,False,False
policy:bff7fc8ea3f15b46fa606b53,F0200,69,False,False
policy:9f2ab8cff3fff0b0b01d1b76,F0277,10,True,False
policy:1a31ceca4a8b794ff74a3132,F0319,25,False,False
policy:7755803ac0ff217c5d8f5252,F0200,69,False,False
policy:4d4fabc0ef251fa0467e883c,F0092,10,False,False
policy:b9a1260030baea96b5567eac,F0319,25,False,False
policy:bacd3af67d51b71f98e03f3d,F0319,25,False,False
policy:7be0a19d0fcb30b7952b5838,F0277,10,True,False
policy:a5aa524cfb95813c281e22f3,F0200,69,False,False
policy:f876b7a13667b118d17d6798,F0154,4,False,False
policy:1c4a2c439adfda3b5f8dc3fe,F0209,4,False,False
policy:1a330277963b6006d134b5aa,F0254,2,False,False
policy:43dd045aa4c5ce604361c8cc,F0199,3,False,False
policy:bf7a29ff97d24efba7a495e8,F0022,28,False,False
policy:94af98d70aeae55f8d48b924,F0022,28,False,False
policy:81d0422f533eeaf37f720f3c,F0209,4,False,False
policy:16ac96501a2b0ef2dc232fba,F0119,0,False,False
policy:25968d67102bfcec7a700d47,F0073,3,True,False
policy:fdc73d6ff4a34b325a46faac,F0209,4,False,False
policy:2a2d1bc6f5c96278014656cb,F0250,22,False,False
policy:f070d3303904d77a117f9455,F0199,3,False,False
policy:c3eb0b342a5559dcad6822f6,F0319,25,False,False
policy:29a1acc2f0ec560708d48f08,F0252,5,False,False
policy:0af5a7516bb385a884f6beff,F0252,5,False,False
policy:91801305c76f83d5f9f0065c,F0209,4,False,False
policy:41a17cbf020cf8b0666fc844,F0246,0,False,False
policy:fb899788d3015f660dcac2fc,F0263,7,False,False
policy:2258340bb80a9e365c382e19,F0200,69,False,False
policy:ca82955dd9b68117afb81b85,F0200,69,False,False
policy:517138cec65bc5a4f73c0f5f,F0249,1,False,False
policy:fa6abfcb95b0ef1c1d2cf9bd,F0005,1,False,False
policy:6a8a1e6a856d361fa5477ee0,F0200,69,False,False
policy:85bf6427987f37a48543ef3a,F0058,16,False,False
policy:9c71b5f09219514611de880d,F0277,10,True,False
policy:d4598570459a7c698add0b5d,F0200,69,False,False
policy:4d9cc8612bc609c5c323f04d,F0200,69,False,False
policy:230c2dc184879929bf6b5207,F0200,69,False,False
policy:61bbc239ce805d1ab55befb8,F0319,25,False,False
policy:457ce7ceb1edb76390877243,F0200,69,False,False
policy:6670e0450be3b31bbfc18740,F0249,1,False,False
policy:80daddce240d5394367b0260,F0200,69,False,False
policy:539a17d578cc81311588b932,F0200,69,False,False
policy:c532b87b758683c7ef8afd9b,F0200,69,False,False
policy:90b36831086b4a679854b120,F0277,10,True,False
policy:6d8f454f6392af39a9c1d615,F0190,6,False,False
policy:44a4d982d21134a220253626,F0350,1,False,False
policy:eb90699e5ac9e70ecd0cf4bb,F0200,69,False,False
policy:85fa59ca22d03fc7face49e5,F0005,1,False,False
policy:157e8b3b55e0ea98c8fd92ed,F0200,69,False,False
policy:b6f43429db1a919fd53248e8,F0252,5,False,False
policy:5ebfc7791cee7831db8b089a,F0250,22,False,False
policy:03b45320e9928519d41b4d85,F0482,0,False,False
policy:ed64accdd04f74d5a9e37d2d,F0141,0,False,False
policy:0caea780d20d0e49a44214c7,F0200,69,False,False
policy:f34d0efd50c71957b31b4216,F0200,69,False,False
policy:4eef021d2e19fc1144988c9f,F0224,2,False,False
policy:abd1d3edf409395233e6e089,F0200,69,False,False
policy:4efdcc8877dcbf4fb25ebfe4,F0200,69,False,False
policy:ce552f4f6c35ef9a60a51151,F0263,7,False,False
policy:53dcea06f2de5f2d39644ae7,F0200,69,False,False
policy:956fdd250b58393f96bca66b,F0200,69,False,False
policy:dd74ede321edb7d109912b52,F0145,1,False,False
policy:c978bb144c2868983967cac2,F0250,22,False,False
policy:f824f1e43610314eaaeb1049,F0388,1,False,False
policy:471807ddb23b399949ddd810,F0490,5,False,False
policy:42c08185184dae88822ab784,F0328,0,False,False
policy:1713d4bcd2289f701cd6abf2,F0224,2,False,False
policy:a87388a45f273361209ab786,F0319,25,False,False
policy:b437c33e6ea7fe79b4d54cb5,F0481,3,False,False
policy:e6da69d92df8c6cffe302c5e,F0201,2,False,False
policy:116d7489d4d1d1abc6839b62,F0263,7,False,False
policy:dda761e03f0fb640aa05a69d,F0290,4,False,False
policy:eb9a475442e06be42d489307,F0252,5,False,False
policy:adb952099fd3bd53b18558b8,F0273,4,False,False
policy:e00590e26a859d2ea944785f,F0273,4,False,False
policy:0ea3613b631624e26127b99a,F0290,4,False,False
policy:41270f6d176c99162cf4869b,F0164,1,False,False
policy:becd8c99a45a40575df799fc,F0201,2,False,False
policy:ec07274433e899a6ae9f1368,F0200,69,False,False
policy:783bfdb3c9f9ed45e8f41617,F0200,69,False,False
policy:610cea4dbd4165f13b94d58c,F0200,69,False,False
