category_id,papers,patents,policies,relative,numeric_candidate,semantic_approval
F0001,941,25,0,0.024274497506477304,False,False
F0002,296,219,0,0.6634989186013914,False,False
F0003,397,2,0,0.005636808336995531,False,False
F0004,208,72,0,0.3116465616533141,False,False
F0005,104,120,2,1.03347779265709,False,False
F0006,115,737,0,5.722824568112022,False,False
F0007,585,135,0,0.2074162548529466,False,False
F0008,199,484,0,2.1766132764141317,False,False
F0009,497,1103,0,1.987969169809159,False,False
F0010,151,118,0,0.7010292031782265,False,False
F0011,96,234,0,2.177940075119657,False,False
F0012,11,1,0,0.11690250333682038,False,False
F0013,858,7879,0,8.226000903116658,False,False
F0014,562,182,0,0.29078415274447617,False,False
F0015,13,5,0,0.3651399178298217,False,False
F0016,756,562,0,0.6664138078519998,False,False
F0017,339,483,0,1.276400872221022,False,False
F0018,224,1441,0,5.754779579629712,False,False
F0019,1422,34,0,0.021736880233805964,False,False
F0020,136,17,0,0.11490416994644737,False,False
F0021,471,3,0,0.006652987994778395,False,False
F0022,25,1,29,0.05272073679895821,False,False
F0023,230,585,1,2.2765980638977465,False,False
F0024,208,18,0,0.07952360538739739,False,False
F0025,740,218,0,0.2644580375958545,False,False
F0026,538,387,0,0.6449356613985836,False,False
F0027,477,16,0,0.030969982559388015,False,False
F0028,304,1248,0,3.6747825227897812,False,False
F0029,1969,5,0,0.0025028631077443986,False,False
F0030,39,8,0,0.19286446753036612,False,False
F0031,491,51,0,0.09391048843842913,False,False
F0032,352,10,0,0.02669688374074905,False,False
F0033,342,2218,0,5.805361249647619,False,False
F0034,193,125,0,0.5812903977290819,False,False
F0035,99,71,0,0.6440407595892835,False,False
F0036,810,6,0,0.007187713036748775,False,False
F0037,64,1211,0,16.83426255415417,False,False
F0038,373,340,0,0.8170655554505211,False,False
F0039,345,0,0,0.0012970369400612004,False,False
F0040,1007,0,0,0.0004447903352765705,False,False
F0041,574,174,0,0.2722298793979278,False,False
F0042,473,261,0,0.4949736756911694,False,False
F0043,777,12,0,0.014409204591355137,False,False
F0044,683,14,0,0.019013403980897143,False,False
F0045,487,0,0,0.0009192333595715791,False,False
F0046,885,4,0,0.0045546429871488455,False,False
F0047,193,18,0,0.08568822596006385,False,False
F0048,227,4320,0,17.02091884298146,False,False
F0049,556,7,0,0.012078875007847567,False,False
F0050,288,286,0,0.890039336496797,False,False
F0051,298,58,0,0.1756474798879864,False,False
F0052,342,12,0,0.032709946189134656,False,False
F0053,195,637,1,2.9225625834205093,False,False
F0054,12,127,0,9.141775760939353,False,False
F0055,9,3,0,0.33019829889873825,False,False
F0056,1069,1520,0,1.2741953858325117,False,False
F0057,599,7,0,0.011212500320045324,False,False
F0058,201,49,17,0.22017121596190242,False,False
F0059,548,6,0,0.010621041779917744,False,False
F0060,332,667,0,1.7992437919584308,False,False
F0061,246,447,0,1.6270710150023309,False,False
F0062,10,153,0,13.102358350179186,False,False
F0063,2,1045,0,374.8128061985135,False,False
F0064,646,0,1,0.0006931574057094273,False,False
F0065,224,250,0,1.0000501454715525,False,False
F0066,62,21,0,0.30831086880030756,False,False
F0067,1432,355,0,0.22242078383560485,False,False
F0068,112,0,0,0.0039833445581435095,False,False
F0069,199,83,0,0.3751232375244169,False,False
F0070,9,300,0,28.34988251973453,False,False
F0071,365,911,0,2.2351140275465307,False,False
F0072,640,34,0,0.04827589716251208,False,False
F0073,1917,12919,4,6.03866206219577,True,False
F0074,716,41,0,0.05191134656198886,False,False
F0075,664,300,0,0.4053030608539925,False,False
F0076,607,2638,0,3.892612820985796,False,False
F0077,1705,47,0,0.024961591888102465,False,False
F0078,744,168,0,0.20284560182755645,False,False
F0079,81,71,0,0.7862828905415179,False,False
F0080,426,15,0,0.032571897178254365,False,False
F0081,472,958,0,1.8181122661812161,False,False
F0082,32,4,0,0.12409650354216316,False,False
F0083,75,17,0,0.20774065162503397,False,False
F0084,914,75,0,0.0739935108599922,False,False
F0085,732,327,0,0.4007135865231397,False,False
F0086,107,1,0,0.012505849194171482,False,False
F0087,1710,5,0,0.0028818409182710275,False,False
F0088,283,165,0,0.52320914632758,False,False
F0089,315,39,0,0.1122091117606987,False,False
F0090,100,3,0,0.0312127745227663,False,False
F0091,436,3,0,0.007186446367784681,False,False
F0092,38,368,11,8.578417030573343,False,False
F0093,991,1,0,0.0013559039721365955,False,False
F0094,131,345,0,2.3547927573283727,False,False
F0095,817,1,0,0.0016445000469399807,False,False
F0096,620,26,0,0.03827669931979157,False,False
F0097,314,21,0,0.06127004546905953,False,False
F0098,1283,335,0,0.23427559200066855,False,False
F0099,455,1,0,0.0029514353202490327,False,False
F0100,54,0,0,0.008222500234699904,False,False
F0101,264,1,0,0.005082717536383495,False,False
F0102,529,2,0,0.0042315983266397045,False,False
F0103,869,22,0,0.023192273519955738,False,False
F0104,163,610,0,3.346557595522861,False,False
F0105,141,19,0,0.12351183214738265,False,False
F0106,814,17,0,0.01925649993577663,False,False
F0107,486,456,0,0.8409851550427856,False,False
F0108,37,0,0,0.011950033674430528,False,False
F0109,1620,1347,0,0.7452639791558995,False,False
F0110,1190,1165,0,0.8774315989635938,False,False
F0111,245,2583,0,9.431643176545194,False,False
F0112,579,21,0,0.03325181932703921,False,False
F0113,264,15,0,0.05252141454262945,False,False
F0114,161,357,0,1.9839645690134273,False,False
F0115,106,1681,0,14.150691284193613,False,False
F0116,347,27,0,0.07092645885903011,False,False
F0117,646,134,0,0.18645934213583595,False,False
F0118,1336,52,0,0.0352063281654098,False,False
F0119,306,0,1,0.0014620758981766552,False,False
F0120,274,51,0,0.16814938093802517,False,False
F0121,1682,31,0,0.016779764966325182,False,False
F0122,608,408,0,0.6016748672150621,False,False
F0123,138,98,0,0.6374070308292817,False,False
F0124,324,45,0,0.12566869002771702,False,False
F0125,119,91,0,0.6862519338140544,False,False
F0126,452,151,0,0.300071287570645,False,False
F0127,559,260,0,0.4172900498913073,False,False
F0128,448,14,0,0.028975834160408467,False,False
F0129,901,39,0,0.03927007738269599,False,False
F0130,1747,3,0,0.0017950694360732552,False,False
F0131,506,27,0,0.04866129210960111,False,False
F0132,1,26,0,15.833794618620447,False,False
F0133,383,21,0,0.05024623024776851,False,False
F0134,300,658,0,1.9640009587219223,False,False
F0135,1272,4942,0,3.4811222850219767,False,False
F0136,86,69,0,0.7201104107279668,False,False
F0137,14,572,0,35.38652213074902,False,False
F0138,568,1,0,0.002364782389399181,False,False
F0139,1962,16126,0,7.3647981420651165,False,False
F0140,221,51,0,0.20838377005637884,False,False
F0141,294,59,1,0.18107648649285646,False,False
F0142,2976,2,0,0.0007527738330104901,False,False
F0143,982,3,0,0.003192757088588309,False,False
F0144,763,39,0,0.04636800885461747,False,False
F0145,4,0,2,0.09958361395358772,False,False
F0146,234,2,0,0.009554930976357031,False,False
F0147,908,23,0,0.023183196864263955,False,False
F0148,506,523,0,0.9263340516136793,False,False
F0149,183,550,0,2.6887575767468688,False,False
F0150,114,3,0,0.027396365410812345,False,False
F0151,399,4,0,0.01009546023809838,False,False
F0152,114,0,0,0.003913766487258907,False,False
F0153,5,267,0,43.59046374422953,False,False
F0154,943,4,5,0.004274654335050665,False,False
F0155,44,396,0,7.985710705469164,False,False
F0156,167,53,0,0.2862657320516567,False,False
F0157,583,0,0,0.0007679970227783115,False,False
F0158,5,75,0,12.303102851175066,False,False
F0159,1810,105,0,0.05222570640647972,False,False
F0160,75,86,0,1.0268323637465966,False,False
F0161,204,24,0,0.10737499695240142,False,False
F0162,189,39,0,0.1868178087625353,False,False
F0163,259,430,0,1.4868466753879601,False,False
F0164,121,126,2,0.9331353455650998,False,False
F0165,176,2300,0,11.681750340521571,False,False
F0166,231,9,6,0.03677926130899244,False,False
F0167,170,5,0,0.028911371792977085,False,False
F0168,621,358,0,0.5169855678539836,False,False
F0169,1931,406,0,0.18862368710805114,False,False
F0170,528,0,0,0.0008479210270409552,False,False
F0171,519,119,0,0.20616395920516573,False,False
F0172,99,1022,0,9.210233240280314,False,False
F0173,60,228,0,3.3850198693479867,False,False
F0174,898,5,0,0.005486242504955584,False,False
F0175,14,1,0,0.09271577850851272,False,False
F0176,722,950,0,1.179083772409642,False,False
F0177,743,10,0,0.012657231363300658,False,False
F0178,344,1077,0,2.8032281460520085,False,False
F0179,525,0,0,0.0008527616799070309,False,False
F0180,431,1,0,0.0031155939475629997,False,False
F0181,4,13,0,2.6887575767468688,False,False
F0182,996,319,0,0.2873584364511204,False,False
F0183,100,1403,0,12.516322583629288,False,False
F0184,1018,405,0,0.3568290614861251,False,False
F0185,324,27,0,0.07595360386290588,False,False
F0186,329,32,0,0.08840123545197089,False,False
F0187,182,1282,0,6.29832254279061,False,False
F0188,96,14,0,0.13467006861081035,False,False
F0189,190,391,0,1.8419047966691149,False,False
F0190,1979,42,7,0.019242602847813744,False,False
F0191,545,3,0,0.00575047449961139,False,False
F0192,92,47,0,0.4602377834071217,False,False
F0193,790,18,0,0.020974916790983372,False,False
F0194,512,168,0,0.2946703425572991,False,False
F0195,409,195,0,0.42788124237200875,False,False
F0196,103,0,0,0.004329722345808162,False,False
F0197,107,0,0,0.004168616398057161,False,False
F0198,682,9,0,0.012475309879900002,False,False
F0199,1173,32,4,0.024821650687195915,False,False
F0200,9,0,70,0.04717118555696261,False,False
F0201,962,0,3,0.0004655857275752153,False,False
F0202,870,1511,0,1.5562156144946935,False,False
F0203,454,1976,0,3.8975646134508146,False,False
F0204,245,0,0,0.0018253615592307322,False,False
F0205,163,21,0,0.11785583669736528,False,False
F0206,556,319,0,0.5145600753343064,False,False
F0207,2,20,0,7.349270709774774,False,False
F0208,1581,379,0,0.21506660351468787,False,False
F0209,51,276,5,4.811918899485496,False,False
F0210,1391,51,0,0.03317068276499311,False,False
F0211,520,18,0,0.03185527708601797,False,False
F0212,216,1616,0,6.691880866530121,False,False
F0213,1134,0,0,0.00039499890946773444,False,False
F0214,581,27,0,0.04238511513931722,False,False
F0215,267,415,0,1.3921230817923038,False,False
F0216,302,12,0,0.037035228329846674,False,False
F0217,698,0,0,0.0006415551364225408,False,False
F0218,198,563,0,2.544273542396071,False,False
F0219,66,43,0,0.5862704490651067,False,False
F0220,55,2165,0,34.969997191863925,False,False
F0221,871,230,0,0.23704670929055394,False,False
F0222,274,93,0,0.3052809149069,False,False
F0223,0,2,0,4.481262627911448,False,False
F0224,987,93,3,0.08486036571336109,False,False
F0225,103,6,0,0.05628639049550611,False,False
F0226,851,759,0,0.7994172556426882,False,False
F0227,68,16,0,0.21588564484828873,False,False
F0228,581,148,0,0.228879621752313,False,False
F0229,278,237,0,0.7643087067353457,False,False
F0230,2152,2495,0,1.0390700012035323,False,False
F0231,641,265,0,0.37093537886531236,False,False
F0232,49,451,0,8.174909400008158,False,False
F0233,184,2451,0,11.908742907669282,False,False
F0234,471,88,0,0.16822555358225372,False,False
F0235,192,228,0,1.063863387509367,False,False
F0236,50,4,0,0.0798640864380258,False,False
F0237,234,387,0,1.4810143013353398,False,False
F0238,451,514,0,1.0213110175240043,False,False
F0239,43,1,0,0.03090525950283757,False,False
F0240,178,4,0,0.022594601485267804,False,False
F0241,584,475,0,0.7291156131982526,False,False
F0242,293,45,0,0.13894204399998017,False,False
F0243,1046,859,0,0.736100378153825,False,False
F0244,10,26570,0,2267.9883553318314,False,False
F0245,489,0,0,0.000915477554220929,False,False
F0246,873,2631,1,2.7000440996792157,False,False
F0247,113,0,0,0.003948249011375725,False,False
F0248,410,0,0,0.0010916595926702675,False,False
F0249,518,0,2,0.0008642743737534134,False,False
F0250,157,150,23,0.8564190800008544,False,False
F0251,387,205,0,0.47530295227654323,False,False
F0252,2005,7,6,0.0033517297142194825,False,False
F0253,1806,363,0,0.18034198342051605,False,False
F0254,0,0,3,0.8962525255822895,False,False
F0255,4,25,0,5.078764311632974,False,False
F0256,417,605,0,1.2998345011738355,False,False
F0257,485,1864,0,3.441941985475136,False,False
F0258,267,4,0,0.015077145290169356,False,False
F0259,704,117,0,0.149481436133313,False,False
F0260,465,4,0,0.008664095306380888,False,False
F0261,0,51,0,92.31401013497583,False,False
F0262,61,194,0,2.8344896947277287,False,False
F0263,14,1,8,0.09271577850851272,False,False
F0264,336,26,0,0.07058155104882816,False,False
F0265,184,393,0,1.9115196141822814,False,False
F0266,573,1560,0,2.438713280158959,False,False
F0267,320,85,0,0.23909388747983074,False,False
F0268,122,457,0,3.3472288200318157,False,False
F0269,1352,977,1,0.6477536737572555,False,False
F0270,1103,1418,0,1.1520926212401248,False,False
F0271,2520,1436,0,0.5107981563177778,False,False
F0272,66,0,0,0.006738740793851801,False,False
F0273,526,14,5,0.024683117988496102,False,False
F0274,240,0,0,0.0018633108639964438,False,False
F0275,540,0,0,0.0008290957683462438,False,False
F0276,27,0,1,0.016295500465132538,False,False
F0277,212,6379,11,26.906555232716315,True,False
F0278,179,616,0,3.0782154987269164,False,False
F0279,380,2,0,0.005888649970974307,False,False
F0280,182,3,0,0.017188404600208294,False,False
F0281,29,64,0,1.959602979662972,False,False
F0282,157,236,0,1.3458014114299142,False,False
F0283,445,19,0,0.03922990852717092,False,False
F0284,828,46,0,0.05030264627589193,False,False
F0285,109,10,0,0.08594202300104146,False,False
F0286,2151,36,0,0.015204841823729288,False,False
F0287,453,151,0,0.2994096088769942,False,False
F0288,256,1417,0,4.952974483481074,False,False
F0289,533,54,0,0.09155719333502302,False,False
F0290,304,286,5,0.8432720807202821,False,False
F0291,666,7,0,0.0100853622533641,False,False
F0292,79,261,0,2.9480507602486634,False,False
F0293,487,6253,0,11.496851628161739,False,False
F0294,155,11,0,0.06628234112023364,False,False
F0295,173,47,0,0.24537172890581413,False,False
F0296,244,296,0,1.0868665596529605,False,False
F0297,1142,5,0,0.004314563580483669,False,False
F0298,378,459,0,1.088052933963176,False,False
F0299,259,166,0,0.5750521984949951,False,False
F0300,989,9,0,0.00860474885601996,False,False
F0301,535,0,0,0.0008368370920469557,False,False
F0302,194,14,0,0.0668157409817131,False,False
F0303,286,271,0,0.8493283095832168,False,False
F0304,1211,297,0,0.22008677371913427,False,False
F0305,937,48,0,0.04636613065679044,False,False
F0306,551,9,0,0.01543862011429148,False,False
F0307,730,2,0,0.0030672571032932566,False,False
F0308,1478,166,0,0.10093070376019697,False,False
F0309,373,2,0,0.005999012888770345,False,False
F0310,150,246,0,1.4679484887444145,False,False
F0311,404,3490,0,7.733917034721833,False,False
F0312,654,298,0,0.4087568814152993,False,False
F0313,213,15,0,0.06506751356686412,False,False
F0314,35,328,0,8.293491680388229,False,False
F0315,313,741,0,2.1198444903325924,False,False
F0316,182,7171,1,35.21904102582679,False,False
F0317,165,1896,0,10.27034993816805,False,False
F0318,519,3363,0,5.80278223252364,False,False
F0319,1399,247,26,0.15850125050490652,False,False
F0320,364,122,0,0.3012096965262839,False,False
F0321,138,1040,0,6.733218432262615,False,False
F0322,178,3622,0,18.18865419564058,False,False
F0323,1889,72,1,0.03438915485827784,False,False
F0324,241,9,0,0.03525631053015218,False,False
F0325,155,5580,0,32.16422648882294,False,False
F0326,343,225,0,0.5883695619179222,False,False
F0327,1761,10,0,0.00534240790156914,False,False
F0328,23,2,1,0.09534601335981804,False,False
F0329,340,3,0,0.009212581026543359,False,False
F0330,649,2,0,0.0034497787743737085,False,False
F0331,373,20,0,0.04919190568791683,False,False
F0332,30,1,0,0.04407799306142408,False,False
F0333,372,69,0,0.1672202698737426,False,False
F0334,129,435,0,3.014038416147391,False,False
F0335,1194,2,0,0.0018757901330730211,False,False
F0336,959,31,0,0.029423610792956873,False,False
F0337,337,12,0,0.03319453798452924,False,False
F0338,390,6,0,0.014918415918783309,False,False
F0339,360,195,0,0.48603985784004883,False,False
F0340,429,46,0,0.09703316051123739,False,False
F0341,605,2901,0,4.294759212183341,False,False
F0342,416,58,0,0.12588420827506347,False,False
F0343,436,2572,0,5.282038080321741,False,False
F0344,336,989,0,2.6354884816156776,False,False
F0345,263,96,0,0.3282291032967398,False,False
F0346,1178,5,0,0.004182765286977168,False,False
F0347,625,3167,0,4.538576938100563,False,False
F0348,409,4,0,0.009848928852552633,False,False
F0349,298,477,0,1.4337037888292907,False,False
F0350,498,378,2,0.6805046758934736,False,False
F0351,1278,414,0,0.29057228928733597,False,False
F0352,196,21,0,0.09806325343521234,False,False
F0353,113,67,0,0.5330136165357229,False,False
F0354,141,21,0,0.13617971236762702,False,False
F0355,597,47,0,0.07125020077850838,False,False
F0356,470,12,0,0.023811172305586863,False,False
F0357,198,2,0,0.01128781518365604,False,False
F0358,273,138,0,0.45386096816507165,False,False
F0359,492,409,0,0.7452089527430408,False,False
F0360,2189,2,3,0.0010233529636701183,False,False
F0361,306,9,0,0.027779442065356447,False,False
F0362,288,561,0,1.7443528357520126,False,False
F0363,223,1250,0,5.014603057005159,False,False
F0364,611,194,0,0.2850713266161166,False,False
F0365,7,370,0,44.274874763765105,False,False
F0366,872,9,0,0.009758623487715473,False,False
F0367,744,100,0,0.1209850622176227,False,False
F0368,720,1,0,0.0018658969998243363,False,False
F0369,1853,0,0,0.00024177300393371718,False,False
F0370,1736,94,0,0.04877389212066016,False,False
F0371,112,6,0,0.05178347925586562,False,False
F0372,276,45,0,0.1474845928173388,False,False
F0373,415,2,0,0.0053926144740209965,False,False
F0374,378,65,0,0.1550978610981241,False,False
F0375,494,2,0,0.004531104780496913,False,False
F0376,384,14,0,0.03379885987241404,False,False
F0377,2516,301,0,0.10737935086948551,False,False
F0378,8,270,0,28.521918608236387,False,False
F0379,1327,3443,0,2.3248554213503683,False,False
F0380,491,673,0,1.228130368219068,False,False
F0381,286,0,0,0.0015641405333024251,False,False
F0382,504,19,0,0.034642069868889284,False,False
F0383,373,1,0,0.0035994077332622072,False,False
F0384,644,38,0,0.05353874667946958,False,False
F0385,559,535,0,0.8578073770318427,False,False
F0386,1830,3,0,0.0017136759571363088,False,False
F0387,331,15,0,0.0419062266863514,False,False
F0388,255,380,2,1.3347322347712764,True,False
F0389,522,45,0,0.07804687064879269,False,False
F0390,267,16,0,0.05528286606395431,False,False
F0391,244,240,0,0.8815899075768534,False,False
F0392,271,818,0,2.701962033845687,False,False
F0393,388,290,0,0.6701708074173878,False,False
F0394,51,28,0,0.4959844073610728,False,False
F0395,3,4,0,1.152324675748658,False,False
F0396,407,5,1,0.01209665985448489,False,False
F0397,349,0,0,0.0012821924543380393,False,False
F0398,1012,36,0,0.032309350304941795,False,False
F0399,993,0,0,0.000451058140705732,False,False
F0400,164,641,0,3.4951124325899015,False,False
F0401,468,1154,0,2.20858813401228,False,False
F0402,255,252,0,0.8857290125617538,False,False
F0403,304,5,0,0.016188469263391108,False,False
F0404,129,14,0,0.10035259938952278,False,False
F0405,805,172,0,0.19193489840216632,False,False
F0406,395,403,0,0.9143815273639794,False,False
F0407,438,0,0,0.0010219527087597371,False,False
F0408,699,10,0,0.013453397453343873,False,False
F0409,642,108,0,0.15135159381428548,False,False
F0410,378,184,0,0.43687870797868544,False,False
F0411,577,7,0,0.011639643189380385,False,False
F0412,196,1,0,0.006841622332689233,False,False
F0413,611,18,0,0.027114753431352993,False,False
F0414,276,24,0,0.07941478074779781,False,False
F0415,391,447,0,1.0244521205570232,False,False
F0416,0,2708,0,4854.999931079263,False,False
F0417,298,0,0,0.0015012605118631317,False,False
F0418,344,21,0,0.05593448272864796,False,False
F0419,367,25,0,0.06218895075468948,False,False
F0420,36,18,0,0.4542649787197905,False,False
F0421,582,624,0,0.9608750252809267,False,False
F0422,1170,352,0,0.2699094534538719,False,False
F0423,285,6524,0,20.481960081126612,False,False
F0424,518,1,0,0.00259282312126024,False,False
F0425,199,54,0,0.24484091550994874,False,False
F0426,181,7,0,0.037035228329846674,False,False
F0427,22,12,0,0.4979180697679386,False,False
F0428,321,89,0,0.24950109188060626,False,False
F0429,196,18,0,0.08438000876983387,False,False
F0430,163,3132,0,17.171321323464966,False,False
F0431,452,13,0,0.026739025625106983,False,False
F0432,659,2444,0,3.322045942055962,False,False
F0433,325,1,0,0.004130195970425297,False,False
F0434,590,0,0,0.0007588929090451224,False,False
F0435,173,837,0,4.326291009655144,False,False
F0436,223,3,0,0.014035274449834512,False,False
F0437,182,136,0,0.6703477794081234,False,False
F0438,353,141,0,0.35875454701525883,False,False
F0439,247,1,0,0.005431833488377512,False,False
F0440,341,147,0,0.38710760621782636,False,False
F0441,144,3,0,0.021708538681923968,False,False
F0442,1164,44,0,0.0342492377745057,False,False
F0443,468,50,0,0.09660779624739727,False,False
F0444,147,805,0,4.894450232925656,False,False
F0445,374,0,0,0.0011965988325531236,False,False
F0446,1073,510,0,0.4262104464925559,False,False
F0447,14,0,0,0.03090525950283757,False,False
F0448,598,599,0,0.8977500235364789,False,False
F0449,350,23,0,0.06009111084503225,False,False
F0450,200,1241,0,5.549613518755174,False,False
F0451,1633,1,0,0.0008230050739965927,False,False
F0452,164,1158,0,6.311906084419954,False,False
F0453,271,100,0,0.33176198460780887,False,False
F0454,405,79,0,0.1757141203052824,False,False
F0455,504,3,0,0.006217807412364744,False,False
F0456,606,49,0,0.07314839244241275,False,False
F0457,177,5,0,0.027771205018042776,False,False
F0458,225,24,0,0.09737555155993832,False,False
F0459,530,102,0,0.17316848986274208,False,False
F0460,110,1074,0,8.715143336997015,False,False
F0461,278,3,0,0.011263496730836674,False,False
F0462,843,73,0,0.07809669310053145,False,False
F0463,751,26,0,0.03160438047628832,False,False
F0464,427,563,0,1.1813761360599302,False,False
F0465,200,203,0,0.9096627878104535,False,False
F0466,180,16,0,0.08192890123051401,False,False
F0467,516,1,0,0.002602863094624268,False,False
F0468,275,46,0,0.15127311230336285,False,False
F0469,1618,403,0,0.22344015698020012,False,False
F0470,772,281,0,0.3265955805196304,False,False
F0471,270,308,0,1.0221586105069735,False,False
F0472,243,231,0,0.8520840232948667,False,False
F0473,456,174,0,0.34259817242959373,False,False
F0474,388,67,0,0.15571955077684568,False,False
F0475,11,657,0,51.242263962639605,False,False
F0476,374,674,0,1.6142118251141637,False,False
F0477,499,22,0,0.04037173538658961,False,False
F0478,207,1,0,0.006478933919871973,False,False
F0479,1113,669,0,0.5388783707924049,False,False
F0480,7,7651,2,914.3568265990518,False,False
F0481,1,1,4,0.8962525255822895,False,False
F0482,1066,2802,1,2.355131460801094,False,False
F0483,2921,661,0,0.2029337825338643,False,False
F0484,517,123,0,0.21388828388292322,False,False
F0485,832,170,0,0.18355682355769412,False,False
F0486,201,61,0,0.27354605619509087,False,False
F0487,382,1,0,0.003514715786597214,False,False
F0488,159,72,0,0.40738751162831344,False,False
F0489,215,3345,0,13.913748604805335,False,False
F0490,193,76,6,0.35433239383485865,False,False
F0491,364,1057,0,2.6002388087881236,False,False
F0492,218,53,0,0.21944855889543474,False,False
F0493,400,125,0,0.2808481696893317,False,False
F0494,20,1063,0,46.49583224179341,False,False
F0495,507,1415,0,2.4997939900723765,False,False
F0496,685,2,0,0.003268608773093689,False,False
F0497,589,85,0,0.1299908243210954,False,False
F0498,534,18,0,0.031020901259630224,False,False
F0499,469,257,0,0.4915548995472621,False,False
F0500,571,1386,0,2.174372925144085,False,False
