family,kind,scenario,spearman,top20_overlap,max_rank_shift,numeric_candidates,baseline_retained,candidate_jaccard,semantic_approvals
core,baseline,full_population,1.0,1.0,0.0,287,287,1.0,0
core,score_component_ablation,without_volume,0.9590076908401515,0.9,167.0,287,287,1.0,0
core,score_component_ablation,without_citation,0.9737871981628975,0.7,90.0,287,287,1.0,0
core,score_component_ablation,without_institutions,0.9971744413072604,0.9,40.0,287,287,1.0,0
core,score_component_ablation,without_persistence,0.9988954427069756,1.0,31.0,287,287,1.0,0
core,score_component_ablation,without_current,0.9966575767050723,0.9,39.0,287,287,1.0,0
core,gate_ablation,without_annual_volume,1.0,1.0,0.0,300,287,0.9566666666666667,0
core,gate_ablation,without_active_years,1.0,1.0,0.0,292,287,0.9828767123287672,0
core,gate_ablation,without_persistence,1.0,1.0,0.0,287,287,1.0,0
core,gate_ablation,without_current_volume,1.0,1.0,0.0,287,287,1.0,0
core,gate_ablation,without_current_share,1.0,1.0,0.0,379,287,0.7572559366754618,0
emerging,baseline,full_population,1.0,1.0,0.0,119,119,1.0,0
emerging,score_component_ablation,without_multiyear_growth,0.9944918777373015,1.0,63.0,119,119,1.0,0
emerging,score_component_ablation,without_recent_growth,0.9939696606946239,0.9,66.0,119,119,1.0,0
emerging,score_component_ablation,without_trend,0.9977077254555399,0.95,33.0,119,119,1.0,0
emerging,score_component_ablation,without_quarter_consistency,0.9971821711732437,1.0,43.0,119,119,1.0,0
emerging,score_component_ablation,without_institution_expansion,0.9994340774510853,1.0,18.0,119,119,1.0,0
emerging,gate_ablation,without_volume,1.0,1.0,0.0,119,119,1.0,0
emerging,gate_ablation,without_baseline,1.0,1.0,0.0,120,119,0.9916666666666667,0
emerging,gate_ablation,without_multiyear,1.0,1.0,0.0,126,119,0.9444444444444444,0
emerging,gate_ablation,without_recent_growth,1.0,1.0,0.0,125,119,0.952,0
emerging,gate_ablation,without_quarters,1.0,1.0,0.0,120,119,0.9916666666666667,0
emerging,gate_ablation,without_trend,1.0,1.0,0.0,119,119,1.0,0
emerging,gate_ablation,without_peak,1.0,1.0,0.0,128,119,0.9296875,0
emerging,gate_ablation,without_lower95,1.0,1.0,0.0,119,119,1.0,0
emerging,gate_ablation,without_qvalue,1.0,1.0,0.0,119,119,1.0,0
potential_association,baseline,full_population,0.9999999999999998,1.0,0.0,3,3,1.0,0
potential_association,score_component_ablation,without_patents,0.9639443610323508,0.85,114.0,3,3,1.0,0
potential_association,score_component_ablation,without_policies,0.9995525896519905,0.95,30.0,3,3,1.0,0
potential_association,score_component_ablation,without_relative_share,0.9595864950603122,0.75,142.0,3,3,1.0,0
potential_association,score_component_ablation,without_papers,0.960678365414943,0.4,89.0,3,3,1.0,0
potential_association,gate_ablation,without_papers,0.9999999999999998,1.0,0.0,6,3,0.5,0
potential_association,gate_ablation,without_patents,0.9999999999999998,1.0,0.0,3,3,1.0,0
potential_association,gate_ablation,without_policies,0.9999999999999998,1.0,0.0,87,3,0.034482758620689655,0
potential_association,gate_ablation,without_relative,0.9999999999999998,1.0,0.0,14,3,0.21428571428571427,0
core,threshold_one_at_time,annual_volume=200,1.0,1.0,0.0,298,287,0.9630872483221476,0
core,threshold_one_at_time,annual_volume=300,1.0,1.0,0.0,268,268,0.9337979094076655,0
core,threshold_one_at_time,current_volume=200,1.0,1.0,0.0,287,287,1.0,0
core,threshold_one_at_time,current_volume=300,1.0,1.0,0.0,284,284,0.9895470383275261,0
core,threshold_one_at_time,year_fraction=0.67,1.0,1.0,0.0,287,287,1.0,0
core,threshold_one_at_time,year_fraction=1.0,1.0,1.0,0.0,287,287,1.0,0
core,threshold_one_at_time,quarter_fraction=0.5,1.0,1.0,0.0,287,287,1.0,0
core,threshold_one_at_time,quarter_fraction=1.0,1.0,1.0,0.0,280,280,0.975609756097561,0
core,threshold_one_at_time,current_share=0.7,1.0,1.0,0.0,312,287,0.9198717948717948,0
core,threshold_one_at_time,current_share=0.9,1.0,1.0,0.0,261,261,0.9094076655052264,0
core,threshold_joint,counts_x0.8,0.9998387672389861,1.0,23.0,312,287,0.9198717948717948,0
core,threshold_joint,counts_x1.2,0.9997689269315182,1.0,22.0,261,261,0.9094076655052264,0
emerging,threshold_one_at_time,volume=80,1.0,1.0,0.0,119,119,1.0,0
emerging,threshold_one_at_time,volume=120,1.0,1.0,0.0,119,119,1.0,0
emerging,threshold_one_at_time,baseline=40,1.0,1.0,0.0,119,119,1.0,0
emerging,threshold_one_at_time,baseline=60,1.0,1.0,0.0,119,119,1.0,0
emerging,threshold_one_at_time,multiyear=1.15,1.0,1.0,0.0,126,119,0.9444444444444444,0
emerging,threshold_one_at_time,multiyear=1.35,1.0,1.0,0.0,108,108,0.907563025210084,0
emerging,threshold_one_at_time,recent_growth=1.05,1.0,1.0,0.0,125,119,0.952,0
emerging,threshold_one_at_time,recent_growth=1.25,1.0,1.0,0.0,115,115,0.9663865546218487,0
emerging,threshold_one_at_time,quarters=2,1.0,1.0,0.0,120,119,0.9916666666666667,0
emerging,threshold_one_at_time,quarters=4,1.0,1.0,0.0,107,107,0.8991596638655462,0
emerging,threshold_one_at_time,peak=1.0,1.0,1.0,0.0,122,119,0.9754098360655737,0
emerging,threshold_one_at_time,peak=1.15,1.0,1.0,0.0,109,109,0.9159663865546218,0
emerging,threshold_one_at_time,lower95=1.0,1.0,1.0,0.0,119,119,1.0,0
emerging,threshold_one_at_time,lower95=1.15,1.0,1.0,0.0,118,118,0.9915966386554622,0
emerging,threshold_one_at_time,qvalue=0.01,1.0,1.0,0.0,119,119,1.0,0
emerging,threshold_one_at_time,qvalue=0.1,1.0,1.0,0.0,119,119,1.0,0
emerging,threshold_one_at_time,trend=-0.01,1.0,1.0,0.0,119,119,1.0,0
emerging,threshold_one_at_time,trend=0.01,1.0,1.0,0.0,119,119,1.0,0
emerging,threshold_joint,counts_x0.8,1.0,1.0,0.0,119,119,1.0,0
emerging,threshold_joint,counts_x1.2,1.0,1.0,0.0,119,119,1.0,0
core,window,core_1y,0.9239930295987747,0.85,251.0,320,287,0.896875,0
core,window,core_5y,0.9889903555060253,0.9,95.0,267,267,0.9303135888501742,0
emerging,window,background_2y_omit_None,0.9934090666308036,0.95,61.0,120,118,0.9752066115702479,0
emerging,window,background_4y_omit_None,0.9978475022534905,0.95,32.0,117,117,0.9831932773109243,0
emerging,window,background_3y_omit_1,0.9907088603688224,0.9,83.0,115,115,0.9663865546218487,0
emerging,window,background_3y_omit_2,0.9993945492875821,1.0,25.0,118,118,0.9915966386554622,0
emerging,window,background_3y_omit_3,0.9934090666308036,0.95,61.0,120,118,0.9752066115702479,0
core,data_filter,baseline,1.0,1.0,0.0,287,287,1.0,0
emerging,data_filter,baseline,1.0,1.0,0.0,119,119,1.0,0
core,data_filter,exclude_title_only,0.9777811511270379,0.9,93.0,224,219,0.75,0
emerging,data_filter,exclude_title_only,0.9850493719447415,0.9,135.0,119,112,0.8888888888888888,0
core,data_filter,paper_margin_0025,0.991276151870299,0.9,81.0,257,254,0.8758620689655172,0
emerging,data_filter,paper_margin_0025,0.9927898156983757,0.9,76.0,119,114,0.9193548387096774,0
core,data_filter,paper_margin_005,0.9701435682114422,0.7,129.0,214,207,0.7040816326530612,0
emerging,data_filter,paper_margin_005,0.980373957249183,0.85,130.0,116,108,0.8503937007874016,0
core,data_filter,paper_margin_010,0.9033236889687378,0.55,218.0,114,109,0.3732876712328767,0
emerging,data_filter,paper_margin_010,0.9462381472760468,0.75,196.0,118,90,0.6122448979591837,0
potential_association,threshold_one_at_time,papers_x0.8,0.9999999999999998,1.0,0.0,3,3,1.0,0
potential_association,threshold_one_at_time,papers_x1.2,0.9999999999999998,1.0,0.0,3,3,1.0,0
potential_association,threshold_one_at_time,patents_x0.8,0.9999999999999998,1.0,0.0,3,3,1.0,0
potential_association,threshold_one_at_time,patents_x1.2,0.9999999999999998,1.0,0.0,3,3,1.0,0
potential_association,threshold_one_at_time,policies_x0.8,0.9999999999999998,1.0,0.0,3,3,1.0,0
potential_association,threshold_one_at_time,policies_x1.2,0.9999999999999998,1.0,0.0,2,2,0.6666666666666666,0
potential_association,threshold_one_at_time,relative_x0.8,0.9999999999999998,1.0,0.0,4,3,0.75,0
potential_association,threshold_one_at_time,relative_x1.2,0.9999999999999998,1.0,0.0,2,2,0.6666666666666666,0
potential_association,transfer_filter,cosine_-1.0_margin_0.0,0.9999999999999998,1.0,0.0,3,3,1.0,0
potential_association,transfer_filter,cosine_-1.0_margin_0.01,0.9426084301481371,0.85,199.0,1,1,0.3333333333333333,0
potential_association,transfer_filter,cosine_-1.0_margin_0.02,0.7775045008801319,0.7,338.0,0,0,0.0,0
potential_association,transfer_filter,cosine_-1.0_margin_0.05,0.046664126151397214,0.35,490.0,0,0,0.0,0
potential_association,transfer_filter,cosine_0.5_margin_0.0,0.9999997359986359,1.0,1.0,3,3,1.0,0
potential_association,transfer_filter,cosine_0.5_margin_0.01,0.9426084301481371,0.85,199.0,1,1,0.3333333333333333,0
potential_association,transfer_filter,cosine_0.5_margin_0.02,0.7775045008801319,0.7,338.0,0,0,0.0,0
potential_association,transfer_filter,cosine_0.5_margin_0.05,0.046664126151397214,0.35,490.0,0,0,0.0,0
potential_association,transfer_filter,cosine_0.6_margin_0.0,0.9996712462825906,1.0,48.0,2,2,0.6666666666666666,0
potential_association,transfer_filter,cosine_0.6_margin_0.01,0.9427121703558365,0.85,199.0,1,1,0.3333333333333333,0
potential_association,transfer_filter,cosine_0.6_margin_0.02,0.7781902851040048,0.7,338.0,0,0,0.0,0
potential_association,transfer_filter,cosine_0.6_margin_0.05,0.046664126151397214,0.35,490.0,0,0,0.0,0
potential_association,transfer_filter,cosine_0.7_margin_0.0,0.9539447781436502,0.75,183.0,0,0,0.0,0
potential_association,transfer_filter,cosine_0.7_margin_0.01,0.8916252239598433,0.7,231.0,0,0,0.0,0
potential_association,transfer_filter,cosine_0.7_margin_0.02,0.7401824910151582,0.65,338.0,0,0,0.0,0
potential_association,transfer_filter,cosine_0.7_margin_0.05,0.04123549622519394,0.35,490.0,0,0,0.0,0
potential_association,source_ablation,without_paper,0.988575556166594,0.65,56.0,0,0,0.0,0
potential_association,source_ablation,without_patent,-0.13345416357367895,0.05,491.0,0,0,0.0,0
potential_association,source_ablation,without_policy,0.9995525896519905,0.95,30.0,0,0,0.0,0
potential_association,aligned_window,2026-01-01_to_2026-03-31,0.9969880323377693,0.95,66.0,3,3,1.0,0
potential_association,aligned_window,2026-01-01_to_2026-05-31,0.9998052629546585,1.0,24.0,3,3,1.0,0
